ICDO32_Code,ICDO32_Term,Site_Specific,Site_Subset_Codes,Site_Subset_Labels,Subset_Site_Count,Code_Allowed_Site_Count,Code_Allowed_Sites_Summary,Code_Allowed_Site_Codes,Rationale,Source,Source_Name
8000/3,"Hepatoblastoma, hepatocellular neoplasm NOS subtype",Yes,C220,C220=Liver,1,314,Adrenal (3); Anus (4); Biliary (4); Bladder (10); Bone-limbs (6); Bone-other (7); Brain (10); Breast (9); CNS (8); Cervix (4); Colon (10); Endocrine (8); Esophagus (8); Eye (9); Female genital (8); GI tract (3); Gallbladder (1); Gum (3); Heart/mediastinum (5); Hypopharynx (5); Ill-defined (8); Kidney (1); Larynx (6); Lip (9); Liver (2); Lung (6); Lymph nodes (8); Male genital (6); Meninges (3); Mouth (9); Nasal/middle ear (2); Nasopharynx (6); Oropharynx (7); Ovary (1); Palate (5); Pancreas (8); Penis (5); Peripheral nerves (9); Peritoneum/retroperitoneum (4); Pharynx (3); Placenta (1); Prostate (1); Pyriform sinus (1); Rectosigmoid (1); Rectum (1); Renal pelvis (1); Respiratory (3); Salivary (5); Sinuses (6); Small intestine (6); Soft tissue (9); Stomach (9); Testis (3); Thymus (1); Thyroid (1); Tongue (8); Tonsil (4); Trachea (1); Unknown primary (1); Ureter (1); Urinary (4); Uterus (7); Vagina (1); Vulva (5),"C000, C001, C002, C003, C004, C005, C006, C008, C009, C019, C020, C021, C022, C023, C024, C028, C029, C030, C031, C039, C040, C041, C048, C049, C050, C051, C052, C058, C059, C060, C061, C062, C068, C069, C079, C080, C081, C088, C089, C090, C091, C098, C099, C100, C101, C102, C103, C104, C108, C109, C110, C111, C112, C113, C118, C119, C129, C130, C131, C132, C138, C139, C140, C142, C148, C150, C151, C152, C153, C154, C155, C158, C159, C160, C161, C162, C163, C164, C165, C166, C168, C169, C170, C171, C172, C173, C178, C179, C180, C181, C182, C183, C184, C185, C186, C187, C188, C189, C199, C209, C210, C211, C212, C218, C220, C221, C239, C240, C241, C248, C249, C250, C251, C252, C253, C254, C257, C258, C259, C260, C268, C269, C300, C301, C310, C311, C312, C313, C318, C319, C320, C321, C322, C323, C328, C329, C339, C340, C341, C342, C343, C348, C349, C379, C381, C382, C383, C384, C388, C390, C398, C399, C400, C401, C402, C403, C408, C409, C410, C411, C412, C413, C414, C418, C419, C470, C471, C472, C473, C474, C475, C476, C478, C479, C480, C481, C482, C488, C490, C491, C492, C493, C494, C495, C496, C498, C499, C500, C501, C502, C503, C504, C505, C506, C508, C509, C510, C511, C512, C518, C519, C529, C530, C531, C538, C539, C540, C541, C542, C543, C548, C549, C559, C569, C570, C571, C572, C573, C574, C577, C578, C579, C589, C600, C601, C602, C608, C609, C619, C620, C621, C629, C630, C631, C632, C637, C638, C639, C649, C659, C669, C670, C671, C672, C673, C674, C675, C676, C677, C678, C679, C680, C681, C688, C689, C690, C691, C692, C693, C694, C695, C696, C698, C699, C700, C701, C709, C710, C711, C712, C713, C714, C715, C716, C717, C718, C719, C720, C721, C722, C723, C724, C725, C728, C729, C739, C740, C741, C749, C750, C751, C752, C753, C754, C755, C758, C759, C760, C761, C762, C763, C764, C765, C767, C768, C770, C771, C772, C773, C774, C775, C778, C779, C809",Hepatoblastoma is a hepatocellular tumour classified in the WHO liver/intrahepatic bile duct chapter and arises in the liver parenchyma; it is anatomically restricted to the liver.,https://whobluebooks.iarc.who.int/structures/digestive-system-tumours/,"WHO Classification of Tumours 5th ed, Digestive System (IARC Blue Books online) - liver chapter"
8000/3,"Hepatocellular neoplasm, NOS",Yes,C220,C220=Liver,1,314,Adrenal (3); Anus (4); Biliary (4); Bladder (10); Bone-limbs (6); Bone-other (7); Brain (10); Breast (9); CNS (8); Cervix (4); Colon (10); Endocrine (8); Esophagus (8); Eye (9); Female genital (8); GI tract (3); Gallbladder (1); Gum (3); Heart/mediastinum (5); Hypopharynx (5); Ill-defined (8); Kidney (1); Larynx (6); Lip (9); Liver (2); Lung (6); Lymph nodes (8); Male genital (6); Meninges (3); Mouth (9); Nasal/middle ear (2); Nasopharynx (6); Oropharynx (7); Ovary (1); Palate (5); Pancreas (8); Penis (5); Peripheral nerves (9); Peritoneum/retroperitoneum (4); Pharynx (3); Placenta (1); Prostate (1); Pyriform sinus (1); Rectosigmoid (1); Rectum (1); Renal pelvis (1); Respiratory (3); Salivary (5); Sinuses (6); Small intestine (6); Soft tissue (9); Stomach (9); Testis (3); Thymus (1); Thyroid (1); Tongue (8); Tonsil (4); Trachea (1); Unknown primary (1); Ureter (1); Urinary (4); Uterus (7); Vagina (1); Vulva (5),"C000, C001, C002, C003, C004, C005, C006, C008, C009, C019, C020, C021, C022, C023, C024, C028, C029, C030, C031, C039, C040, C041, C048, C049, C050, C051, C052, C058, C059, C060, C061, C062, C068, C069, C079, C080, C081, C088, C089, C090, C091, C098, C099, C100, C101, C102, C103, C104, C108, C109, C110, C111, C112, C113, C118, C119, C129, C130, C131, C132, C138, C139, C140, C142, C148, C150, C151, C152, C153, C154, C155, C158, C159, C160, C161, C162, C163, C164, C165, C166, C168, C169, C170, C171, C172, C173, C178, C179, C180, C181, C182, C183, C184, C185, C186, C187, C188, C189, C199, C209, C210, C211, C212, C218, C220, C221, C239, C240, C241, C248, C249, C250, C251, C252, C253, C254, C257, C258, C259, C260, C268, C269, C300, C301, C310, C311, C312, C313, C318, C319, C320, C321, C322, C323, C328, C329, C339, C340, C341, C342, C343, C348, C349, C379, C381, C382, C383, C384, C388, C390, C398, C399, C400, C401, C402, C403, C408, C409, C410, C411, C412, C413, C414, C418, C419, C470, C471, C472, C473, C474, C475, C476, C478, C479, C480, C481, C482, C488, C490, C491, C492, C493, C494, C495, C496, C498, C499, C500, C501, C502, C503, C504, C505, C506, C508, C509, C510, C511, C512, C518, C519, C529, C530, C531, C538, C539, C540, C541, C542, C543, C548, C549, C559, C569, C570, C571, C572, C573, C574, C577, C578, C579, C589, C600, C601, C602, C608, C609, C619, C620, C621, C629, C630, C631, C632, C637, C638, C639, C649, C659, C669, C670, C671, C672, C673, C674, C675, C676, C677, C678, C679, C680, C681, C688, C689, C690, C691, C692, C693, C694, C695, C696, C698, C699, C700, C701, C709, C710, C711, C712, C713, C714, C715, C716, C717, C718, C719, C720, C721, C722, C723, C724, C725, C728, C729, C739, C740, C741, C749, C750, C751, C752, C753, C754, C755, C758, C759, C760, C761, C762, C763, C764, C765, C767, C768, C770, C771, C772, C773, C774, C775, C778, C779, C809","A hepatocellular neoplasm by definition shows hepatocytic differentiation and is a primary liver tumour, restricted to the liver.",https://whobluebooks.iarc.who.int/structures/digestive-system-tumours/,"WHO Classification of Tumours 5th ed, Digestive System (IARC Blue Books online) - liver chapter"
8020/3,Undifferentiated primary liver carcinoma,Yes,C220,C220=Liver,1,216,Adrenal (3); Anus (4); Biliary (4); Bladder (10); Cervix (4); Colon (10); Endocrine (5); Esophagus (8); Eye (9); Female genital (6); GI tract (3); Gallbladder (1); Gum (3); Hypopharynx (5); Ill-defined (8); Kidney (1); Larynx (6); Lip (9); Liver (2); Lung (6); Male genital (1); Mouth (9); Nasal/middle ear (1); Nasopharynx (6); Oropharynx (6); Ovary (1); Palate (5); Pancreas (8); Penis (5); Peritoneum/retroperitoneum (2); Pharynx (3); Prostate (1); Pyriform sinus (1); Rectosigmoid (1); Rectum (1); Renal pelvis (1); Respiratory (1); Salivary (5); Sinuses (6); Small intestine (6); Stomach (9); Thymus (1); Thyroid (1); Tongue (8); Tonsil (4); Trachea (1); Unknown primary (1); Ureter (1); Urinary (1); Uterus (6); Vagina (1); Vulva (5),"C000, C001, C002, C003, C004, C005, C006, C008, C009, C019, C020, C021, C022, C023, C024, C028, C029, C030, C031, C039, C040, C041, C048, C049, C050, C051, C052, C058, C059, C060, C061, C062, C068, C069, C079, C080, C081, C088, C089, C090, C091, C098, C099, C100, C101, C102, C103, C108, C109, C110, C111, C112, C113, C118, C119, C129, C130, C131, C132, C138, C139, C140, C142, C148, C150, C151, C152, C153, C154, C155, C158, C159, C160, C161, C162, C163, C164, C165, C166, C168, C169, C170, C171, C172, C173, C178, C179, C180, C181, C182, C183, C184, C185, C186, C187, C188, C189, C199, C209, C210, C211, C212, C218, C220, C221, C239, C240, C241, C248, C249, C250, C251, C252, C253, C254, C257, C258, C259, C260, C268, C269, C300, C310, C311, C312, C313, C318, C319, C320, C321, C322, C323, C328, C329, C339, C340, C341, C342, C343, C348, C349, C379, C390, C480, C488, C510, C511, C512, C518, C519, C529, C530, C531, C538, C539, C540, C541, C543, C548, C549, C559, C569, C571, C572, C573, C574, C577, C579, C600, C601, C602, C608, C609, C619, C632, C649, C659, C669, C670, C671, C672, C673, C674, C675, C676, C677, C678, C679, C680, C690, C691, C692, C693, C694, C695, C696, C698, C699, C739, C740, C741, C749, C750, C754, C755, C758, C759, C760, C761, C762, C763, C764, C765, C767, C768, C809",Undifferentiated primary liver carcinoma is a primary epithelial neoplasm of the liver (WHO liver chapter); by definition it arises in the liver.,https://pubmed.ncbi.nlm.nih.gov/40202295/,Szeto & Mannan. Other Primary Epithelial Neoplasms of the Liver. Adv Anat Pathol 2025 (PMID 40202295)
8077/2,"Anal intraepithelial neoplasia, grade 2",Yes,"C210, C211, C212, C218",C210=Anus NOS; C211=Anal canal; C212=Cloacogenic zone; C218=Anorectum-overlapping,4,66,Anus (4); Cervix (4); Esophagus (8); Female genital (1); Gum (3); Lip (9); Lung (6); Mouth (9); Palate (3); Penis (5); Respiratory (1); Tongue (6); Trachea (1); Vagina (1); Vulva (5),"C000, C001, C002, C003, C004, C005, C006, C008, C009, C020, C021, C022, C023, C028, C029, C030, C031, C039, C040, C041, C048, C049, C050, C058, C059, C060, C061, C062, C068, C069, C150, C151, C152, C153, C154, C155, C158, C159, C210, C211, C212, C218, C339, C340, C341, C342, C343, C348, C349, C390, C510, C511, C512, C518, C519, C529, C530, C531, C538, C539, C578, C600, C601, C602, C608, C609",Anal intraepithelial neoplasia is by definition a dysplastic lesion of the anal squamous mucosa; within this code's ceiling (esophagus + anus) it is restricted to the anal sites.,https://pmc.ncbi.nlm.nih.gov/articles/PMC6214808/,"Anal Intraepithelial Neoplasia (Clinics in Colon and Rectal Surgery, PMC6214808)"
8077/2,"Anal intraepithelial neoplasia, grade III",Yes,"C210, C211, C212, C218",C210=Anus NOS; C211=Anal canal; C212=Cloacogenic zone; C218=Anorectum-overlapping,4,66,Anus (4); Cervix (4); Esophagus (8); Female genital (1); Gum (3); Lip (9); Lung (6); Mouth (9); Palate (3); Penis (5); Respiratory (1); Tongue (6); Trachea (1); Vagina (1); Vulva (5),"C000, C001, C002, C003, C004, C005, C006, C008, C009, C020, C021, C022, C023, C028, C029, C030, C031, C039, C040, C041, C048, C049, C050, C058, C059, C060, C061, C062, C068, C069, C150, C151, C152, C153, C154, C155, C158, C159, C210, C211, C212, C218, C339, C340, C341, C342, C343, C348, C349, C390, C510, C511, C512, C518, C519, C529, C530, C531, C538, C539, C578, C600, C601, C602, C608, C609",Anal intraepithelial neoplasia is by definition a dysplastic lesion of the anal squamous mucosa; within this code's ceiling (esophagus + anus) it is restricted to the anal sites.,https://pmc.ncbi.nlm.nih.gov/articles/PMC6214808/,"Anal Intraepithelial Neoplasia (Clinics in Colon and Rectal Surgery, PMC6214808)"
8077/2,"Anal intraepithelial neoplasia, high-grade",Yes,"C210, C211, C212, C218",C210=Anus NOS; C211=Anal canal; C212=Cloacogenic zone; C218=Anorectum-overlapping,4,66,Anus (4); Cervix (4); Esophagus (8); Female genital (1); Gum (3); Lip (9); Lung (6); Mouth (9); Palate (3); Penis (5); Respiratory (1); Tongue (6); Trachea (1); Vagina (1); Vulva (5),"C000, C001, C002, C003, C004, C005, C006, C008, C009, C020, C021, C022, C023, C028, C029, C030, C031, C039, C040, C041, C048, C049, C050, C058, C059, C060, C061, C062, C068, C069, C150, C151, C152, C153, C154, C155, C158, C159, C210, C211, C212, C218, C339, C340, C341, C342, C343, C348, C349, C390, C510, C511, C512, C518, C519, C529, C530, C531, C538, C539, C578, C600, C601, C602, C608, C609",Anal intraepithelial neoplasia is by definition a dysplastic lesion of the anal squamous mucosa; within this code's ceiling (esophagus + anus) it is restricted to the anal sites.,https://pmc.ncbi.nlm.nih.gov/articles/PMC6214808/,"Anal Intraepithelial Neoplasia (Clinics in Colon and Rectal Surgery, PMC6214808)"
8077/2,"esophageal squamous dysplasia, high-grade",Yes,"C150, C151, C152, C153, C154, C155, C158, C159",C150=Esophagus-cervical; C151=Esophagus-thoracic; C152=Esophagus-abdominal; C153=Esophagus-upper third; C154=Esophagus-middle third; C155=Esophagus-lower third; C158=Esophagus-overlapping; C159=Esophagus NOS,8,66,Anus (4); Cervix (4); Esophagus (8); Female genital (1); Gum (3); Lip (9); Lung (6); Mouth (9); Palate (3); Penis (5); Respiratory (1); Tongue (6); Trachea (1); Vagina (1); Vulva (5),"C000, C001, C002, C003, C004, C005, C006, C008, C009, C020, C021, C022, C023, C028, C029, C030, C031, C039, C040, C041, C048, C049, C050, C058, C059, C060, C061, C062, C068, C069, C150, C151, C152, C153, C154, C155, C158, C159, C210, C211, C212, C218, C339, C340, C341, C342, C343, C348, C349, C390, C510, C511, C512, C518, C519, C529, C530, C531, C538, C539, C578, C600, C601, C602, C608, C609","Esophageal squamous dysplasia / high-grade squamous intraepithelial neoplasia is defined as the precursor of esophageal squamous cell carcinoma; the qualifier confines it to the esophagus, a proper subset of this code's esophagus+anus ceiling.",https://pmc.ncbi.nlm.nih.gov/articles/PMC4316110/,"Esophageal squamous intraepithelial neoplasia grading (WJG, PMC4316110)"
8077/2,"esophageal squamous intraepithelial neoplasia, high-grade",Yes,"C150, C151, C152, C153, C154, C155, C158, C159",C150=Esophagus-cervical; C151=Esophagus-thoracic; C152=Esophagus-abdominal; C153=Esophagus-upper third; C154=Esophagus-middle third; C155=Esophagus-lower third; C158=Esophagus-overlapping; C159=Esophagus NOS,8,66,Anus (4); Cervix (4); Esophagus (8); Female genital (1); Gum (3); Lip (9); Lung (6); Mouth (9); Palate (3); Penis (5); Respiratory (1); Tongue (6); Trachea (1); Vagina (1); Vulva (5),"C000, C001, C002, C003, C004, C005, C006, C008, C009, C020, C021, C022, C023, C028, C029, C030, C031, C039, C040, C041, C048, C049, C050, C058, C059, C060, C061, C062, C068, C069, C150, C151, C152, C153, C154, C155, C158, C159, C210, C211, C212, C218, C339, C340, C341, C342, C343, C348, C349, C390, C510, C511, C512, C518, C519, C529, C530, C531, C538, C539, C578, C600, C601, C602, C608, C609","Esophageal squamous dysplasia / high-grade squamous intraepithelial neoplasia is defined as the precursor of esophageal squamous cell carcinoma; the qualifier confines it to the esophagus, a proper subset of this code's esophagus+anus ceiling.",https://pmc.ncbi.nlm.nih.gov/articles/PMC4316110/,"Esophageal squamous intraepithelial neoplasia grading (WJG, PMC4316110)"
8140/2,"Oxyntic gland adenoma, high-grade",Yes,"C160, C161, C162, C163, C164, C165, C166, C168, C169",C160=Stomach-cardia; C161=Stomach-fundus; C162=Stomach-body; C163=Stomach-antrum; C164=Stomach-pylorus; C165=Stomach-lesser curv; C166=Stomach-greater curv; C168=Stomach-overlapping; C169=Stomach NOS,9,131,Adrenal (3); Anus (4); Biliary (4); Bladder (10); Cervix (4); Colon (10); Endocrine (7); Esophagus (8); Eye (9); GI tract (1); Gallbladder (1); Ill-defined (8); Liver (1); Lung (6); Male genital (1); Pancreas (8); Penis (5); Rectosigmoid (1); Rectum (1); Renal pelvis (1); Skin (10); Small intestine (6); Stomach (9); Thyroid (1); Unknown primary (1); Ureter (1); Urinary (1); Uterus (3); Vagina (1); Vulva (5),"C150, C151, C152, C153, C154, C155, C158, C159, C160, C161, C162, C163, C164, C165, C166, C168, C169, C170, C171, C172, C173, C178, C179, C180, C181, C182, C183, C184, C185, C186, C187, C188, C189, C199, C209, C210, C211, C212, C218, C221, C239, C240, C241, C248, C249, C250, C251, C252, C253, C254, C257, C258, C259, C260, C340, C341, C342, C343, C348, C349, C440, C441, C442, C443, C444, C445, C446, C447, C448, C449, C510, C511, C512, C518, C519, C529, C530, C531, C538, C539, C541, C549, C559, C600, C601, C602, C608, C609, C632, C659, C669, C670, C671, C672, C673, C674, C675, C676, C677, C678, C679, C680, C690, C691, C692, C693, C694, C695, C696, C698, C699, C739, C740, C741, C749, C750, C751, C752, C754, C755, C758, C759, C760, C761, C762, C763, C764, C765, C767, C768, C809",Oxyntic gland adenoma is a WHO gastric entity confined to the stomach (predominantly upper stomach).,https://pmc.ncbi.nlm.nih.gov/articles/PMC11471317/,Kim GH et al. Oxyntic Gland Neoplasms. J Gastric Cancer 2024 (PMC11471317)
8140/2,"Oxyntic gland polyp, high-grade",Yes,"C160, C161, C162, C163, C164, C165, C166, C168, C169",C160=Stomach-cardia; C161=Stomach-fundus; C162=Stomach-body; C163=Stomach-antrum; C164=Stomach-pylorus; C165=Stomach-lesser curv; C166=Stomach-greater curv; C168=Stomach-overlapping; C169=Stomach NOS,9,131,Adrenal (3); Anus (4); Biliary (4); Bladder (10); Cervix (4); Colon (10); Endocrine (7); Esophagus (8); Eye (9); GI tract (1); Gallbladder (1); Ill-defined (8); Liver (1); Lung (6); Male genital (1); Pancreas (8); Penis (5); Rectosigmoid (1); Rectum (1); Renal pelvis (1); Skin (10); Small intestine (6); Stomach (9); Thyroid (1); Unknown primary (1); Ureter (1); Urinary (1); Uterus (3); Vagina (1); Vulva (5),"C150, C151, C152, C153, C154, C155, C158, C159, C160, C161, C162, C163, C164, C165, C166, C168, C169, C170, C171, C172, C173, C178, C179, C180, C181, C182, C183, C184, C185, C186, C187, C188, C189, C199, C209, C210, C211, C212, C218, C221, C239, C240, C241, C248, C249, C250, C251, C252, C253, C254, C257, C258, C259, C260, C340, C341, C342, C343, C348, C349, C440, C441, C442, C443, C444, C445, C446, C447, C448, C449, C510, C511, C512, C518, C519, C529, C530, C531, C538, C539, C541, C549, C559, C600, C601, C602, C608, C609, C632, C659, C669, C670, C671, C672, C673, C674, C675, C676, C677, C678, C679, C680, C690, C691, C692, C693, C694, C695, C696, C698, C699, C739, C740, C741, C749, C750, C751, C752, C754, C755, C758, C759, C760, C761, C762, C763, C764, C765, C767, C768, C809","An oxyntic gland (fundic-gland-differentiated) polyp/neoplasm is a gastric lesion of the oxyntic mucosa, confined to the stomach.",https://pmc.ncbi.nlm.nih.gov/articles/PMC11471317/,Kim GH et al. Oxyntic Gland Neoplasms. J Gastric Cancer 2024 (PMC11471317)
8140/2,"Pyloric gland adenoma, high-grade",Yes,"C150, C151, C152, C153, C154, C155, C158, C159, C160, C161, C162, C163, C164, C165, C166, C168, C169, C170, C171, C172, C173, C178, C179, C180, C181, C182, C183, C184, C185, C186, C187, C188, C189, C199, C209, C210, C211, C212, C218, C221, C239, C240, C241, C248, C249, C250, C251, C252, C253, C254, C257, C258, C259, C260",C150=Esophagus-cervical; C151=Esophagus-thoracic; C152=Esophagus-abdominal; C153=Esophagus-upper third; C154=Esophagus-middle third; C155=Esophagus-lower third; C158=Esophagus-overlapping; C159=Esophagus NOS; C160=Stomach-cardia; C161=Stomach-fundus; C162=Stomach-body; C163=Stomach-antrum; C164=Stomach-pylorus; C165=Stomach-lesser curv; C166=Stomach-greater curv; C168=Stomach-overlapping; C169=Stomach NOS; C170=Duodenum; C171=Jejunum; C172=Ileum; C173=Meckel diverticulum; C178=Small intestine-overlapping; C179=Small intestine NOS; C180=Cecum; C181=Appendix; C182=Ascending colon; C183=Hepatic flexure; C184=Transverse colon; C185=Splenic flexure; C186=Descending colon; C187=Sigmoid colon; C188=Colon-overlapping; C189=Colon NOS; C199=Rectosigmoid junction; C209=Rectum NOS; C210=Anus NOS; C211=Anal canal; C212=Cloacogenic zone; C218=Anorectum-overlapping; C221=Intrahepatic bile duct; C239=Gallbladder; C240=Extrahepatic bile duct; C241=Ampulla of Vater; C248=Biliary-overlapping; C249=Biliary NOS; C250=Pancreas-head; C251=Pancreas-body; C252=Pancreas-tail; C253=Pancreas-duct; C254=Islets of Langerhans; C257=Pancreas-other; C258=Pancreas-overlapping; C259=Pancreas NOS; C260=Intestinal tract NOS,54,131,Adrenal (3); Anus (4); Biliary (4); Bladder (10); Cervix (4); Colon (10); Endocrine (7); Esophagus (8); Eye (9); GI tract (1); Gallbladder (1); Ill-defined (8); Liver (1); Lung (6); Male genital (1); Pancreas (8); Penis (5); Rectosigmoid (1); Rectum (1); Renal pelvis (1); Skin (10); Small intestine (6); Stomach (9); Thyroid (1); Unknown primary (1); Ureter (1); Urinary (1); Uterus (3); Vagina (1); Vulva (5),"C150, C151, C152, C153, C154, C155, C158, C159, C160, C161, C162, C163, C164, C165, C166, C168, C169, C170, C171, C172, C173, C178, C179, C180, C181, C182, C183, C184, C185, C186, C187, C188, C189, C199, C209, C210, C211, C212, C218, C221, C239, C240, C241, C248, C249, C250, C251, C252, C253, C254, C257, C258, C259, C260, C340, C341, C342, C343, C348, C349, C440, C441, C442, C443, C444, C445, C446, C447, C448, C449, C510, C511, C512, C518, C519, C529, C530, C531, C538, C539, C541, C549, C559, C600, C601, C602, C608, C609, C632, C659, C669, C670, C671, C672, C673, C674, C675, C676, C677, C678, C679, C680, C690, C691, C692, C693, C694, C695, C696, C698, C699, C739, C740, C741, C749, C750, C751, C752, C754, C755, C758, C759, C760, C761, C762, C763, C764, C765, C767, C768, C809","Pyloric gland adenoma and its variants arise only in the GI/pancreatobiliary tract (stomach, duodenum, gallbladder, bile duct, pancreas, rectum, Barrett esophagus); the code's 131-site ceiling also includes many non-GI organs (lung, breast, skin, prostate, urinary tract), so usage is a strict GI subset.",https://onlinelibrary.wiley.com/doi/10.1155/2018/9287843,Case Reports in Pathology (Hindawi/Wiley)
8140/2,"Pyloric gland intracystic papillary neoplasm, high-grade",Yes,"C150, C151, C152, C153, C154, C155, C158, C159, C160, C161, C162, C163, C164, C165, C166, C168, C169, C170, C171, C172, C173, C178, C179, C180, C181, C182, C183, C184, C185, C186, C187, C188, C189, C199, C209, C210, C211, C212, C218, C221, C239, C240, C241, C248, C249, C250, C251, C252, C253, C254, C257, C258, C259, C260",C150=Esophagus-cervical; C151=Esophagus-thoracic; C152=Esophagus-abdominal; C153=Esophagus-upper third; C154=Esophagus-middle third; C155=Esophagus-lower third; C158=Esophagus-overlapping; C159=Esophagus NOS; C160=Stomach-cardia; C161=Stomach-fundus; C162=Stomach-body; C163=Stomach-antrum; C164=Stomach-pylorus; C165=Stomach-lesser curv; C166=Stomach-greater curv; C168=Stomach-overlapping; C169=Stomach NOS; C170=Duodenum; C171=Jejunum; C172=Ileum; C173=Meckel diverticulum; C178=Small intestine-overlapping; C179=Small intestine NOS; C180=Cecum; C181=Appendix; C182=Ascending colon; C183=Hepatic flexure; C184=Transverse colon; C185=Splenic flexure; C186=Descending colon; C187=Sigmoid colon; C188=Colon-overlapping; C189=Colon NOS; C199=Rectosigmoid junction; C209=Rectum NOS; C210=Anus NOS; C211=Anal canal; C212=Cloacogenic zone; C218=Anorectum-overlapping; C221=Intrahepatic bile duct; C239=Gallbladder; C240=Extrahepatic bile duct; C241=Ampulla of Vater; C248=Biliary-overlapping; C249=Biliary NOS; C250=Pancreas-head; C251=Pancreas-body; C252=Pancreas-tail; C253=Pancreas-duct; C254=Islets of Langerhans; C257=Pancreas-other; C258=Pancreas-overlapping; C259=Pancreas NOS; C260=Intestinal tract NOS,54,131,Adrenal (3); Anus (4); Biliary (4); Bladder (10); Cervix (4); Colon (10); Endocrine (7); Esophagus (8); Eye (9); GI tract (1); Gallbladder (1); Ill-defined (8); Liver (1); Lung (6); Male genital (1); Pancreas (8); Penis (5); Rectosigmoid (1); Rectum (1); Renal pelvis (1); Skin (10); Small intestine (6); Stomach (9); Thyroid (1); Unknown primary (1); Ureter (1); Urinary (1); Uterus (3); Vagina (1); Vulva (5),"C150, C151, C152, C153, C154, C155, C158, C159, C160, C161, C162, C163, C164, C165, C166, C168, C169, C170, C171, C172, C173, C178, C179, C180, C181, C182, C183, C184, C185, C186, C187, C188, C189, C199, C209, C210, C211, C212, C218, C221, C239, C240, C241, C248, C249, C250, C251, C252, C253, C254, C257, C258, C259, C260, C340, C341, C342, C343, C348, C349, C440, C441, C442, C443, C444, C445, C446, C447, C448, C449, C510, C511, C512, C518, C519, C529, C530, C531, C538, C539, C541, C549, C559, C600, C601, C602, C608, C609, C632, C659, C669, C670, C671, C672, C673, C674, C675, C676, C677, C678, C679, C680, C690, C691, C692, C693, C694, C695, C696, C698, C699, C739, C740, C741, C749, C750, C751, C752, C754, C755, C758, C759, C760, C761, C762, C763, C764, C765, C767, C768, C809","Pyloric gland adenoma and its variants arise only in the GI/pancreatobiliary tract (stomach, duodenum, gallbladder, bile duct, pancreas, rectum, Barrett esophagus); the code's 131-site ceiling also includes many non-GI organs (lung, breast, skin, prostate, urinary tract), so usage is a strict GI subset.",https://onlinelibrary.wiley.com/doi/10.1155/2018/9287843,Case Reports in Pathology (Hindawi/Wiley)
8140/2,"Pyloric gland tubular adenoma, high-grade",Yes,"C150, C151, C152, C153, C154, C155, C158, C159, C160, C161, C162, C163, C164, C165, C166, C168, C169, C170, C171, C172, C173, C178, C179, C180, C181, C182, C183, C184, C185, C186, C187, C188, C189, C199, C209, C210, C211, C212, C218, C221, C239, C240, C241, C248, C249, C250, C251, C252, C253, C254, C257, C258, C259, C260",C150=Esophagus-cervical; C151=Esophagus-thoracic; C152=Esophagus-abdominal; C153=Esophagus-upper third; C154=Esophagus-middle third; C155=Esophagus-lower third; C158=Esophagus-overlapping; C159=Esophagus NOS; C160=Stomach-cardia; C161=Stomach-fundus; C162=Stomach-body; C163=Stomach-antrum; C164=Stomach-pylorus; C165=Stomach-lesser curv; C166=Stomach-greater curv; C168=Stomach-overlapping; C169=Stomach NOS; C170=Duodenum; C171=Jejunum; C172=Ileum; C173=Meckel diverticulum; C178=Small intestine-overlapping; C179=Small intestine NOS; C180=Cecum; C181=Appendix; C182=Ascending colon; C183=Hepatic flexure; C184=Transverse colon; C185=Splenic flexure; C186=Descending colon; C187=Sigmoid colon; C188=Colon-overlapping; C189=Colon NOS; C199=Rectosigmoid junction; C209=Rectum NOS; C210=Anus NOS; C211=Anal canal; C212=Cloacogenic zone; C218=Anorectum-overlapping; C221=Intrahepatic bile duct; C239=Gallbladder; C240=Extrahepatic bile duct; C241=Ampulla of Vater; C248=Biliary-overlapping; C249=Biliary NOS; C250=Pancreas-head; C251=Pancreas-body; C252=Pancreas-tail; C253=Pancreas-duct; C254=Islets of Langerhans; C257=Pancreas-other; C258=Pancreas-overlapping; C259=Pancreas NOS; C260=Intestinal tract NOS,54,131,Adrenal (3); Anus (4); Biliary (4); Bladder (10); Cervix (4); Colon (10); Endocrine (7); Esophagus (8); Eye (9); GI tract (1); Gallbladder (1); Ill-defined (8); Liver (1); Lung (6); Male genital (1); Pancreas (8); Penis (5); Rectosigmoid (1); Rectum (1); Renal pelvis (1); Skin (10); Small intestine (6); Stomach (9); Thyroid (1); Unknown primary (1); Ureter (1); Urinary (1); Uterus (3); Vagina (1); Vulva (5),"C150, C151, C152, C153, C154, C155, C158, C159, C160, C161, C162, C163, C164, C165, C166, C168, C169, C170, C171, C172, C173, C178, C179, C180, C181, C182, C183, C184, C185, C186, C187, C188, C189, C199, C209, C210, C211, C212, C218, C221, C239, C240, C241, C248, C249, C250, C251, C252, C253, C254, C257, C258, C259, C260, C340, C341, C342, C343, C348, C349, C440, C441, C442, C443, C444, C445, C446, C447, C448, C449, C510, C511, C512, C518, C519, C529, C530, C531, C538, C539, C541, C549, C559, C600, C601, C602, C608, C609, C632, C659, C669, C670, C671, C672, C673, C674, C675, C676, C677, C678, C679, C680, C690, C691, C692, C693, C694, C695, C696, C698, C699, C739, C740, C741, C749, C750, C751, C752, C754, C755, C758, C759, C760, C761, C762, C763, C764, C765, C767, C768, C809","Pyloric gland adenoma and its variants arise only in the GI/pancreatobiliary tract (stomach, duodenum, gallbladder, bile duct, pancreas, rectum, Barrett esophagus); the code's 131-site ceiling also includes many non-GI organs (lung, breast, skin, prostate, urinary tract), so usage is a strict GI subset.",https://onlinelibrary.wiley.com/doi/10.1155/2018/9287843,Case Reports in Pathology (Hindawi/Wiley)
8140/2,"Pyloric gland-type adenoma, high-grade",Yes,"C150, C151, C152, C153, C154, C155, C158, C159, C160, C161, C162, C163, C164, C165, C166, C168, C169, C170, C171, C172, C173, C178, C179, C180, C181, C182, C183, C184, C185, C186, C187, C188, C189, C199, C209, C210, C211, C212, C218, C221, C239, C240, C241, C248, C249, C250, C251, C252, C253, C254, C257, C258, C259, C260",C150=Esophagus-cervical; C151=Esophagus-thoracic; C152=Esophagus-abdominal; C153=Esophagus-upper third; C154=Esophagus-middle third; C155=Esophagus-lower third; C158=Esophagus-overlapping; C159=Esophagus NOS; C160=Stomach-cardia; C161=Stomach-fundus; C162=Stomach-body; C163=Stomach-antrum; C164=Stomach-pylorus; C165=Stomach-lesser curv; C166=Stomach-greater curv; C168=Stomach-overlapping; C169=Stomach NOS; C170=Duodenum; C171=Jejunum; C172=Ileum; C173=Meckel diverticulum; C178=Small intestine-overlapping; C179=Small intestine NOS; C180=Cecum; C181=Appendix; C182=Ascending colon; C183=Hepatic flexure; C184=Transverse colon; C185=Splenic flexure; C186=Descending colon; C187=Sigmoid colon; C188=Colon-overlapping; C189=Colon NOS; C199=Rectosigmoid junction; C209=Rectum NOS; C210=Anus NOS; C211=Anal canal; C212=Cloacogenic zone; C218=Anorectum-overlapping; C221=Intrahepatic bile duct; C239=Gallbladder; C240=Extrahepatic bile duct; C241=Ampulla of Vater; C248=Biliary-overlapping; C249=Biliary NOS; C250=Pancreas-head; C251=Pancreas-body; C252=Pancreas-tail; C253=Pancreas-duct; C254=Islets of Langerhans; C257=Pancreas-other; C258=Pancreas-overlapping; C259=Pancreas NOS; C260=Intestinal tract NOS,54,131,Adrenal (3); Anus (4); Biliary (4); Bladder (10); Cervix (4); Colon (10); Endocrine (7); Esophagus (8); Eye (9); GI tract (1); Gallbladder (1); Ill-defined (8); Liver (1); Lung (6); Male genital (1); Pancreas (8); Penis (5); Rectosigmoid (1); Rectum (1); Renal pelvis (1); Skin (10); Small intestine (6); Stomach (9); Thyroid (1); Unknown primary (1); Ureter (1); Urinary (1); Uterus (3); Vagina (1); Vulva (5),"C150, C151, C152, C153, C154, C155, C158, C159, C160, C161, C162, C163, C164, C165, C166, C168, C169, C170, C171, C172, C173, C178, C179, C180, C181, C182, C183, C184, C185, C186, C187, C188, C189, C199, C209, C210, C211, C212, C218, C221, C239, C240, C241, C248, C249, C250, C251, C252, C253, C254, C257, C258, C259, C260, C340, C341, C342, C343, C348, C349, C440, C441, C442, C443, C444, C445, C446, C447, C448, C449, C510, C511, C512, C518, C519, C529, C530, C531, C538, C539, C541, C549, C559, C600, C601, C602, C608, C609, C632, C659, C669, C670, C671, C672, C673, C674, C675, C676, C677, C678, C679, C680, C690, C691, C692, C693, C694, C695, C696, C698, C699, C739, C740, C741, C749, C750, C751, C752, C754, C755, C758, C759, C760, C761, C762, C763, C764, C765, C767, C768, C809","Pyloric gland adenoma and its variants arise only in the GI/pancreatobiliary tract (stomach, duodenum, gallbladder, bile duct, pancreas, rectum, Barrett esophagus); the code's 131-site ceiling also includes many non-GI organs (lung, breast, skin, prostate, urinary tract), so usage is a strict GI subset.",https://onlinelibrary.wiley.com/doi/10.1155/2018/9287843,Case Reports in Pathology (Hindawi/Wiley)
8140/3,Acinar adenocarcinoma of prostate,Yes,C619,C619=Prostate,1,186,Adrenal (3); Anus (4); Biliary (4); Bladder (10); Breast (9); Cervix (4); Colon (10); Endocrine (7); Esophagus (8); Eye (9); GI tract (3); Gallbladder (1); Ill-defined (8); Liver (1); Lung (6); Male genital (4); Nasal/middle ear (2); Oropharynx (6); Ovary (1); Palate (2); Pancreas (8); Penis (5); Peritoneum/retroperitoneum (2); Pharynx (2); Prostate (1); Rectosigmoid (1); Rectum (1); Renal pelvis (1); Respiratory (2); Salivary (5); Sinuses (6); Skin (10); Small intestine (6); Stomach (9); Thymus (1); Thyroid (1); Tongue (2); Tonsil (4); Trachea (1); Unknown primary (1); Ureter (1); Urinary (2); Uterus (6); Vagina (1); Vulva (5),"C019, C024, C051, C052, C079, C080, C081, C088, C089, C090, C091, C098, C099, C100, C101, C102, C103, C108, C109, C140, C142, C150, C151, C152, C153, C154, C155, C158, C159, C160, C161, C162, C163, C164, C165, C166, C168, C169, C170, C171, C172, C173, C178, C179, C180, C181, C182, C183, C184, C185, C186, C187, C188, C189, C199, C209, C210, C211, C212, C218, C221, C239, C240, C241, C248, C249, C250, C251, C252, C253, C254, C257, C258, C259, C260, C268, C269, C300, C301, C310, C311, C312, C313, C318, C319, C339, C340, C341, C342, C343, C348, C349, C379, C390, C399, C440, C441, C442, C443, C444, C445, C446, C447, C448, C449, C480, C488, C500, C501, C502, C503, C504, C505, C506, C508, C509, C510, C511, C512, C518, C519, C529, C530, C531, C538, C539, C540, C541, C543, C548, C549, C559, C569, C600, C601, C602, C608, C609, C619, C630, C631, C632, C637, C659, C669, C670, C671, C672, C673, C674, C675, C676, C677, C678, C679, C680, C681, C690, C691, C692, C693, C694, C695, C696, C698, C699, C739, C740, C741, C749, C750, C751, C752, C754, C755, C758, C759, C760, C761, C762, C763, C764, C765, C767, C768, C809",Acinar adenocarcinoma of the prostate is by name a prostatic tumour; within this code's valid sites it corresponds only to the prostate.,https://www.nature.com/articles/modpathol2017137,Humphrey PA. Variants of acinar adenocarcinoma of the prostate. Modern Pathology 2018 (WHO 2016 acinar variants)
8140/3,"Adenocarcinoma, non-intestinal-type",Yes,"C300, C301, C310, C311, C312, C313, C318, C319",C300=Nasal/middle ear; C301=Nasal/middle ear; C310=Sinuses; C311=Sinuses; C312=Sinuses; C313=Sinuses; C318=Sinuses; C319=Sinuses,8,186,Adrenal (3); Anus (4); Biliary (4); Bladder (10); Breast (9); Cervix (4); Colon (10); Endocrine (7); Esophagus (8); Eye (9); GI tract (3); Gallbladder (1); Ill-defined (8); Liver (1); Lung (6); Male genital (4); Nasal/middle ear (2); Oropharynx (6); Ovary (1); Palate (2); Pancreas (8); Penis (5); Peritoneum/retroperitoneum (2); Pharynx (2); Prostate (1); Rectosigmoid (1); Rectum (1); Renal pelvis (1); Respiratory (2); Salivary (5); Sinuses (6); Skin (10); Small intestine (6); Stomach (9); Thymus (1); Thyroid (1); Tongue (2); Tonsil (4); Trachea (1); Unknown primary (1); Ureter (1); Urinary (2); Uterus (6); Vagina (1); Vulva (5),"C019, C024, C051, C052, C079, C080, C081, C088, C089, C090, C091, C098, C099, C100, C101, C102, C103, C108, C109, C140, C142, C150, C151, C152, C153, C154, C155, C158, C159, C160, C161, C162, C163, C164, C165, C166, C168, C169, C170, C171, C172, C173, C178, C179, C180, C181, C182, C183, C184, C185, C186, C187, C188, C189, C199, C209, C210, C211, C212, C218, C221, C239, C240, C241, C248, C249, C250, C251, C252, C253, C254, C257, C258, C259, C260, C268, C269, C300, C301, C310, C311, C312, C313, C318, C319, C339, C340, C341, C342, C343, C348, C349, C379, C390, C399, C440, C441, C442, C443, C444, C445, C446, C447, C448, C449, C480, C488, C500, C501, C502, C503, C504, C505, C506, C508, C509, C510, C511, C512, C518, C519, C529, C530, C531, C538, C539, C540, C541, C543, C548, C549, C559, C569, C600, C601, C602, C608, C609, C619, C630, C631, C632, C637, C659, C669, C670, C671, C672, C673, C674, C675, C676, C677, C678, C679, C680, C681, C690, C691, C692, C693, C694, C695, C696, C698, C699, C739, C740, C741, C749, C750, C751, C752, C754, C755, C758, C759, C760, C761, C762, C763, C764, C765, C767, C768, C809","Non-intestinal-type (non-ITAC) sinonasal adenocarcinoma is a sinonasal entity confined to the nasal cavity and paranasal sinuses, a strict subset of this code's 186-site pan-anatomic ceiling.",https://www.ncbi.nlm.nih.gov/pmc/articles/PMC11297895/,PubMed Central (sinonasal non-ITAC review)
8140/3,"Adenocarcinoma, pleomorphic giant cell acinar",Yes,C619,C619=Prostate,1,186,Adrenal (3); Anus (4); Biliary (4); Bladder (10); Breast (9); Cervix (4); Colon (10); Endocrine (7); Esophagus (8); Eye (9); GI tract (3); Gallbladder (1); Ill-defined (8); Liver (1); Lung (6); Male genital (4); Nasal/middle ear (2); Oropharynx (6); Ovary (1); Palate (2); Pancreas (8); Penis (5); Peritoneum/retroperitoneum (2); Pharynx (2); Prostate (1); Rectosigmoid (1); Rectum (1); Renal pelvis (1); Respiratory (2); Salivary (5); Sinuses (6); Skin (10); Small intestine (6); Stomach (9); Thymus (1); Thyroid (1); Tongue (2); Tonsil (4); Trachea (1); Unknown primary (1); Ureter (1); Urinary (2); Uterus (6); Vagina (1); Vulva (5),"C019, C024, C051, C052, C079, C080, C081, C088, C089, C090, C091, C098, C099, C100, C101, C102, C103, C108, C109, C140, C142, C150, C151, C152, C153, C154, C155, C158, C159, C160, C161, C162, C163, C164, C165, C166, C168, C169, C170, C171, C172, C173, C178, C179, C180, C181, C182, C183, C184, C185, C186, C187, C188, C189, C199, C209, C210, C211, C212, C218, C221, C239, C240, C241, C248, C249, C250, C251, C252, C253, C254, C257, C258, C259, C260, C268, C269, C300, C301, C310, C311, C312, C313, C318, C319, C339, C340, C341, C342, C343, C348, C349, C379, C390, C399, C440, C441, C442, C443, C444, C445, C446, C447, C448, C449, C480, C488, C500, C501, C502, C503, C504, C505, C506, C508, C509, C510, C511, C512, C518, C519, C529, C530, C531, C538, C539, C540, C541, C543, C548, C549, C559, C569, C600, C601, C602, C608, C609, C619, C630, C631, C632, C637, C659, C669, C670, C671, C672, C673, C674, C675, C676, C677, C678, C679, C680, C681, C690, C691, C692, C693, C694, C695, C696, C698, C699, C739, C740, C741, C749, C750, C751, C752, C754, C755, C758, C759, C760, C761, C762, C763, C764, C765, C767, C768, C809","Pleomorphic giant cell acinar adenocarcinoma is a WHO-recognized subtype of prostatic acinar adenocarcinoma, restricted to the prostate among this code's valid sites.",https://www.nature.com/articles/modpathol2017137,Humphrey PA. Variants of acinar adenocarcinoma of the prostate. Modern Pathology 2018 (WHO 2016 acinar variants)
8140/3,Ampullary adenocarcinoma,Yes,C241,C241=Ampulla of Vater,1,186,Adrenal (3); Anus (4); Biliary (4); Bladder (10); Breast (9); Cervix (4); Colon (10); Endocrine (7); Esophagus (8); Eye (9); GI tract (3); Gallbladder (1); Ill-defined (8); Liver (1); Lung (6); Male genital (4); Nasal/middle ear (2); Oropharynx (6); Ovary (1); Palate (2); Pancreas (8); Penis (5); Peritoneum/retroperitoneum (2); Pharynx (2); Prostate (1); Rectosigmoid (1); Rectum (1); Renal pelvis (1); Respiratory (2); Salivary (5); Sinuses (6); Skin (10); Small intestine (6); Stomach (9); Thymus (1); Thyroid (1); Tongue (2); Tonsil (4); Trachea (1); Unknown primary (1); Ureter (1); Urinary (2); Uterus (6); Vagina (1); Vulva (5),"C019, C024, C051, C052, C079, C080, C081, C088, C089, C090, C091, C098, C099, C100, C101, C102, C103, C108, C109, C140, C142, C150, C151, C152, C153, C154, C155, C158, C159, C160, C161, C162, C163, C164, C165, C166, C168, C169, C170, C171, C172, C173, C178, C179, C180, C181, C182, C183, C184, C185, C186, C187, C188, C189, C199, C209, C210, C211, C212, C218, C221, C239, C240, C241, C248, C249, C250, C251, C252, C253, C254, C257, C258, C259, C260, C268, C269, C300, C301, C310, C311, C312, C313, C318, C319, C339, C340, C341, C342, C343, C348, C349, C379, C390, C399, C440, C441, C442, C443, C444, C445, C446, C447, C448, C449, C480, C488, C500, C501, C502, C503, C504, C505, C506, C508, C509, C510, C511, C512, C518, C519, C529, C530, C531, C538, C539, C540, C541, C543, C548, C549, C559, C569, C600, C601, C602, C608, C609, C619, C630, C631, C632, C637, C659, C669, C670, C671, C672, C673, C674, C675, C676, C677, C678, C679, C680, C681, C690, C691, C692, C693, C694, C695, C696, C698, C699, C739, C740, C741, C749, C750, C751, C752, C754, C755, C758, C759, C760, C761, C762, C763, C764, C765, C767, C768, C809",Ampullary adenocarcinoma is an anatomically defined tumour arising at the ampulla of Vater.,https://pmc.ncbi.nlm.nih.gov/articles/PMC6247104/,Pea A et al. Ampulla of Vater carcinoma. World J Gastrointest Oncol 2018 (PMC6247104)
8140/3,Atrophic acinar adenocarcinoma,Yes,C619,C619=Prostate,1,186,Adrenal (3); Anus (4); Biliary (4); Bladder (10); Breast (9); Cervix (4); Colon (10); Endocrine (7); Esophagus (8); Eye (9); GI tract (3); Gallbladder (1); Ill-defined (8); Liver (1); Lung (6); Male genital (4); Nasal/middle ear (2); Oropharynx (6); Ovary (1); Palate (2); Pancreas (8); Penis (5); Peritoneum/retroperitoneum (2); Pharynx (2); Prostate (1); Rectosigmoid (1); Rectum (1); Renal pelvis (1); Respiratory (2); Salivary (5); Sinuses (6); Skin (10); Small intestine (6); Stomach (9); Thymus (1); Thyroid (1); Tongue (2); Tonsil (4); Trachea (1); Unknown primary (1); Ureter (1); Urinary (2); Uterus (6); Vagina (1); Vulva (5),"C019, C024, C051, C052, C079, C080, C081, C088, C089, C090, C091, C098, C099, C100, C101, C102, C103, C108, C109, C140, C142, C150, C151, C152, C153, C154, C155, C158, C159, C160, C161, C162, C163, C164, C165, C166, C168, C169, C170, C171, C172, C173, C178, C179, C180, C181, C182, C183, C184, C185, C186, C187, C188, C189, C199, C209, C210, C211, C212, C218, C221, C239, C240, C241, C248, C249, C250, C251, C252, C253, C254, C257, C258, C259, C260, C268, C269, C300, C301, C310, C311, C312, C313, C318, C319, C339, C340, C341, C342, C343, C348, C349, C379, C390, C399, C440, C441, C442, C443, C444, C445, C446, C447, C448, C449, C480, C488, C500, C501, C502, C503, C504, C505, C506, C508, C509, C510, C511, C512, C518, C519, C529, C530, C531, C538, C539, C540, C541, C543, C548, C549, C559, C569, C600, C601, C602, C608, C609, C619, C630, C631, C632, C637, C659, C669, C670, C671, C672, C673, C674, C675, C676, C677, C678, C679, C680, C681, C690, C691, C692, C693, C694, C695, C696, C698, C699, C739, C740, C741, C749, C750, C751, C752, C754, C755, C758, C759, C760, C761, C762, C763, C764, C765, C767, C768, C809","Atrophic-pattern acinar adenocarcinoma is a WHO variant of prostatic acinar adenocarcinoma, restricted to the prostate among this code's valid sites.",https://www.nature.com/articles/modpathol2017137,Humphrey PA. Variants of acinar adenocarcinoma of the prostate. Modern Pathology 2018 (WHO 2016 acinar variants)
8140/3,Carcinoma of the gallbladder,Yes,C239,C239=Gallbladder,1,186,Adrenal (3); Anus (4); Biliary (4); Bladder (10); Breast (9); Cervix (4); Colon (10); Endocrine (7); Esophagus (8); Eye (9); GI tract (3); Gallbladder (1); Ill-defined (8); Liver (1); Lung (6); Male genital (4); Nasal/middle ear (2); Oropharynx (6); Ovary (1); Palate (2); Pancreas (8); Penis (5); Peritoneum/retroperitoneum (2); Pharynx (2); Prostate (1); Rectosigmoid (1); Rectum (1); Renal pelvis (1); Respiratory (2); Salivary (5); Sinuses (6); Skin (10); Small intestine (6); Stomach (9); Thymus (1); Thyroid (1); Tongue (2); Tonsil (4); Trachea (1); Unknown primary (1); Ureter (1); Urinary (2); Uterus (6); Vagina (1); Vulva (5),"C019, C024, C051, C052, C079, C080, C081, C088, C089, C090, C091, C098, C099, C100, C101, C102, C103, C108, C109, C140, C142, C150, C151, C152, C153, C154, C155, C158, C159, C160, C161, C162, C163, C164, C165, C166, C168, C169, C170, C171, C172, C173, C178, C179, C180, C181, C182, C183, C184, C185, C186, C187, C188, C189, C199, C209, C210, C211, C212, C218, C221, C239, C240, C241, C248, C249, C250, C251, C252, C253, C254, C257, C258, C259, C260, C268, C269, C300, C301, C310, C311, C312, C313, C318, C319, C339, C340, C341, C342, C343, C348, C349, C379, C390, C399, C440, C441, C442, C443, C444, C445, C446, C447, C448, C449, C480, C488, C500, C501, C502, C503, C504, C505, C506, C508, C509, C510, C511, C512, C518, C519, C529, C530, C531, C538, C539, C540, C541, C543, C548, C549, C559, C569, C600, C601, C602, C608, C609, C619, C630, C631, C632, C637, C659, C669, C670, C671, C672, C673, C674, C675, C676, C677, C678, C679, C680, C681, C690, C691, C692, C693, C694, C695, C696, C698, C699, C739, C740, C741, C749, C750, C751, C752, C754, C755, C758, C759, C760, C761, C762, C763, C764, C765, C767, C768, C809",By name this entity is a carcinoma arising in the gallbladder (WHO gallbladder/extrahepatic bile duct chapter).,https://whobluebooks.iarc.who.int/structures/digestive-system-tumours/,"WHO Classification of Tumours 5th ed, Digestive System (IARC Blue Books online) - gallbladder chapter"
8140/3,Foamy gland acinar adenocarcinoma,Yes,C619,C619=Prostate,1,186,Adrenal (3); Anus (4); Biliary (4); Bladder (10); Breast (9); Cervix (4); Colon (10); Endocrine (7); Esophagus (8); Eye (9); GI tract (3); Gallbladder (1); Ill-defined (8); Liver (1); Lung (6); Male genital (4); Nasal/middle ear (2); Oropharynx (6); Ovary (1); Palate (2); Pancreas (8); Penis (5); Peritoneum/retroperitoneum (2); Pharynx (2); Prostate (1); Rectosigmoid (1); Rectum (1); Renal pelvis (1); Respiratory (2); Salivary (5); Sinuses (6); Skin (10); Small intestine (6); Stomach (9); Thymus (1); Thyroid (1); Tongue (2); Tonsil (4); Trachea (1); Unknown primary (1); Ureter (1); Urinary (2); Uterus (6); Vagina (1); Vulva (5),"C019, C024, C051, C052, C079, C080, C081, C088, C089, C090, C091, C098, C099, C100, C101, C102, C103, C108, C109, C140, C142, C150, C151, C152, C153, C154, C155, C158, C159, C160, C161, C162, C163, C164, C165, C166, C168, C169, C170, C171, C172, C173, C178, C179, C180, C181, C182, C183, C184, C185, C186, C187, C188, C189, C199, C209, C210, C211, C212, C218, C221, C239, C240, C241, C248, C249, C250, C251, C252, C253, C254, C257, C258, C259, C260, C268, C269, C300, C301, C310, C311, C312, C313, C318, C319, C339, C340, C341, C342, C343, C348, C349, C379, C390, C399, C440, C441, C442, C443, C444, C445, C446, C447, C448, C449, C480, C488, C500, C501, C502, C503, C504, C505, C506, C508, C509, C510, C511, C512, C518, C519, C529, C530, C531, C538, C539, C540, C541, C543, C548, C549, C559, C569, C600, C601, C602, C608, C609, C619, C630, C631, C632, C637, C659, C669, C670, C671, C672, C673, C674, C675, C676, C677, C678, C679, C680, C681, C690, C691, C692, C693, C694, C695, C696, C698, C699, C739, C740, C741, C749, C750, C751, C752, C754, C755, C758, C759, C760, C761, C762, C763, C764, C765, C767, C768, C809","Foamy gland adenocarcinoma is a WHO variant of prostatic acinar adenocarcinoma, restricted to the prostate among this code's valid sites.",https://www.nature.com/articles/modpathol2017137,Humphrey PA. Variants of acinar adenocarcinoma of the prostate. Modern Pathology 2018 (WHO 2016 acinar variants)
8140/3,Gastric adenocarcinoma of fundic gland type,Yes,"C160, C161, C162, C163, C164, C165, C166, C168, C169",C160=Stomach-cardia; C161=Stomach-fundus; C162=Stomach-body; C163=Stomach-antrum; C164=Stomach-pylorus; C165=Stomach-lesser curv; C166=Stomach-greater curv; C168=Stomach-overlapping; C169=Stomach NOS,9,186,Adrenal (3); Anus (4); Biliary (4); Bladder (10); Breast (9); Cervix (4); Colon (10); Endocrine (7); Esophagus (8); Eye (9); GI tract (3); Gallbladder (1); Ill-defined (8); Liver (1); Lung (6); Male genital (4); Nasal/middle ear (2); Oropharynx (6); Ovary (1); Palate (2); Pancreas (8); Penis (5); Peritoneum/retroperitoneum (2); Pharynx (2); Prostate (1); Rectosigmoid (1); Rectum (1); Renal pelvis (1); Respiratory (2); Salivary (5); Sinuses (6); Skin (10); Small intestine (6); Stomach (9); Thymus (1); Thyroid (1); Tongue (2); Tonsil (4); Trachea (1); Unknown primary (1); Ureter (1); Urinary (2); Uterus (6); Vagina (1); Vulva (5),"C019, C024, C051, C052, C079, C080, C081, C088, C089, C090, C091, C098, C099, C100, C101, C102, C103, C108, C109, C140, C142, C150, C151, C152, C153, C154, C155, C158, C159, C160, C161, C162, C163, C164, C165, C166, C168, C169, C170, C171, C172, C173, C178, C179, C180, C181, C182, C183, C184, C185, C186, C187, C188, C189, C199, C209, C210, C211, C212, C218, C221, C239, C240, C241, C248, C249, C250, C251, C252, C253, C254, C257, C258, C259, C260, C268, C269, C300, C301, C310, C311, C312, C313, C318, C319, C339, C340, C341, C342, C343, C348, C349, C379, C390, C399, C440, C441, C442, C443, C444, C445, C446, C447, C448, C449, C480, C488, C500, C501, C502, C503, C504, C505, C506, C508, C509, C510, C511, C512, C518, C519, C529, C530, C531, C538, C539, C540, C541, C543, C548, C549, C559, C569, C600, C601, C602, C608, C609, C619, C630, C631, C632, C637, C659, C669, C670, C671, C672, C673, C674, C675, C676, C677, C678, C679, C680, C681, C690, C691, C692, C693, C694, C695, C696, C698, C699, C739, C740, C741, C749, C750, C751, C752, C754, C755, C758, C759, C760, C761, C762, C763, C764, C765, C767, C768, C809","Gastric adenocarcinoma of the fundic gland type is a WHO 2019 gastric entity, occurring in the stomach (predominantly upper stomach); it is stomach-restricted.",https://pmc.ncbi.nlm.nih.gov/articles/PMC7585219/,Li C et al. Gastric adenocarcinoma of the fundic gland type. Diagn Pathol 2020 (PMC7585219)
8140/3,Microcystic acinar adenocarcinoma,Yes,C619,C619=Prostate,1,186,Adrenal (3); Anus (4); Biliary (4); Bladder (10); Breast (9); Cervix (4); Colon (10); Endocrine (7); Esophagus (8); Eye (9); GI tract (3); Gallbladder (1); Ill-defined (8); Liver (1); Lung (6); Male genital (4); Nasal/middle ear (2); Oropharynx (6); Ovary (1); Palate (2); Pancreas (8); Penis (5); Peritoneum/retroperitoneum (2); Pharynx (2); Prostate (1); Rectosigmoid (1); Rectum (1); Renal pelvis (1); Respiratory (2); Salivary (5); Sinuses (6); Skin (10); Small intestine (6); Stomach (9); Thymus (1); Thyroid (1); Tongue (2); Tonsil (4); Trachea (1); Unknown primary (1); Ureter (1); Urinary (2); Uterus (6); Vagina (1); Vulva (5),"C019, C024, C051, C052, C079, C080, C081, C088, C089, C090, C091, C098, C099, C100, C101, C102, C103, C108, C109, C140, C142, C150, C151, C152, C153, C154, C155, C158, C159, C160, C161, C162, C163, C164, C165, C166, C168, C169, C170, C171, C172, C173, C178, C179, C180, C181, C182, C183, C184, C185, C186, C187, C188, C189, C199, C209, C210, C211, C212, C218, C221, C239, C240, C241, C248, C249, C250, C251, C252, C253, C254, C257, C258, C259, C260, C268, C269, C300, C301, C310, C311, C312, C313, C318, C319, C339, C340, C341, C342, C343, C348, C349, C379, C390, C399, C440, C441, C442, C443, C444, C445, C446, C447, C448, C449, C480, C488, C500, C501, C502, C503, C504, C505, C506, C508, C509, C510, C511, C512, C518, C519, C529, C530, C531, C538, C539, C540, C541, C543, C548, C549, C559, C569, C600, C601, C602, C608, C609, C619, C630, C631, C632, C637, C659, C669, C670, C671, C672, C673, C674, C675, C676, C677, C678, C679, C680, C681, C690, C691, C692, C693, C694, C695, C696, C698, C699, C739, C740, C741, C749, C750, C751, C752, C754, C755, C758, C759, C760, C761, C762, C763, C764, C765, C767, C768, C809","Microcystic adenocarcinoma is a WHO variant of prostatic acinar adenocarcinoma, restricted to the prostate among this code's valid sites.",https://www.nature.com/articles/modpathol2017137,Humphrey PA. Variants of acinar adenocarcinoma of the prostate. Modern Pathology 2018 (WHO 2016 acinar variants)
8140/3,Non-ampullary adenocarcinoma,Yes,"C170, C171, C172, C178, C179",C170=Duodenum; C171=Jejunum; C172=Ileum; C178=Small intestine-overlapping; C179=Small intestine NOS,5,186,Adrenal (3); Anus (4); Biliary (4); Bladder (10); Breast (9); Cervix (4); Colon (10); Endocrine (7); Esophagus (8); Eye (9); GI tract (3); Gallbladder (1); Ill-defined (8); Liver (1); Lung (6); Male genital (4); Nasal/middle ear (2); Oropharynx (6); Ovary (1); Palate (2); Pancreas (8); Penis (5); Peritoneum/retroperitoneum (2); Pharynx (2); Prostate (1); Rectosigmoid (1); Rectum (1); Renal pelvis (1); Respiratory (2); Salivary (5); Sinuses (6); Skin (10); Small intestine (6); Stomach (9); Thymus (1); Thyroid (1); Tongue (2); Tonsil (4); Trachea (1); Unknown primary (1); Ureter (1); Urinary (2); Uterus (6); Vagina (1); Vulva (5),"C019, C024, C051, C052, C079, C080, C081, C088, C089, C090, C091, C098, C099, C100, C101, C102, C103, C108, C109, C140, C142, C150, C151, C152, C153, C154, C155, C158, C159, C160, C161, C162, C163, C164, C165, C166, C168, C169, C170, C171, C172, C173, C178, C179, C180, C181, C182, C183, C184, C185, C186, C187, C188, C189, C199, C209, C210, C211, C212, C218, C221, C239, C240, C241, C248, C249, C250, C251, C252, C253, C254, C257, C258, C259, C260, C268, C269, C300, C301, C310, C311, C312, C313, C318, C319, C339, C340, C341, C342, C343, C348, C349, C379, C390, C399, C440, C441, C442, C443, C444, C445, C446, C447, C448, C449, C480, C488, C500, C501, C502, C503, C504, C505, C506, C508, C509, C510, C511, C512, C518, C519, C529, C530, C531, C538, C539, C540, C541, C543, C548, C549, C559, C569, C600, C601, C602, C608, C609, C619, C630, C631, C632, C637, C659, C669, C670, C671, C672, C673, C674, C675, C676, C677, C678, C679, C680, C681, C690, C691, C692, C693, C694, C695, C696, C698, C699, C739, C740, C741, C749, C750, C751, C752, C754, C755, C758, C759, C760, C761, C762, C763, C764, C765, C767, C768, C809","'Non-ampullary adenocarcinoma' denotes duodenal/small-intestinal adenocarcinoma sparing the ampulla; it is used for small-bowel (mainly duodenal) tumours, a subset of this code's valid sites.",https://www.nature.com/articles/modpathol2016174,Xue Y et al. Non-ampullary-duodenal carcinomas. Modern Pathology 2017
8140/3,Non–intestinal-type sinonasal adenocarcinoma,Yes,"C300, C310, C311, C312, C313, C318, C319",C300=Nasal/middle ear; C310=Sinuses; C311=Sinuses; C312=Sinuses; C313=Sinuses; C318=Sinuses; C319=Sinuses,7,186,Adrenal (3); Anus (4); Biliary (4); Bladder (10); Breast (9); Cervix (4); Colon (10); Endocrine (7); Esophagus (8); Eye (9); GI tract (3); Gallbladder (1); Ill-defined (8); Liver (1); Lung (6); Male genital (4); Nasal/middle ear (2); Oropharynx (6); Ovary (1); Palate (2); Pancreas (8); Penis (5); Peritoneum/retroperitoneum (2); Pharynx (2); Prostate (1); Rectosigmoid (1); Rectum (1); Renal pelvis (1); Respiratory (2); Salivary (5); Sinuses (6); Skin (10); Small intestine (6); Stomach (9); Thymus (1); Thyroid (1); Tongue (2); Tonsil (4); Trachea (1); Unknown primary (1); Ureter (1); Urinary (2); Uterus (6); Vagina (1); Vulva (5),"C019, C024, C051, C052, C079, C080, C081, C088, C089, C090, C091, C098, C099, C100, C101, C102, C103, C108, C109, C140, C142, C150, C151, C152, C153, C154, C155, C158, C159, C160, C161, C162, C163, C164, C165, C166, C168, C169, C170, C171, C172, C173, C178, C179, C180, C181, C182, C183, C184, C185, C186, C187, C188, C189, C199, C209, C210, C211, C212, C218, C221, C239, C240, C241, C248, C249, C250, C251, C252, C253, C254, C257, C258, C259, C260, C268, C269, C300, C301, C310, C311, C312, C313, C318, C319, C339, C340, C341, C342, C343, C348, C349, C379, C390, C399, C440, C441, C442, C443, C444, C445, C446, C447, C448, C449, C480, C488, C500, C501, C502, C503, C504, C505, C506, C508, C509, C510, C511, C512, C518, C519, C529, C530, C531, C538, C539, C540, C541, C543, C548, C549, C559, C569, C600, C601, C602, C608, C609, C619, C630, C631, C632, C637, C659, C669, C670, C671, C672, C673, C674, C675, C676, C677, C678, C679, C680, C681, C690, C691, C692, C693, C694, C695, C696, C698, C699, C739, C740, C741, C749, C750, C751, C752, C754, C755, C758, C759, C760, C761, C762, C763, C764, C765, C767, C768, C809",Non-intestinal-type sinonasal adenocarcinoma is a WHO entity of the nasal cavity and paranasal sinuses.,https://pmc.ncbi.nlm.nih.gov/articles/PMC4746143/,Leivo I. Sinonasal Adenocarcinoma: Update on Classification. Head Neck Pathol 2016 (PMC4746143)
8140/3,Paneth cell carcinoma,Yes,"C155, C159, C160, C161, C162, C163, C164, C165, C166, C168, C169, C170, C171, C172, C173, C178, C179, C180, C181, C182, C183, C184, C185, C186, C187, C188, C189, C199, C209, C239, C241",C155=Esophagus-lower third; C159=Esophagus NOS; C160=Stomach-cardia; C161=Stomach-fundus; C162=Stomach-body; C163=Stomach-antrum; C164=Stomach-pylorus; C165=Stomach-lesser curv; C166=Stomach-greater curv; C168=Stomach-overlapping; C169=Stomach NOS; C170=Duodenum; C171=Jejunum; C172=Ileum; C173=Meckel diverticulum; C178=Small intestine-overlapping; C179=Small intestine NOS; C180=Cecum; C181=Appendix; C182=Ascending colon; C183=Hepatic flexure; C184=Transverse colon; C185=Splenic flexure; C186=Descending colon; C187=Sigmoid colon; C188=Colon-overlapping; C189=Colon NOS; C199=Rectosigmoid junction; C209=Rectum NOS; C239=Gallbladder; C241=Ampulla of Vater,31,186,Adrenal (3); Anus (4); Biliary (4); Bladder (10); Breast (9); Cervix (4); Colon (10); Endocrine (7); Esophagus (8); Eye (9); GI tract (3); Gallbladder (1); Ill-defined (8); Liver (1); Lung (6); Male genital (4); Nasal/middle ear (2); Oropharynx (6); Ovary (1); Palate (2); Pancreas (8); Penis (5); Peritoneum/retroperitoneum (2); Pharynx (2); Prostate (1); Rectosigmoid (1); Rectum (1); Renal pelvis (1); Respiratory (2); Salivary (5); Sinuses (6); Skin (10); Small intestine (6); Stomach (9); Thymus (1); Thyroid (1); Tongue (2); Tonsil (4); Trachea (1); Unknown primary (1); Ureter (1); Urinary (2); Uterus (6); Vagina (1); Vulva (5),"C019, C024, C051, C052, C079, C080, C081, C088, C089, C090, C091, C098, C099, C100, C101, C102, C103, C108, C109, C140, C142, C150, C151, C152, C153, C154, C155, C158, C159, C160, C161, C162, C163, C164, C165, C166, C168, C169, C170, C171, C172, C173, C178, C179, C180, C181, C182, C183, C184, C185, C186, C187, C188, C189, C199, C209, C210, C211, C212, C218, C221, C239, C240, C241, C248, C249, C250, C251, C252, C253, C254, C257, C258, C259, C260, C268, C269, C300, C301, C310, C311, C312, C313, C318, C319, C339, C340, C341, C342, C343, C348, C349, C379, C390, C399, C440, C441, C442, C443, C444, C445, C446, C447, C448, C449, C480, C488, C500, C501, C502, C503, C504, C505, C506, C508, C509, C510, C511, C512, C518, C519, C529, C530, C531, C538, C539, C540, C541, C543, C548, C549, C559, C569, C600, C601, C602, C608, C609, C619, C630, C631, C632, C637, C659, C669, C670, C671, C672, C673, C674, C675, C676, C677, C678, C679, C680, C681, C690, C691, C692, C693, C694, C695, C696, C698, C699, C739, C740, C741, C749, C750, C751, C752, C754, C755, C758, C759, C760, C761, C762, C763, C764, C765, C767, C768, C809","Paneth cell carcinoma / Paneth cell-rich adenocarcinoma is reported only along the GI tract (stomach, small intestine incl. ampulla, colon/appendix, gallbladder, Meckel diverticulum, GE junction); it does not occur across the many non-GI sites (lung, breast, salivary, GU) that this broad code allows, so it occupies a proper GI subset of the code ceiling.",https://pmc.ncbi.nlm.nih.gov/articles/PMC6323739/,"Zhang et al., Gastroesophageal junction Paneth cell carcinoma, Diagnostic Pathology 2019 (literature review of reported GI sites: stomach, colon, small intestine, ampulla, gallbladder, Meckel diverticulum)"
8140/3,Pleomorphic giant cell acinar adenocarcinoma,Yes,C619,C619=Prostate,1,186,Adrenal (3); Anus (4); Biliary (4); Bladder (10); Breast (9); Cervix (4); Colon (10); Endocrine (7); Esophagus (8); Eye (9); GI tract (3); Gallbladder (1); Ill-defined (8); Liver (1); Lung (6); Male genital (4); Nasal/middle ear (2); Oropharynx (6); Ovary (1); Palate (2); Pancreas (8); Penis (5); Peritoneum/retroperitoneum (2); Pharynx (2); Prostate (1); Rectosigmoid (1); Rectum (1); Renal pelvis (1); Respiratory (2); Salivary (5); Sinuses (6); Skin (10); Small intestine (6); Stomach (9); Thymus (1); Thyroid (1); Tongue (2); Tonsil (4); Trachea (1); Unknown primary (1); Ureter (1); Urinary (2); Uterus (6); Vagina (1); Vulva (5),"C019, C024, C051, C052, C079, C080, C081, C088, C089, C090, C091, C098, C099, C100, C101, C102, C103, C108, C109, C140, C142, C150, C151, C152, C153, C154, C155, C158, C159, C160, C161, C162, C163, C164, C165, C166, C168, C169, C170, C171, C172, C173, C178, C179, C180, C181, C182, C183, C184, C185, C186, C187, C188, C189, C199, C209, C210, C211, C212, C218, C221, C239, C240, C241, C248, C249, C250, C251, C252, C253, C254, C257, C258, C259, C260, C268, C269, C300, C301, C310, C311, C312, C313, C318, C319, C339, C340, C341, C342, C343, C348, C349, C379, C390, C399, C440, C441, C442, C443, C444, C445, C446, C447, C448, C449, C480, C488, C500, C501, C502, C503, C504, C505, C506, C508, C509, C510, C511, C512, C518, C519, C529, C530, C531, C538, C539, C540, C541, C543, C548, C549, C559, C569, C600, C601, C602, C608, C609, C619, C630, C631, C632, C637, C659, C669, C670, C671, C672, C673, C674, C675, C676, C677, C678, C679, C680, C681, C690, C691, C692, C693, C694, C695, C696, C698, C699, C739, C740, C741, C749, C750, C751, C752, C754, C755, C758, C759, C760, C761, C762, C763, C764, C765, C767, C768, C809","Pleomorphic giant cell acinar adenocarcinoma is a WHO-recognized subtype of prostatic acinar adenocarcinoma, restricted to the prostate among this code's valid sites.",https://www.nature.com/articles/modpathol2017137,Humphrey PA. Variants of acinar adenocarcinoma of the prostate. Modern Pathology 2018 (WHO 2016 acinar variants)
8140/3,Pseudohyperplastic acinar adenocarcinoma,Yes,C619,C619=Prostate,1,186,Adrenal (3); Anus (4); Biliary (4); Bladder (10); Breast (9); Cervix (4); Colon (10); Endocrine (7); Esophagus (8); Eye (9); GI tract (3); Gallbladder (1); Ill-defined (8); Liver (1); Lung (6); Male genital (4); Nasal/middle ear (2); Oropharynx (6); Ovary (1); Palate (2); Pancreas (8); Penis (5); Peritoneum/retroperitoneum (2); Pharynx (2); Prostate (1); Rectosigmoid (1); Rectum (1); Renal pelvis (1); Respiratory (2); Salivary (5); Sinuses (6); Skin (10); Small intestine (6); Stomach (9); Thymus (1); Thyroid (1); Tongue (2); Tonsil (4); Trachea (1); Unknown primary (1); Ureter (1); Urinary (2); Uterus (6); Vagina (1); Vulva (5),"C019, C024, C051, C052, C079, C080, C081, C088, C089, C090, C091, C098, C099, C100, C101, C102, C103, C108, C109, C140, C142, C150, C151, C152, C153, C154, C155, C158, C159, C160, C161, C162, C163, C164, C165, C166, C168, C169, C170, C171, C172, C173, C178, C179, C180, C181, C182, C183, C184, C185, C186, C187, C188, C189, C199, C209, C210, C211, C212, C218, C221, C239, C240, C241, C248, C249, C250, C251, C252, C253, C254, C257, C258, C259, C260, C268, C269, C300, C301, C310, C311, C312, C313, C318, C319, C339, C340, C341, C342, C343, C348, C349, C379, C390, C399, C440, C441, C442, C443, C444, C445, C446, C447, C448, C449, C480, C488, C500, C501, C502, C503, C504, C505, C506, C508, C509, C510, C511, C512, C518, C519, C529, C530, C531, C538, C539, C540, C541, C543, C548, C549, C559, C569, C600, C601, C602, C608, C609, C619, C630, C631, C632, C637, C659, C669, C670, C671, C672, C673, C674, C675, C676, C677, C678, C679, C680, C681, C690, C691, C692, C693, C694, C695, C696, C698, C699, C739, C740, C741, C749, C750, C751, C752, C754, C755, C758, C759, C760, C761, C762, C763, C764, C765, C767, C768, C809","Pseudohyperplastic adenocarcinoma is a WHO variant of prostatic acinar adenocarcinoma, restricted to the prostate among this code's valid sites.",https://www.nature.com/articles/modpathol2017137,Humphrey PA. Variants of acinar adenocarcinoma of the prostate. Modern Pathology 2018 (WHO 2016 acinar variants)
8144/2,"Adenoma, ampullary-duodenal, high-grade",Yes,"C170, C241",C170=Duodenum; C241=Ampulla of Vater,2,30,Biliary (1); Colon (10); GI tract (1); Gallbladder (1); Rectosigmoid (1); Rectum (1); Small intestine (6); Stomach (9),"C160, C161, C162, C163, C164, C165, C166, C168, C169, C170, C171, C172, C173, C178, C179, C180, C181, C182, C183, C184, C185, C186, C187, C188, C189, C199, C209, C239, C241, C260","The 'ampullary-duodenal' qualifier confines this intestinal-type adenoma to the duodenum and ampulla of Vater, a proper subset of the code's whole-GI ceiling.",https://www.ncbi.nlm.nih.gov/pmc/articles/PMC3075174/,Duodenal adenomas involving the ampulla of Vater (PMC3075174)
8144/2,"Intestinal-type gastric adenoma, high-grade",Yes,"C160, C161, C162, C163, C164, C165, C166, C168, C169",C160=Stomach-cardia; C161=Stomach-fundus; C162=Stomach-body; C163=Stomach-antrum; C164=Stomach-pylorus; C165=Stomach-lesser curv; C166=Stomach-greater curv; C168=Stomach-overlapping; C169=Stomach NOS,9,30,Biliary (1); Colon (10); GI tract (1); Gallbladder (1); Rectosigmoid (1); Rectum (1); Small intestine (6); Stomach (9),"C160, C161, C162, C163, C164, C165, C166, C168, C169, C170, C171, C172, C173, C178, C179, C180, C181, C182, C183, C184, C185, C186, C187, C188, C189, C199, C209, C239, C241, C260",Intestinal-type gastric adenoma is a defined gastric precursor lesion in the WHO stomach chapter; the 'gastric' qualifier confines this term to the stomach within the code's whole-GI ceiling.,https://whobluebooks.iarc.who.int/structures/digestive-system-tumours/,WHO Classification of Digestive System Tumours 5th ed (structure: intestinal-type gastric adenoma)
8144/2,"Sporadic intestinal-type gastric adenoma, high grade",Yes,"C160, C161, C162, C163, C164, C165, C166, C168, C169",C160=Stomach-cardia; C161=Stomach-fundus; C162=Stomach-body; C163=Stomach-antrum; C164=Stomach-pylorus; C165=Stomach-lesser curv; C166=Stomach-greater curv; C168=Stomach-overlapping; C169=Stomach NOS,9,30,Biliary (1); Colon (10); GI tract (1); Gallbladder (1); Rectosigmoid (1); Rectum (1); Small intestine (6); Stomach (9),"C160, C161, C162, C163, C164, C165, C166, C168, C169, C170, C171, C172, C173, C178, C179, C180, C181, C182, C183, C184, C185, C186, C187, C188, C189, C199, C209, C239, C241, C260",Intestinal-type gastric adenoma is a defined gastric precursor lesion in the WHO stomach chapter; the 'gastric' qualifier confines this term to the stomach within the code's whole-GI ceiling.,https://whobluebooks.iarc.who.int/structures/digestive-system-tumours/,WHO Classification of Digestive System Tumours 5th ed (structure: intestinal-type gastric adenoma)
8144/2,"Syndromic intestinal-type gastric adenoma, high grade",Yes,"C160, C161, C162, C163, C164, C165, C166, C168, C169",C160=Stomach-cardia; C161=Stomach-fundus; C162=Stomach-body; C163=Stomach-antrum; C164=Stomach-pylorus; C165=Stomach-lesser curv; C166=Stomach-greater curv; C168=Stomach-overlapping; C169=Stomach NOS,9,30,Biliary (1); Colon (10); GI tract (1); Gallbladder (1); Rectosigmoid (1); Rectum (1); Small intestine (6); Stomach (9),"C160, C161, C162, C163, C164, C165, C166, C168, C169, C170, C171, C172, C173, C178, C179, C180, C181, C182, C183, C184, C185, C186, C187, C188, C189, C199, C209, C239, C241, C260",Intestinal-type gastric adenoma is a defined gastric precursor lesion in the WHO stomach chapter; the 'gastric' qualifier confines this term to the stomach within the code's whole-GI ceiling.,https://whobluebooks.iarc.who.int/structures/digestive-system-tumours/,WHO Classification of Digestive System Tumours 5th ed (structure: intestinal-type gastric adenoma)
8144/3,Adenocarcinoma of intestinal type,Yes,"C150, C151, C152, C153, C154, C155, C158, C159, C160, C161, C162, C163, C164, C165, C166, C168, C169, C170, C171, C172, C173, C178, C179, C180, C181, C182, C183, C184, C185, C186, C187, C188, C189, C199, C209, C221, C239, C240, C241, C248, C249, C260, C269, C300, C310, C311, C312, C313, C318, C319, C670, C671, C672, C673, C674, C675, C676, C677, C678, C679, C680, C530, C531, C538, C539, C529",C150=Esophagus-cervical; C151=Esophagus-thoracic; C152=Esophagus-abdominal; C153=Esophagus-upper third; C154=Esophagus-middle third; C155=Esophagus-lower third; C158=Esophagus-overlapping; C159=Esophagus NOS; C160=Stomach-cardia; C161=Stomach-fundus; C162=Stomach-body; C163=Stomach-antrum; C164=Stomach-pylorus; C165=Stomach-lesser curv; C166=Stomach-greater curv; C168=Stomach-overlapping; C169=Stomach NOS; C170=Duodenum; C171=Jejunum; C172=Ileum; C173=Meckel diverticulum; C178=Small intestine-overlapping; C179=Small intestine NOS; C180=Cecum; C181=Appendix; C182=Ascending colon; C183=Hepatic flexure; C184=Transverse colon; C185=Splenic flexure; C186=Descending colon; C187=Sigmoid colon; C188=Colon-overlapping; C189=Colon NOS; C199=Rectosigmoid junction; C209=Rectum NOS; C221=Intrahepatic bile duct; C239=Gallbladder; C240=Extrahepatic bile duct; C241=Ampulla of Vater; C248=Biliary-overlapping; C249=Biliary NOS; C260=Intestinal tract NOS; C269=GI tract NOS; C300=Nasal/middle ear; C310=Sinuses; C311=Sinuses; C312=Sinuses; C313=Sinuses; C318=Sinuses; C319=Sinuses; C670=Bladder; C671=Bladder; C672=Bladder; C673=Bladder; C674=Bladder; C675=Bladder; C676=Bladder; C677=Bladder; C678=Bladder; C679=Bladder; C680=Urinary; C530=Cervix; C531=Cervix; C538=Cervix; C539=Cervix; C529=Vagina,66,86,Biliary (4); Bladder (10); Cervix (4); Colon (10); Esophagus (8); GI tract (2); Gallbladder (1); Liver (1); Lung (6); Nasal/middle ear (1); Rectosigmoid (1); Rectum (1); Renal pelvis (1); Salivary (5); Sinuses (6); Small intestine (6); Stomach (9); Thymus (1); Ureter (1); Urinary (1); Uterus (1); Vagina (1); Vulva (5),"C079, C080, C081, C088, C089, C150, C151, C152, C153, C154, C155, C158, C159, C160, C161, C162, C163, C164, C165, C166, C168, C169, C170, C171, C172, C173, C178, C179, C180, C181, C182, C183, C184, C185, C186, C187, C188, C189, C199, C209, C221, C239, C240, C241, C248, C249, C260, C269, C300, C310, C311, C312, C313, C318, C319, C340, C341, C342, C343, C348, C349, C379, C510, C511, C512, C518, C519, C529, C530, C531, C538, C539, C541, C659, C669, C670, C671, C672, C673, C674, C675, C676, C677, C678, C679, C680","'Intestinal-type' (enteric-type) adenocarcinoma is reported across the GI tract, sinonasal cavity, urinary bladder (enteric-type), cervix and vagina, but not at the lung or salivary glands within this code's ceiling, so its usage is a strict proper subset.",https://www.ncbi.nlm.nih.gov/pmc/articles/PMC8293118/,PubMed Central - sinonasal intestinal-type adenocarcinoma (ITAC)
8144/3,"Adenocarcinoma, intestinal type",Yes,"C150, C151, C152, C153, C154, C155, C158, C159, C160, C161, C162, C163, C164, C165, C166, C168, C169, C170, C171, C172, C173, C178, C179, C180, C181, C182, C183, C184, C185, C186, C187, C188, C189, C199, C209, C221, C239, C240, C241, C248, C249, C260, C269, C300, C310, C311, C312, C313, C318, C319, C670, C671, C672, C673, C674, C675, C676, C677, C678, C679, C680, C530, C531, C538, C539, C529",C150=Esophagus-cervical; C151=Esophagus-thoracic; C152=Esophagus-abdominal; C153=Esophagus-upper third; C154=Esophagus-middle third; C155=Esophagus-lower third; C158=Esophagus-overlapping; C159=Esophagus NOS; C160=Stomach-cardia; C161=Stomach-fundus; C162=Stomach-body; C163=Stomach-antrum; C164=Stomach-pylorus; C165=Stomach-lesser curv; C166=Stomach-greater curv; C168=Stomach-overlapping; C169=Stomach NOS; C170=Duodenum; C171=Jejunum; C172=Ileum; C173=Meckel diverticulum; C178=Small intestine-overlapping; C179=Small intestine NOS; C180=Cecum; C181=Appendix; C182=Ascending colon; C183=Hepatic flexure; C184=Transverse colon; C185=Splenic flexure; C186=Descending colon; C187=Sigmoid colon; C188=Colon-overlapping; C189=Colon NOS; C199=Rectosigmoid junction; C209=Rectum NOS; C221=Intrahepatic bile duct; C239=Gallbladder; C240=Extrahepatic bile duct; C241=Ampulla of Vater; C248=Biliary-overlapping; C249=Biliary NOS; C260=Intestinal tract NOS; C269=GI tract NOS; C300=Nasal/middle ear; C310=Sinuses; C311=Sinuses; C312=Sinuses; C313=Sinuses; C318=Sinuses; C319=Sinuses; C670=Bladder; C671=Bladder; C672=Bladder; C673=Bladder; C674=Bladder; C675=Bladder; C676=Bladder; C677=Bladder; C678=Bladder; C679=Bladder; C680=Urinary; C530=Cervix; C531=Cervix; C538=Cervix; C539=Cervix; C529=Vagina,66,86,Biliary (4); Bladder (10); Cervix (4); Colon (10); Esophagus (8); GI tract (2); Gallbladder (1); Liver (1); Lung (6); Nasal/middle ear (1); Rectosigmoid (1); Rectum (1); Renal pelvis (1); Salivary (5); Sinuses (6); Small intestine (6); Stomach (9); Thymus (1); Ureter (1); Urinary (1); Uterus (1); Vagina (1); Vulva (5),"C079, C080, C081, C088, C089, C150, C151, C152, C153, C154, C155, C158, C159, C160, C161, C162, C163, C164, C165, C166, C168, C169, C170, C171, C172, C173, C178, C179, C180, C181, C182, C183, C184, C185, C186, C187, C188, C189, C199, C209, C221, C239, C240, C241, C248, C249, C260, C269, C300, C310, C311, C312, C313, C318, C319, C340, C341, C342, C343, C348, C349, C379, C510, C511, C512, C518, C519, C529, C530, C531, C538, C539, C541, C659, C669, C670, C671, C672, C673, C674, C675, C676, C677, C678, C679, C680","'Intestinal-type' (enteric-type) adenocarcinoma is reported across the GI tract, sinonasal cavity, urinary bladder (enteric-type), cervix and vagina, but not at the lung or salivary glands within this code's ceiling, so its usage is a strict proper subset.",https://www.ncbi.nlm.nih.gov/pmc/articles/PMC8293118/,PubMed Central - sinonasal intestinal-type adenocarcinoma (ITAC)
8144/3,"Adenocarcinoma, intestinal-type",Yes,"C150, C151, C152, C153, C154, C155, C158, C159, C160, C161, C162, C163, C164, C165, C166, C168, C169, C170, C171, C172, C173, C178, C179, C180, C181, C182, C183, C184, C185, C186, C187, C188, C189, C199, C209, C221, C239, C240, C241, C248, C249, C260, C269, C300, C310, C311, C312, C313, C318, C319, C670, C671, C672, C673, C674, C675, C676, C677, C678, C679, C680, C530, C531, C538, C539, C529",C150=Esophagus-cervical; C151=Esophagus-thoracic; C152=Esophagus-abdominal; C153=Esophagus-upper third; C154=Esophagus-middle third; C155=Esophagus-lower third; C158=Esophagus-overlapping; C159=Esophagus NOS; C160=Stomach-cardia; C161=Stomach-fundus; C162=Stomach-body; C163=Stomach-antrum; C164=Stomach-pylorus; C165=Stomach-lesser curv; C166=Stomach-greater curv; C168=Stomach-overlapping; C169=Stomach NOS; C170=Duodenum; C171=Jejunum; C172=Ileum; C173=Meckel diverticulum; C178=Small intestine-overlapping; C179=Small intestine NOS; C180=Cecum; C181=Appendix; C182=Ascending colon; C183=Hepatic flexure; C184=Transverse colon; C185=Splenic flexure; C186=Descending colon; C187=Sigmoid colon; C188=Colon-overlapping; C189=Colon NOS; C199=Rectosigmoid junction; C209=Rectum NOS; C221=Intrahepatic bile duct; C239=Gallbladder; C240=Extrahepatic bile duct; C241=Ampulla of Vater; C248=Biliary-overlapping; C249=Biliary NOS; C260=Intestinal tract NOS; C269=GI tract NOS; C300=Nasal/middle ear; C310=Sinuses; C311=Sinuses; C312=Sinuses; C313=Sinuses; C318=Sinuses; C319=Sinuses; C670=Bladder; C671=Bladder; C672=Bladder; C673=Bladder; C674=Bladder; C675=Bladder; C676=Bladder; C677=Bladder; C678=Bladder; C679=Bladder; C680=Urinary; C530=Cervix; C531=Cervix; C538=Cervix; C539=Cervix; C529=Vagina,66,86,Biliary (4); Bladder (10); Cervix (4); Colon (10); Esophagus (8); GI tract (2); Gallbladder (1); Liver (1); Lung (6); Nasal/middle ear (1); Rectosigmoid (1); Rectum (1); Renal pelvis (1); Salivary (5); Sinuses (6); Small intestine (6); Stomach (9); Thymus (1); Ureter (1); Urinary (1); Uterus (1); Vagina (1); Vulva (5),"C079, C080, C081, C088, C089, C150, C151, C152, C153, C154, C155, C158, C159, C160, C161, C162, C163, C164, C165, C166, C168, C169, C170, C171, C172, C173, C178, C179, C180, C181, C182, C183, C184, C185, C186, C187, C188, C189, C199, C209, C221, C239, C240, C241, C248, C249, C260, C269, C300, C310, C311, C312, C313, C318, C319, C340, C341, C342, C343, C348, C349, C379, C510, C511, C512, C518, C519, C529, C530, C531, C538, C539, C541, C659, C669, C670, C671, C672, C673, C674, C675, C676, C677, C678, C679, C680","'Intestinal-type' (enteric-type) adenocarcinoma is reported across the GI tract, sinonasal cavity, urinary bladder (enteric-type), cervix and vagina, but not at the lung or salivary glands within this code's ceiling, so its usage is a strict proper subset.",https://www.ncbi.nlm.nih.gov/pmc/articles/PMC8293118/,PubMed Central - sinonasal intestinal-type adenocarcinoma (ITAC)
8144/3,"Carcinoma, intestinal type",Yes,"C150, C151, C152, C153, C154, C155, C158, C159, C160, C161, C162, C163, C164, C165, C166, C168, C169, C170, C171, C172, C173, C178, C179, C180, C181, C182, C183, C184, C185, C186, C187, C188, C189, C199, C209, C221, C239, C240, C241, C248, C249, C260, C269, C300, C310, C311, C312, C313, C318, C319, C670, C671, C672, C673, C674, C675, C676, C677, C678, C679, C680, C530, C531, C538, C539, C529",C150=Esophagus-cervical; C151=Esophagus-thoracic; C152=Esophagus-abdominal; C153=Esophagus-upper third; C154=Esophagus-middle third; C155=Esophagus-lower third; C158=Esophagus-overlapping; C159=Esophagus NOS; C160=Stomach-cardia; C161=Stomach-fundus; C162=Stomach-body; C163=Stomach-antrum; C164=Stomach-pylorus; C165=Stomach-lesser curv; C166=Stomach-greater curv; C168=Stomach-overlapping; C169=Stomach NOS; C170=Duodenum; C171=Jejunum; C172=Ileum; C173=Meckel diverticulum; C178=Small intestine-overlapping; C179=Small intestine NOS; C180=Cecum; C181=Appendix; C182=Ascending colon; C183=Hepatic flexure; C184=Transverse colon; C185=Splenic flexure; C186=Descending colon; C187=Sigmoid colon; C188=Colon-overlapping; C189=Colon NOS; C199=Rectosigmoid junction; C209=Rectum NOS; C221=Intrahepatic bile duct; C239=Gallbladder; C240=Extrahepatic bile duct; C241=Ampulla of Vater; C248=Biliary-overlapping; C249=Biliary NOS; C260=Intestinal tract NOS; C269=GI tract NOS; C300=Nasal/middle ear; C310=Sinuses; C311=Sinuses; C312=Sinuses; C313=Sinuses; C318=Sinuses; C319=Sinuses; C670=Bladder; C671=Bladder; C672=Bladder; C673=Bladder; C674=Bladder; C675=Bladder; C676=Bladder; C677=Bladder; C678=Bladder; C679=Bladder; C680=Urinary; C530=Cervix; C531=Cervix; C538=Cervix; C539=Cervix; C529=Vagina,66,86,Biliary (4); Bladder (10); Cervix (4); Colon (10); Esophagus (8); GI tract (2); Gallbladder (1); Liver (1); Lung (6); Nasal/middle ear (1); Rectosigmoid (1); Rectum (1); Renal pelvis (1); Salivary (5); Sinuses (6); Small intestine (6); Stomach (9); Thymus (1); Ureter (1); Urinary (1); Uterus (1); Vagina (1); Vulva (5),"C079, C080, C081, C088, C089, C150, C151, C152, C153, C154, C155, C158, C159, C160, C161, C162, C163, C164, C165, C166, C168, C169, C170, C171, C172, C173, C178, C179, C180, C181, C182, C183, C184, C185, C186, C187, C188, C189, C199, C209, C221, C239, C240, C241, C248, C249, C260, C269, C300, C310, C311, C312, C313, C318, C319, C340, C341, C342, C343, C348, C349, C379, C510, C511, C512, C518, C519, C529, C530, C531, C538, C539, C541, C659, C669, C670, C671, C672, C673, C674, C675, C676, C677, C678, C679, C680","'Intestinal-type' (enteric-type) adenocarcinoma is reported across the GI tract, sinonasal cavity, urinary bladder (enteric-type), cervix and vagina, but not at the lung or salivary glands within this code's ceiling, so its usage is a strict proper subset.",https://www.ncbi.nlm.nih.gov/pmc/articles/PMC8293118/,PubMed Central - sinonasal intestinal-type adenocarcinoma (ITAC)
8144/3,"Carcinoma, intestinal-type",Yes,"C150, C151, C152, C153, C154, C155, C158, C159, C160, C161, C162, C163, C164, C165, C166, C168, C169, C170, C171, C172, C173, C178, C179, C180, C181, C182, C183, C184, C185, C186, C187, C188, C189, C199, C209, C221, C239, C240, C241, C248, C249, C260, C269, C300, C310, C311, C312, C313, C318, C319, C670, C671, C672, C673, C674, C675, C676, C677, C678, C679, C680, C530, C531, C538, C539, C529",C150=Esophagus-cervical; C151=Esophagus-thoracic; C152=Esophagus-abdominal; C153=Esophagus-upper third; C154=Esophagus-middle third; C155=Esophagus-lower third; C158=Esophagus-overlapping; C159=Esophagus NOS; C160=Stomach-cardia; C161=Stomach-fundus; C162=Stomach-body; C163=Stomach-antrum; C164=Stomach-pylorus; C165=Stomach-lesser curv; C166=Stomach-greater curv; C168=Stomach-overlapping; C169=Stomach NOS; C170=Duodenum; C171=Jejunum; C172=Ileum; C173=Meckel diverticulum; C178=Small intestine-overlapping; C179=Small intestine NOS; C180=Cecum; C181=Appendix; C182=Ascending colon; C183=Hepatic flexure; C184=Transverse colon; C185=Splenic flexure; C186=Descending colon; C187=Sigmoid colon; C188=Colon-overlapping; C189=Colon NOS; C199=Rectosigmoid junction; C209=Rectum NOS; C221=Intrahepatic bile duct; C239=Gallbladder; C240=Extrahepatic bile duct; C241=Ampulla of Vater; C248=Biliary-overlapping; C249=Biliary NOS; C260=Intestinal tract NOS; C269=GI tract NOS; C300=Nasal/middle ear; C310=Sinuses; C311=Sinuses; C312=Sinuses; C313=Sinuses; C318=Sinuses; C319=Sinuses; C670=Bladder; C671=Bladder; C672=Bladder; C673=Bladder; C674=Bladder; C675=Bladder; C676=Bladder; C677=Bladder; C678=Bladder; C679=Bladder; C680=Urinary; C530=Cervix; C531=Cervix; C538=Cervix; C539=Cervix; C529=Vagina,66,86,Biliary (4); Bladder (10); Cervix (4); Colon (10); Esophagus (8); GI tract (2); Gallbladder (1); Liver (1); Lung (6); Nasal/middle ear (1); Rectosigmoid (1); Rectum (1); Renal pelvis (1); Salivary (5); Sinuses (6); Small intestine (6); Stomach (9); Thymus (1); Ureter (1); Urinary (1); Uterus (1); Vagina (1); Vulva (5),"C079, C080, C081, C088, C089, C150, C151, C152, C153, C154, C155, C158, C159, C160, C161, C162, C163, C164, C165, C166, C168, C169, C170, C171, C172, C173, C178, C179, C180, C181, C182, C183, C184, C185, C186, C187, C188, C189, C199, C209, C221, C239, C240, C241, C248, C249, C260, C269, C300, C310, C311, C312, C313, C318, C319, C340, C341, C342, C343, C348, C349, C379, C510, C511, C512, C518, C519, C529, C530, C531, C538, C539, C541, C659, C669, C670, C671, C672, C673, C674, C675, C676, C677, C678, C679, C680","'Intestinal-type' (enteric-type) adenocarcinoma is reported across the GI tract, sinonasal cavity, urinary bladder (enteric-type), cervix and vagina, but not at the lung or salivary glands within this code's ceiling, so its usage is a strict proper subset.",https://www.ncbi.nlm.nih.gov/pmc/articles/PMC8293118/,PubMed Central - sinonasal intestinal-type adenocarcinoma (ITAC)
8144/3,Endometrial gastric (gastrointestinal)-type carcinoma,Yes,C541,C541=Uterus,1,86,Biliary (4); Bladder (10); Cervix (4); Colon (10); Esophagus (8); GI tract (2); Gallbladder (1); Liver (1); Lung (6); Nasal/middle ear (1); Rectosigmoid (1); Rectum (1); Renal pelvis (1); Salivary (5); Sinuses (6); Small intestine (6); Stomach (9); Thymus (1); Ureter (1); Urinary (1); Uterus (1); Vagina (1); Vulva (5),"C079, C080, C081, C088, C089, C150, C151, C152, C153, C154, C155, C158, C159, C160, C161, C162, C163, C164, C165, C166, C168, C169, C170, C171, C172, C173, C178, C179, C180, C181, C182, C183, C184, C185, C186, C187, C188, C189, C199, C209, C221, C239, C240, C241, C248, C249, C260, C269, C300, C310, C311, C312, C313, C318, C319, C340, C341, C342, C343, C348, C349, C379, C510, C511, C512, C518, C519, C529, C530, C531, C538, C539, C541, C659, C669, C670, C671, C672, C673, C674, C675, C676, C677, C678, C679, C680","Gastric (gastrointestinal)-type carcinoma of the endometrium is a WHO female-genital entity; it is a primary endometrial tumour, restricted (within this code's valid sites) to the endometrium.",https://pmc.ncbi.nlm.nih.gov/articles/PMC10688243/,Bragantini E et al. Gastric (gastrointestinal)-type endometrial adenocarcinoma. Pathologica 2023 (PMC10688243)
8144/3,Endometrial gastric-type adenocarcinoma,Yes,C541,C541=Uterus,1,86,Biliary (4); Bladder (10); Cervix (4); Colon (10); Esophagus (8); GI tract (2); Gallbladder (1); Liver (1); Lung (6); Nasal/middle ear (1); Rectosigmoid (1); Rectum (1); Renal pelvis (1); Salivary (5); Sinuses (6); Small intestine (6); Stomach (9); Thymus (1); Ureter (1); Urinary (1); Uterus (1); Vagina (1); Vulva (5),"C079, C080, C081, C088, C089, C150, C151, C152, C153, C154, C155, C158, C159, C160, C161, C162, C163, C164, C165, C166, C168, C169, C170, C171, C172, C173, C178, C179, C180, C181, C182, C183, C184, C185, C186, C187, C188, C189, C199, C209, C221, C239, C240, C241, C248, C249, C260, C269, C300, C310, C311, C312, C313, C318, C319, C340, C341, C342, C343, C348, C349, C379, C510, C511, C512, C518, C519, C529, C530, C531, C538, C539, C541, C659, C669, C670, C671, C672, C673, C674, C675, C676, C677, C678, C679, C680","Gastric (gastrointestinal)-type carcinoma of the endometrium is a WHO female-genital entity; it is a primary endometrial tumour, restricted (within this code's valid sites) to the endometrium.",https://pmc.ncbi.nlm.nih.gov/articles/PMC10688243/,Bragantini E et al. Gastric (gastrointestinal)-type endometrial adenocarcinoma. Pathologica 2023 (PMC10688243)
8144/3,Intestinal type adenocarcinoma,Yes,"C150, C151, C152, C153, C154, C155, C158, C159, C160, C161, C162, C163, C164, C165, C166, C168, C169, C170, C171, C172, C173, C178, C179, C180, C181, C182, C183, C184, C185, C186, C187, C188, C189, C199, C209, C221, C239, C240, C241, C248, C249, C260, C269, C300, C310, C311, C312, C313, C318, C319, C670, C671, C672, C673, C674, C675, C676, C677, C678, C679, C680, C530, C531, C538, C539, C529",C150=Esophagus-cervical; C151=Esophagus-thoracic; C152=Esophagus-abdominal; C153=Esophagus-upper third; C154=Esophagus-middle third; C155=Esophagus-lower third; C158=Esophagus-overlapping; C159=Esophagus NOS; C160=Stomach-cardia; C161=Stomach-fundus; C162=Stomach-body; C163=Stomach-antrum; C164=Stomach-pylorus; C165=Stomach-lesser curv; C166=Stomach-greater curv; C168=Stomach-overlapping; C169=Stomach NOS; C170=Duodenum; C171=Jejunum; C172=Ileum; C173=Meckel diverticulum; C178=Small intestine-overlapping; C179=Small intestine NOS; C180=Cecum; C181=Appendix; C182=Ascending colon; C183=Hepatic flexure; C184=Transverse colon; C185=Splenic flexure; C186=Descending colon; C187=Sigmoid colon; C188=Colon-overlapping; C189=Colon NOS; C199=Rectosigmoid junction; C209=Rectum NOS; C221=Intrahepatic bile duct; C239=Gallbladder; C240=Extrahepatic bile duct; C241=Ampulla of Vater; C248=Biliary-overlapping; C249=Biliary NOS; C260=Intestinal tract NOS; C269=GI tract NOS; C300=Nasal/middle ear; C310=Sinuses; C311=Sinuses; C312=Sinuses; C313=Sinuses; C318=Sinuses; C319=Sinuses; C670=Bladder; C671=Bladder; C672=Bladder; C673=Bladder; C674=Bladder; C675=Bladder; C676=Bladder; C677=Bladder; C678=Bladder; C679=Bladder; C680=Urinary; C530=Cervix; C531=Cervix; C538=Cervix; C539=Cervix; C529=Vagina,66,86,Biliary (4); Bladder (10); Cervix (4); Colon (10); Esophagus (8); GI tract (2); Gallbladder (1); Liver (1); Lung (6); Nasal/middle ear (1); Rectosigmoid (1); Rectum (1); Renal pelvis (1); Salivary (5); Sinuses (6); Small intestine (6); Stomach (9); Thymus (1); Ureter (1); Urinary (1); Uterus (1); Vagina (1); Vulva (5),"C079, C080, C081, C088, C089, C150, C151, C152, C153, C154, C155, C158, C159, C160, C161, C162, C163, C164, C165, C166, C168, C169, C170, C171, C172, C173, C178, C179, C180, C181, C182, C183, C184, C185, C186, C187, C188, C189, C199, C209, C221, C239, C240, C241, C248, C249, C260, C269, C300, C310, C311, C312, C313, C318, C319, C340, C341, C342, C343, C348, C349, C379, C510, C511, C512, C518, C519, C529, C530, C531, C538, C539, C541, C659, C669, C670, C671, C672, C673, C674, C675, C676, C677, C678, C679, C680","'Intestinal-type' (enteric-type) adenocarcinoma is reported across the GI tract, sinonasal cavity, urinary bladder (enteric-type), cervix and vagina, but not at the lung or salivary glands within this code's ceiling, so its usage is a strict proper subset.",https://www.ncbi.nlm.nih.gov/pmc/articles/PMC8293118/,PubMed Central - sinonasal intestinal-type adenocarcinoma (ITAC)
8144/3,Intestinal-type adenocarcinoma,Yes,"C150, C151, C152, C153, C154, C155, C158, C159, C160, C161, C162, C163, C164, C165, C166, C168, C169, C170, C171, C172, C173, C178, C179, C180, C181, C182, C183, C184, C185, C186, C187, C188, C189, C199, C209, C221, C239, C240, C241, C248, C249, C260, C269, C300, C310, C311, C312, C313, C318, C319, C670, C671, C672, C673, C674, C675, C676, C677, C678, C679, C680, C530, C531, C538, C539, C529",C150=Esophagus-cervical; C151=Esophagus-thoracic; C152=Esophagus-abdominal; C153=Esophagus-upper third; C154=Esophagus-middle third; C155=Esophagus-lower third; C158=Esophagus-overlapping; C159=Esophagus NOS; C160=Stomach-cardia; C161=Stomach-fundus; C162=Stomach-body; C163=Stomach-antrum; C164=Stomach-pylorus; C165=Stomach-lesser curv; C166=Stomach-greater curv; C168=Stomach-overlapping; C169=Stomach NOS; C170=Duodenum; C171=Jejunum; C172=Ileum; C173=Meckel diverticulum; C178=Small intestine-overlapping; C179=Small intestine NOS; C180=Cecum; C181=Appendix; C182=Ascending colon; C183=Hepatic flexure; C184=Transverse colon; C185=Splenic flexure; C186=Descending colon; C187=Sigmoid colon; C188=Colon-overlapping; C189=Colon NOS; C199=Rectosigmoid junction; C209=Rectum NOS; C221=Intrahepatic bile duct; C239=Gallbladder; C240=Extrahepatic bile duct; C241=Ampulla of Vater; C248=Biliary-overlapping; C249=Biliary NOS; C260=Intestinal tract NOS; C269=GI tract NOS; C300=Nasal/middle ear; C310=Sinuses; C311=Sinuses; C312=Sinuses; C313=Sinuses; C318=Sinuses; C319=Sinuses; C670=Bladder; C671=Bladder; C672=Bladder; C673=Bladder; C674=Bladder; C675=Bladder; C676=Bladder; C677=Bladder; C678=Bladder; C679=Bladder; C680=Urinary; C530=Cervix; C531=Cervix; C538=Cervix; C539=Cervix; C529=Vagina,66,86,Biliary (4); Bladder (10); Cervix (4); Colon (10); Esophagus (8); GI tract (2); Gallbladder (1); Liver (1); Lung (6); Nasal/middle ear (1); Rectosigmoid (1); Rectum (1); Renal pelvis (1); Salivary (5); Sinuses (6); Small intestine (6); Stomach (9); Thymus (1); Ureter (1); Urinary (1); Uterus (1); Vagina (1); Vulva (5),"C079, C080, C081, C088, C089, C150, C151, C152, C153, C154, C155, C158, C159, C160, C161, C162, C163, C164, C165, C166, C168, C169, C170, C171, C172, C173, C178, C179, C180, C181, C182, C183, C184, C185, C186, C187, C188, C189, C199, C209, C221, C239, C240, C241, C248, C249, C260, C269, C300, C310, C311, C312, C313, C318, C319, C340, C341, C342, C343, C348, C349, C379, C510, C511, C512, C518, C519, C529, C530, C531, C538, C539, C541, C659, C669, C670, C671, C672, C673, C674, C675, C676, C677, C678, C679, C680","'Intestinal-type' (enteric-type) adenocarcinoma is reported across the GI tract, sinonasal cavity, urinary bladder (enteric-type), cervix and vagina, but not at the lung or salivary glands within this code's ceiling, so its usage is a strict proper subset.",https://www.ncbi.nlm.nih.gov/pmc/articles/PMC8293118/,PubMed Central - sinonasal intestinal-type adenocarcinoma (ITAC)
8144/3,Intestinal-type sinonasal adenocarcinoma,Yes,"C300, C310, C311, C312, C313, C318, C319",C300=Nasal/middle ear; C310=Sinuses; C311=Sinuses; C312=Sinuses; C313=Sinuses; C318=Sinuses; C319=Sinuses,7,86,Biliary (4); Bladder (10); Cervix (4); Colon (10); Esophagus (8); GI tract (2); Gallbladder (1); Liver (1); Lung (6); Nasal/middle ear (1); Rectosigmoid (1); Rectum (1); Renal pelvis (1); Salivary (5); Sinuses (6); Small intestine (6); Stomach (9); Thymus (1); Ureter (1); Urinary (1); Uterus (1); Vagina (1); Vulva (5),"C079, C080, C081, C088, C089, C150, C151, C152, C153, C154, C155, C158, C159, C160, C161, C162, C163, C164, C165, C166, C168, C169, C170, C171, C172, C173, C178, C179, C180, C181, C182, C183, C184, C185, C186, C187, C188, C189, C199, C209, C221, C239, C240, C241, C248, C249, C260, C269, C300, C310, C311, C312, C313, C318, C319, C340, C341, C342, C343, C348, C349, C379, C510, C511, C512, C518, C519, C529, C530, C531, C538, C539, C541, C659, C669, C670, C671, C672, C673, C674, C675, C676, C677, C678, C679, C680","Intestinal-type sinonasal adenocarcinoma (ITAC) is a WHO entity of the nasal cavity and paranasal sinuses (ethmoid, maxillary).",https://pmc.ncbi.nlm.nih.gov/articles/PMC4746143/,Leivo I. Sinonasal Adenocarcinoma: Update on Classification. Head Neck Pathol 2016 (PMC4746143)
8144/3,"Mucinous carcinoma, gastric (gastrointestinal)–type",Yes,"C150, C151, C152, C153, C154, C155, C158, C159, C160, C161, C162, C163, C164, C165, C166, C168, C169, C170, C171, C172, C173, C178, C179, C180, C181, C182, C183, C184, C185, C186, C187, C188, C189, C199, C209, C221, C239, C240, C241, C248, C249, C260, C269, C300, C310, C311, C312, C313, C318, C319, C670, C671, C672, C673, C674, C675, C676, C677, C678, C679, C680, C530, C531, C538, C539, C529",C150=Esophagus-cervical; C151=Esophagus-thoracic; C152=Esophagus-abdominal; C153=Esophagus-upper third; C154=Esophagus-middle third; C155=Esophagus-lower third; C158=Esophagus-overlapping; C159=Esophagus NOS; C160=Stomach-cardia; C161=Stomach-fundus; C162=Stomach-body; C163=Stomach-antrum; C164=Stomach-pylorus; C165=Stomach-lesser curv; C166=Stomach-greater curv; C168=Stomach-overlapping; C169=Stomach NOS; C170=Duodenum; C171=Jejunum; C172=Ileum; C173=Meckel diverticulum; C178=Small intestine-overlapping; C179=Small intestine NOS; C180=Cecum; C181=Appendix; C182=Ascending colon; C183=Hepatic flexure; C184=Transverse colon; C185=Splenic flexure; C186=Descending colon; C187=Sigmoid colon; C188=Colon-overlapping; C189=Colon NOS; C199=Rectosigmoid junction; C209=Rectum NOS; C221=Intrahepatic bile duct; C239=Gallbladder; C240=Extrahepatic bile duct; C241=Ampulla of Vater; C248=Biliary-overlapping; C249=Biliary NOS; C260=Intestinal tract NOS; C269=GI tract NOS; C300=Nasal/middle ear; C310=Sinuses; C311=Sinuses; C312=Sinuses; C313=Sinuses; C318=Sinuses; C319=Sinuses; C670=Bladder; C671=Bladder; C672=Bladder; C673=Bladder; C674=Bladder; C675=Bladder; C676=Bladder; C677=Bladder; C678=Bladder; C679=Bladder; C680=Urinary; C530=Cervix; C531=Cervix; C538=Cervix; C539=Cervix; C529=Vagina,66,86,Biliary (4); Bladder (10); Cervix (4); Colon (10); Esophagus (8); GI tract (2); Gallbladder (1); Liver (1); Lung (6); Nasal/middle ear (1); Rectosigmoid (1); Rectum (1); Renal pelvis (1); Salivary (5); Sinuses (6); Small intestine (6); Stomach (9); Thymus (1); Ureter (1); Urinary (1); Uterus (1); Vagina (1); Vulva (5),"C079, C080, C081, C088, C089, C150, C151, C152, C153, C154, C155, C158, C159, C160, C161, C162, C163, C164, C165, C166, C168, C169, C170, C171, C172, C173, C178, C179, C180, C181, C182, C183, C184, C185, C186, C187, C188, C189, C199, C209, C221, C239, C240, C241, C248, C249, C260, C269, C300, C310, C311, C312, C313, C318, C319, C340, C341, C342, C343, C348, C349, C379, C510, C511, C512, C518, C519, C529, C530, C531, C538, C539, C541, C659, C669, C670, C671, C672, C673, C674, C675, C676, C677, C678, C679, C680","'Gastric (gastrointestinal)-type' mucinous carcinoma is used along the GI tract and in gastric-type gynecologic (cervix) tumors, but not at the lung or salivary glands within the ceiling, making it a strict subset.",https://www.nature.com/articles/modpathol2015131,Modern Pathology (Nature) - gastric-type endocervical adenocarcinoma
8144/3,"Mucinous carcinoma, intestinal type",Yes,"C150, C151, C152, C153, C154, C155, C158, C159, C160, C161, C162, C163, C164, C165, C166, C168, C169, C170, C171, C172, C173, C178, C179, C180, C181, C182, C183, C184, C185, C186, C187, C188, C189, C199, C209, C221, C239, C240, C241, C248, C249, C260, C269, C300, C310, C311, C312, C313, C318, C319, C670, C671, C672, C673, C674, C675, C676, C677, C678, C679, C680, C530, C531, C538, C539, C529",C150=Esophagus-cervical; C151=Esophagus-thoracic; C152=Esophagus-abdominal; C153=Esophagus-upper third; C154=Esophagus-middle third; C155=Esophagus-lower third; C158=Esophagus-overlapping; C159=Esophagus NOS; C160=Stomach-cardia; C161=Stomach-fundus; C162=Stomach-body; C163=Stomach-antrum; C164=Stomach-pylorus; C165=Stomach-lesser curv; C166=Stomach-greater curv; C168=Stomach-overlapping; C169=Stomach NOS; C170=Duodenum; C171=Jejunum; C172=Ileum; C173=Meckel diverticulum; C178=Small intestine-overlapping; C179=Small intestine NOS; C180=Cecum; C181=Appendix; C182=Ascending colon; C183=Hepatic flexure; C184=Transverse colon; C185=Splenic flexure; C186=Descending colon; C187=Sigmoid colon; C188=Colon-overlapping; C189=Colon NOS; C199=Rectosigmoid junction; C209=Rectum NOS; C221=Intrahepatic bile duct; C239=Gallbladder; C240=Extrahepatic bile duct; C241=Ampulla of Vater; C248=Biliary-overlapping; C249=Biliary NOS; C260=Intestinal tract NOS; C269=GI tract NOS; C300=Nasal/middle ear; C310=Sinuses; C311=Sinuses; C312=Sinuses; C313=Sinuses; C318=Sinuses; C319=Sinuses; C670=Bladder; C671=Bladder; C672=Bladder; C673=Bladder; C674=Bladder; C675=Bladder; C676=Bladder; C677=Bladder; C678=Bladder; C679=Bladder; C680=Urinary; C530=Cervix; C531=Cervix; C538=Cervix; C539=Cervix; C529=Vagina,66,86,Biliary (4); Bladder (10); Cervix (4); Colon (10); Esophagus (8); GI tract (2); Gallbladder (1); Liver (1); Lung (6); Nasal/middle ear (1); Rectosigmoid (1); Rectum (1); Renal pelvis (1); Salivary (5); Sinuses (6); Small intestine (6); Stomach (9); Thymus (1); Ureter (1); Urinary (1); Uterus (1); Vagina (1); Vulva (5),"C079, C080, C081, C088, C089, C150, C151, C152, C153, C154, C155, C158, C159, C160, C161, C162, C163, C164, C165, C166, C168, C169, C170, C171, C172, C173, C178, C179, C180, C181, C182, C183, C184, C185, C186, C187, C188, C189, C199, C209, C221, C239, C240, C241, C248, C249, C260, C269, C300, C310, C311, C312, C313, C318, C319, C340, C341, C342, C343, C348, C349, C379, C510, C511, C512, C518, C519, C529, C530, C531, C538, C539, C541, C659, C669, C670, C671, C672, C673, C674, C675, C676, C677, C678, C679, C680","'Intestinal-type' (enteric-type) adenocarcinoma is reported across the GI tract, sinonasal cavity, urinary bladder (enteric-type), cervix and vagina, but not at the lung or salivary glands within this code's ceiling, so its usage is a strict proper subset.",https://www.ncbi.nlm.nih.gov/pmc/articles/PMC8293118/,PubMed Central - sinonasal intestinal-type adenocarcinoma (ITAC)
8144/3,"Mucinous carcinoma, intestinal-type",Yes,"C150, C151, C152, C153, C154, C155, C158, C159, C160, C161, C162, C163, C164, C165, C166, C168, C169, C170, C171, C172, C173, C178, C179, C180, C181, C182, C183, C184, C185, C186, C187, C188, C189, C199, C209, C221, C239, C240, C241, C248, C249, C260, C269, C300, C310, C311, C312, C313, C318, C319, C670, C671, C672, C673, C674, C675, C676, C677, C678, C679, C680, C530, C531, C538, C539, C529",C150=Esophagus-cervical; C151=Esophagus-thoracic; C152=Esophagus-abdominal; C153=Esophagus-upper third; C154=Esophagus-middle third; C155=Esophagus-lower third; C158=Esophagus-overlapping; C159=Esophagus NOS; C160=Stomach-cardia; C161=Stomach-fundus; C162=Stomach-body; C163=Stomach-antrum; C164=Stomach-pylorus; C165=Stomach-lesser curv; C166=Stomach-greater curv; C168=Stomach-overlapping; C169=Stomach NOS; C170=Duodenum; C171=Jejunum; C172=Ileum; C173=Meckel diverticulum; C178=Small intestine-overlapping; C179=Small intestine NOS; C180=Cecum; C181=Appendix; C182=Ascending colon; C183=Hepatic flexure; C184=Transverse colon; C185=Splenic flexure; C186=Descending colon; C187=Sigmoid colon; C188=Colon-overlapping; C189=Colon NOS; C199=Rectosigmoid junction; C209=Rectum NOS; C221=Intrahepatic bile duct; C239=Gallbladder; C240=Extrahepatic bile duct; C241=Ampulla of Vater; C248=Biliary-overlapping; C249=Biliary NOS; C260=Intestinal tract NOS; C269=GI tract NOS; C300=Nasal/middle ear; C310=Sinuses; C311=Sinuses; C312=Sinuses; C313=Sinuses; C318=Sinuses; C319=Sinuses; C670=Bladder; C671=Bladder; C672=Bladder; C673=Bladder; C674=Bladder; C675=Bladder; C676=Bladder; C677=Bladder; C678=Bladder; C679=Bladder; C680=Urinary; C530=Cervix; C531=Cervix; C538=Cervix; C539=Cervix; C529=Vagina,66,86,Biliary (4); Bladder (10); Cervix (4); Colon (10); Esophagus (8); GI tract (2); Gallbladder (1); Liver (1); Lung (6); Nasal/middle ear (1); Rectosigmoid (1); Rectum (1); Renal pelvis (1); Salivary (5); Sinuses (6); Small intestine (6); Stomach (9); Thymus (1); Ureter (1); Urinary (1); Uterus (1); Vagina (1); Vulva (5),"C079, C080, C081, C088, C089, C150, C151, C152, C153, C154, C155, C158, C159, C160, C161, C162, C163, C164, C165, C166, C168, C169, C170, C171, C172, C173, C178, C179, C180, C181, C182, C183, C184, C185, C186, C187, C188, C189, C199, C209, C221, C239, C240, C241, C248, C249, C260, C269, C300, C310, C311, C312, C313, C318, C319, C340, C341, C342, C343, C348, C349, C379, C510, C511, C512, C518, C519, C529, C530, C531, C538, C539, C541, C659, C669, C670, C671, C672, C673, C674, C675, C676, C677, C678, C679, C680","'Intestinal-type' (enteric-type) adenocarcinoma is reported across the GI tract, sinonasal cavity, urinary bladder (enteric-type), cervix and vagina, but not at the lung or salivary glands within this code's ceiling, so its usage is a strict proper subset.",https://www.ncbi.nlm.nih.gov/pmc/articles/PMC8293118/,PubMed Central - sinonasal intestinal-type adenocarcinoma (ITAC)
8144/3,"Tubular adenocarcinoma, intestinal type",Yes,"C150, C151, C152, C153, C154, C155, C158, C159, C160, C161, C162, C163, C164, C165, C166, C168, C169, C170, C171, C172, C173, C178, C179, C180, C181, C182, C183, C184, C185, C186, C187, C188, C189, C199, C209, C221, C239, C240, C241, C248, C249, C260, C269, C300, C310, C311, C312, C313, C318, C319, C670, C671, C672, C673, C674, C675, C676, C677, C678, C679, C680, C530, C531, C538, C539, C529",C150=Esophagus-cervical; C151=Esophagus-thoracic; C152=Esophagus-abdominal; C153=Esophagus-upper third; C154=Esophagus-middle third; C155=Esophagus-lower third; C158=Esophagus-overlapping; C159=Esophagus NOS; C160=Stomach-cardia; C161=Stomach-fundus; C162=Stomach-body; C163=Stomach-antrum; C164=Stomach-pylorus; C165=Stomach-lesser curv; C166=Stomach-greater curv; C168=Stomach-overlapping; C169=Stomach NOS; C170=Duodenum; C171=Jejunum; C172=Ileum; C173=Meckel diverticulum; C178=Small intestine-overlapping; C179=Small intestine NOS; C180=Cecum; C181=Appendix; C182=Ascending colon; C183=Hepatic flexure; C184=Transverse colon; C185=Splenic flexure; C186=Descending colon; C187=Sigmoid colon; C188=Colon-overlapping; C189=Colon NOS; C199=Rectosigmoid junction; C209=Rectum NOS; C221=Intrahepatic bile duct; C239=Gallbladder; C240=Extrahepatic bile duct; C241=Ampulla of Vater; C248=Biliary-overlapping; C249=Biliary NOS; C260=Intestinal tract NOS; C269=GI tract NOS; C300=Nasal/middle ear; C310=Sinuses; C311=Sinuses; C312=Sinuses; C313=Sinuses; C318=Sinuses; C319=Sinuses; C670=Bladder; C671=Bladder; C672=Bladder; C673=Bladder; C674=Bladder; C675=Bladder; C676=Bladder; C677=Bladder; C678=Bladder; C679=Bladder; C680=Urinary; C530=Cervix; C531=Cervix; C538=Cervix; C539=Cervix; C529=Vagina,66,86,Biliary (4); Bladder (10); Cervix (4); Colon (10); Esophagus (8); GI tract (2); Gallbladder (1); Liver (1); Lung (6); Nasal/middle ear (1); Rectosigmoid (1); Rectum (1); Renal pelvis (1); Salivary (5); Sinuses (6); Small intestine (6); Stomach (9); Thymus (1); Ureter (1); Urinary (1); Uterus (1); Vagina (1); Vulva (5),"C079, C080, C081, C088, C089, C150, C151, C152, C153, C154, C155, C158, C159, C160, C161, C162, C163, C164, C165, C166, C168, C169, C170, C171, C172, C173, C178, C179, C180, C181, C182, C183, C184, C185, C186, C187, C188, C189, C199, C209, C221, C239, C240, C241, C248, C249, C260, C269, C300, C310, C311, C312, C313, C318, C319, C340, C341, C342, C343, C348, C349, C379, C510, C511, C512, C518, C519, C529, C530, C531, C538, C539, C541, C659, C669, C670, C671, C672, C673, C674, C675, C676, C677, C678, C679, C680","'Intestinal-type' (enteric-type) adenocarcinoma is reported across the GI tract, sinonasal cavity, urinary bladder (enteric-type), cervix and vagina, but not at the lung or salivary glands within this code's ceiling, so its usage is a strict proper subset.",https://www.ncbi.nlm.nih.gov/pmc/articles/PMC8293118/,PubMed Central - sinonasal intestinal-type adenocarcinoma (ITAC)
8148/2,"Barrett dysplasia, high-grade",Yes,"C150, C151, C152, C153, C154, C155, C158, C159",C150=Esophagus-cervical; C151=Esophagus-thoracic; C152=Esophagus-abdominal; C153=Esophagus-upper third; C154=Esophagus-middle third; C155=Esophagus-lower third; C158=Esophagus-overlapping; C159=Esophagus NOS,8,42,Biliary (3); Colon (9); Esophagus (8); Gallbladder (1); Liver (1); Pancreas (8); Prostate (1); Rectosigmoid (1); Rectum (1); Stomach (9),"C150, C151, C152, C153, C154, C155, C158, C159, C160, C161, C162, C163, C164, C165, C166, C168, C169, C180, C182, C183, C184, C185, C186, C187, C188, C189, C199, C209, C221, C239, C240, C248, C249, C250, C251, C252, C253, C254, C257, C258, C259, C619",Barrett dysplasia is by definition dysplasia arising in Barrett metaplastic columnar epithelium of the distal esophagus; it is confined to the esophagus within this code's broad ceiling.,https://www.ncbi.nlm.nih.gov/books/NBK430979/,"Barrett Esophagus (StatPearls, NBK430979)"
8148/2,"Biliary intraepithelial neoplasia, grade 3 (BilIN-3)",Yes,"C221, C239, C240, C248, C249",C221=Intrahepatic bile duct; C239=Gallbladder; C240=Extrahepatic bile duct; C248=Biliary-overlapping; C249=Biliary NOS,5,42,Biliary (3); Colon (9); Esophagus (8); Gallbladder (1); Liver (1); Pancreas (8); Prostate (1); Rectosigmoid (1); Rectum (1); Stomach (9),"C150, C151, C152, C153, C154, C155, C158, C159, C160, C161, C162, C163, C164, C165, C166, C168, C169, C180, C182, C183, C184, C185, C186, C187, C188, C189, C199, C209, C221, C239, C240, C248, C249, C250, C251, C252, C253, C254, C257, C258, C259, C619",Biliary intraepithelial neoplasia (BilIN) is a non-invasive dysplastic lesion of the biliary epithelium (bile ducts and gallbladder); it is confined to the biliary tract within this code's ceiling.,https://pubmed.ncbi.nlm.nih.gov/17431410/,Biliary intraepithelial neoplasia international criteria (PubMed 17431410)
8148/2,"Biliary intraepithelial neoplasia, high-grade",Yes,"C221, C239, C240, C248, C249",C221=Intrahepatic bile duct; C239=Gallbladder; C240=Extrahepatic bile duct; C248=Biliary-overlapping; C249=Biliary NOS,5,42,Biliary (3); Colon (9); Esophagus (8); Gallbladder (1); Liver (1); Pancreas (8); Prostate (1); Rectosigmoid (1); Rectum (1); Stomach (9),"C150, C151, C152, C153, C154, C155, C158, C159, C160, C161, C162, C163, C164, C165, C166, C168, C169, C180, C182, C183, C184, C185, C186, C187, C188, C189, C199, C209, C221, C239, C240, C248, C249, C250, C251, C252, C253, C254, C257, C258, C259, C619",Biliary intraepithelial neoplasia (BilIN) is a non-invasive dysplastic lesion of the biliary epithelium (bile ducts and gallbladder); it is confined to the biliary tract within this code's ceiling.,https://pubmed.ncbi.nlm.nih.gov/17431410/,Biliary intraepithelial neoplasia international criteria (PubMed 17431410)
8148/2,"Foveolar-type (gastric-type) dysplasia, high-grade",Yes,"C160, C161, C162, C163, C164, C165, C166, C168, C169",C160=Stomach-cardia; C161=Stomach-fundus; C162=Stomach-body; C163=Stomach-antrum; C164=Stomach-pylorus; C165=Stomach-lesser curv; C166=Stomach-greater curv; C168=Stomach-overlapping; C169=Stomach NOS,9,42,Biliary (3); Colon (9); Esophagus (8); Gallbladder (1); Liver (1); Pancreas (8); Prostate (1); Rectosigmoid (1); Rectum (1); Stomach (9),"C150, C151, C152, C153, C154, C155, C158, C159, C160, C161, C162, C163, C164, C165, C166, C168, C169, C180, C182, C183, C184, C185, C186, C187, C188, C189, C199, C209, C221, C239, C240, C248, C249, C250, C251, C252, C253, C254, C257, C258, C259, C619",Foveolar-type/gastric-type and gastric pit(/crypt) dysplasia are gastric precursor lesions listed under stomach tumours in the WHO classification; they are confined to the stomach within this code's ceiling.,https://whobluebooks.iarc.who.int/structures/digestive-system-tumours/,WHO Classification of Digestive System Tumours 5th ed (structure: gastric dysplasia)
8148/2,"Gastric dysplasia, high-grade",Yes,"C160, C161, C162, C163, C164, C165, C166, C168, C169",C160=Stomach-cardia; C161=Stomach-fundus; C162=Stomach-body; C163=Stomach-antrum; C164=Stomach-pylorus; C165=Stomach-lesser curv; C166=Stomach-greater curv; C168=Stomach-overlapping; C169=Stomach NOS,9,42,Biliary (3); Colon (9); Esophagus (8); Gallbladder (1); Liver (1); Pancreas (8); Prostate (1); Rectosigmoid (1); Rectum (1); Stomach (9),"C150, C151, C152, C153, C154, C155, C158, C159, C160, C161, C162, C163, C164, C165, C166, C168, C169, C180, C182, C183, C184, C185, C186, C187, C188, C189, C199, C209, C221, C239, C240, C248, C249, C250, C251, C252, C253, C254, C257, C258, C259, C619",Foveolar-type/gastric-type and gastric pit(/crypt) dysplasia are gastric precursor lesions listed under stomach tumours in the WHO classification; they are confined to the stomach within this code's ceiling.,https://whobluebooks.iarc.who.int/structures/digestive-system-tumours/,WHO Classification of Digestive System Tumours 5th ed (structure: gastric dysplasia)
8148/2,"Gastric pit dysplasia, high-grade",Yes,"C160, C161, C162, C163, C164, C165, C166, C168, C169",C160=Stomach-cardia; C161=Stomach-fundus; C162=Stomach-body; C163=Stomach-antrum; C164=Stomach-pylorus; C165=Stomach-lesser curv; C166=Stomach-greater curv; C168=Stomach-overlapping; C169=Stomach NOS,9,42,Biliary (3); Colon (9); Esophagus (8); Gallbladder (1); Liver (1); Pancreas (8); Prostate (1); Rectosigmoid (1); Rectum (1); Stomach (9),"C150, C151, C152, C153, C154, C155, C158, C159, C160, C161, C162, C163, C164, C165, C166, C168, C169, C180, C182, C183, C184, C185, C186, C187, C188, C189, C199, C209, C221, C239, C240, C248, C249, C250, C251, C252, C253, C254, C257, C258, C259, C619",Foveolar-type/gastric-type and gastric pit(/crypt) dysplasia are gastric precursor lesions listed under stomach tumours in the WHO classification; they are confined to the stomach within this code's ceiling.,https://whobluebooks.iarc.who.int/structures/digestive-system-tumours/,WHO Classification of Digestive System Tumours 5th ed (structure: gastric dysplasia)
8148/2,"Gastric pit/crypt dysplasia, high-grade",Yes,"C160, C161, C162, C163, C164, C165, C166, C168, C169",C160=Stomach-cardia; C161=Stomach-fundus; C162=Stomach-body; C163=Stomach-antrum; C164=Stomach-pylorus; C165=Stomach-lesser curv; C166=Stomach-greater curv; C168=Stomach-overlapping; C169=Stomach NOS,9,42,Biliary (3); Colon (9); Esophagus (8); Gallbladder (1); Liver (1); Pancreas (8); Prostate (1); Rectosigmoid (1); Rectum (1); Stomach (9),"C150, C151, C152, C153, C154, C155, C158, C159, C160, C161, C162, C163, C164, C165, C166, C168, C169, C180, C182, C183, C184, C185, C186, C187, C188, C189, C199, C209, C221, C239, C240, C248, C249, C250, C251, C252, C253, C254, C257, C258, C259, C619",Foveolar-type/gastric-type and gastric pit(/crypt) dysplasia are gastric precursor lesions listed under stomach tumours in the WHO classification; they are confined to the stomach within this code's ceiling.,https://whobluebooks.iarc.who.int/structures/digestive-system-tumours/,WHO Classification of Digestive System Tumours 5th ed (structure: gastric dysplasia)
8148/2,High-grade Barrett dysplasia,Yes,"C150, C151, C152, C153, C154, C155, C158, C159",C150=Esophagus-cervical; C151=Esophagus-thoracic; C152=Esophagus-abdominal; C153=Esophagus-upper third; C154=Esophagus-middle third; C155=Esophagus-lower third; C158=Esophagus-overlapping; C159=Esophagus NOS,8,42,Biliary (3); Colon (9); Esophagus (8); Gallbladder (1); Liver (1); Pancreas (8); Prostate (1); Rectosigmoid (1); Rectum (1); Stomach (9),"C150, C151, C152, C153, C154, C155, C158, C159, C160, C161, C162, C163, C164, C165, C166, C168, C169, C180, C182, C183, C184, C185, C186, C187, C188, C189, C199, C209, C221, C239, C240, C248, C249, C250, C251, C252, C253, C254, C257, C258, C259, C619",Barrett dysplasia is by definition dysplasia arising in Barrett metaplastic columnar epithelium of the distal esophagus; it is confined to the esophagus within this code's broad ceiling.,https://www.ncbi.nlm.nih.gov/books/NBK430979/,"Barrett Esophagus (StatPearls, NBK430979)"
8148/2,"Pancreatic intraepithelial neoplasia, high-grade",Yes,"C250, C251, C252, C253, C254, C257, C258, C259",C250=Pancreas-head; C251=Pancreas-body; C252=Pancreas-tail; C253=Pancreas-duct; C254=Islets of Langerhans; C257=Pancreas-other; C258=Pancreas-overlapping; C259=Pancreas NOS,8,42,Biliary (3); Colon (9); Esophagus (8); Gallbladder (1); Liver (1); Pancreas (8); Prostate (1); Rectosigmoid (1); Rectum (1); Stomach (9),"C150, C151, C152, C153, C154, C155, C158, C159, C160, C161, C162, C163, C164, C165, C166, C168, C169, C180, C182, C183, C184, C185, C186, C187, C188, C189, C199, C209, C221, C239, C240, C248, C249, C250, C251, C252, C253, C254, C257, C258, C259, C619",Pancreatic intraepithelial neoplasia (PanIN) is by definition a microscopic precursor lesion of the pancreatic ductal epithelium; it is confined to the pancreas within this code's ceiling.,https://pmc.ncbi.nlm.nih.gov/articles/PMC2480542/,"Update on Pancreatic Intraepithelial Neoplasia (IJCEP, PMC2480542)"
8148/2,"esophageal glandular dysplasia (intraepithelial neoplasia), high-grade",Yes,"C150, C151, C152, C153, C154, C155, C158, C159",C150=Esophagus-cervical; C151=Esophagus-thoracic; C152=Esophagus-abdominal; C153=Esophagus-upper third; C154=Esophagus-middle third; C155=Esophagus-lower third; C158=Esophagus-overlapping; C159=Esophagus NOS,8,42,Biliary (3); Colon (9); Esophagus (8); Gallbladder (1); Liver (1); Pancreas (8); Prostate (1); Rectosigmoid (1); Rectum (1); Stomach (9),"C150, C151, C152, C153, C154, C155, C158, C159, C160, C161, C162, C163, C164, C165, C166, C168, C169, C180, C182, C183, C184, C185, C186, C187, C188, C189, C199, C209, C221, C239, C240, C248, C249, C250, C251, C252, C253, C254, C257, C258, C259, C619","The 'esophageal' qualifier confines this glandular dysplasia to the esophagus, a proper subset of the code's ceiling.",https://www.ncbi.nlm.nih.gov/books/NBK430979/,"Barrett Esophagus (StatPearls, NBK430979)"
8152/3,Pancreatic peptide and pancreatic peptide-like peptide within terminal tyrosine amide producing tumor,Yes,"C250, C251, C252, C253, C254, C257, C258, C259",C250=Pancreas-head; C251=Pancreas-body; C252=Pancreas-tail; C253=Pancreas-duct; C254=Islets of Langerhans; C257=Pancreas-other; C258=Pancreas-overlapping; C259=Pancreas NOS,8,21,Colon (10); Pancreas (8); Rectosigmoid (1); Rectum (1); Unknown primary (1),"C180, C181, C182, C183, C184, C185, C186, C187, C188, C189, C199, C209, C250, C251, C252, C253, C254, C257, C258, C259, C809","Pancreatic-polypeptide-producing tumors (PPomas) are predominantly pancreatic (islet-cell); the code's ceiling additionally includes the colon/rectum, so the literature-dominant pancreatic usage is a strict subset.",https://pmc.ncbi.nlm.nih.gov/articles/PMC5871954/,PubMed Central - PPoma review
8154/3,"Carcinoma, mixed acinar-neuroendocrine-ductal",Yes,"C250, C251, C252, C253, C254, C257, C258, C259",C250=Pancreas-head; C251=Pancreas-body; C252=Pancreas-tail; C253=Pancreas-duct; C254=Islets of Langerhans; C257=Pancreas-other; C258=Pancreas-overlapping; C259=Pancreas NOS,8,74,Anus (4); Biliary (4); Bladder (10); Cervix (4); Colon (10); Esophagus (8); GI tract (1); Gallbladder (1); Liver (2); Pancreas (8); Rectosigmoid (1); Rectum (1); Renal pelvis (1); Small intestine (6); Stomach (9); Ureter (1); Urinary (1); Uterus (1); Vagina (1),"C150, C151, C152, C153, C154, C155, C158, C159, C160, C161, C162, C163, C164, C165, C166, C168, C169, C170, C171, C172, C173, C178, C179, C180, C181, C182, C183, C184, C185, C186, C187, C188, C189, C199, C209, C210, C211, C212, C218, C220, C221, C239, C240, C241, C248, C249, C250, C251, C252, C253, C254, C257, C258, C259, C260, C529, C530, C531, C538, C539, C541, C659, C669, C670, C671, C672, C673, C674, C675, C676, C677, C678, C679, C680","Mixed acinar-neuroendocrine (and acinar-ductal) carcinoma is defined as a variant of pancreatic acinar cell carcinoma; it is fundamentally a pancreatic exocrine neoplasm. Extrapancreatic cases (e.g. gastric) are exceedingly rare and arise from ectopic pancreatic tissue, so within this broad GI/genitourinary code the entity is restricted to the pancreas.",https://pmc.ncbi.nlm.nih.gov/articles/PMC10310609/,Surgical Case Reports (PMC10310609): MANEC of pancreas
8154/3,Mixed acinar carcinoma-neuroendocrine carcinoma,Yes,"C250, C251, C252, C253, C254, C257, C258, C259",C250=Pancreas-head; C251=Pancreas-body; C252=Pancreas-tail; C253=Pancreas-duct; C254=Islets of Langerhans; C257=Pancreas-other; C258=Pancreas-overlapping; C259=Pancreas NOS,8,74,Anus (4); Biliary (4); Bladder (10); Cervix (4); Colon (10); Esophagus (8); GI tract (1); Gallbladder (1); Liver (2); Pancreas (8); Rectosigmoid (1); Rectum (1); Renal pelvis (1); Small intestine (6); Stomach (9); Ureter (1); Urinary (1); Uterus (1); Vagina (1),"C150, C151, C152, C153, C154, C155, C158, C159, C160, C161, C162, C163, C164, C165, C166, C168, C169, C170, C171, C172, C173, C178, C179, C180, C181, C182, C183, C184, C185, C186, C187, C188, C189, C199, C209, C210, C211, C212, C218, C220, C221, C239, C240, C241, C248, C249, C250, C251, C252, C253, C254, C257, C258, C259, C260, C529, C530, C531, C538, C539, C541, C659, C669, C670, C671, C672, C673, C674, C675, C676, C677, C678, C679, C680","Mixed acinar-neuroendocrine (and acinar-ductal) carcinoma is defined as a variant of pancreatic acinar cell carcinoma; it is fundamentally a pancreatic exocrine neoplasm. Extrapancreatic cases (e.g. gastric) are exceedingly rare and arise from ectopic pancreatic tissue, so within this broad GI/genitourinary code the entity is restricted to the pancreas.",https://pmc.ncbi.nlm.nih.gov/articles/PMC10310609/,Surgical Case Reports (PMC10310609): MANEC of pancreas
8154/3,Mixed acinar-endocrine carcinoma,Yes,"C250, C251, C252, C253, C254, C257, C258, C259",C250=Pancreas-head; C251=Pancreas-body; C252=Pancreas-tail; C253=Pancreas-duct; C254=Islets of Langerhans; C257=Pancreas-other; C258=Pancreas-overlapping; C259=Pancreas NOS,8,74,Anus (4); Biliary (4); Bladder (10); Cervix (4); Colon (10); Esophagus (8); GI tract (1); Gallbladder (1); Liver (2); Pancreas (8); Rectosigmoid (1); Rectum (1); Renal pelvis (1); Small intestine (6); Stomach (9); Ureter (1); Urinary (1); Uterus (1); Vagina (1),"C150, C151, C152, C153, C154, C155, C158, C159, C160, C161, C162, C163, C164, C165, C166, C168, C169, C170, C171, C172, C173, C178, C179, C180, C181, C182, C183, C184, C185, C186, C187, C188, C189, C199, C209, C210, C211, C212, C218, C220, C221, C239, C240, C241, C248, C249, C250, C251, C252, C253, C254, C257, C258, C259, C260, C529, C530, C531, C538, C539, C541, C659, C669, C670, C671, C672, C673, C674, C675, C676, C677, C678, C679, C680","Mixed acinar-neuroendocrine (and acinar-ductal) carcinoma is defined as a variant of pancreatic acinar cell carcinoma; it is fundamentally a pancreatic exocrine neoplasm. Extrapancreatic cases (e.g. gastric) are exceedingly rare and arise from ectopic pancreatic tissue, so within this broad GI/genitourinary code the entity is restricted to the pancreas.",https://pmc.ncbi.nlm.nih.gov/articles/PMC10310609/,Surgical Case Reports (PMC10310609): MANEC of pancreas
8154/3,Mixed acinar-endocrine-ductal carcinoma,Yes,"C250, C251, C252, C253, C254, C257, C258, C259",C250=Pancreas-head; C251=Pancreas-body; C252=Pancreas-tail; C253=Pancreas-duct; C254=Islets of Langerhans; C257=Pancreas-other; C258=Pancreas-overlapping; C259=Pancreas NOS,8,74,Anus (4); Biliary (4); Bladder (10); Cervix (4); Colon (10); Esophagus (8); GI tract (1); Gallbladder (1); Liver (2); Pancreas (8); Rectosigmoid (1); Rectum (1); Renal pelvis (1); Small intestine (6); Stomach (9); Ureter (1); Urinary (1); Uterus (1); Vagina (1),"C150, C151, C152, C153, C154, C155, C158, C159, C160, C161, C162, C163, C164, C165, C166, C168, C169, C170, C171, C172, C173, C178, C179, C180, C181, C182, C183, C184, C185, C186, C187, C188, C189, C199, C209, C210, C211, C212, C218, C220, C221, C239, C240, C241, C248, C249, C250, C251, C252, C253, C254, C257, C258, C259, C260, C529, C530, C531, C538, C539, C541, C659, C669, C670, C671, C672, C673, C674, C675, C676, C677, C678, C679, C680","Mixed acinar-neuroendocrine (and acinar-ductal) carcinoma is defined as a variant of pancreatic acinar cell carcinoma; it is fundamentally a pancreatic exocrine neoplasm. Extrapancreatic cases (e.g. gastric) are exceedingly rare and arise from ectopic pancreatic tissue, so within this broad GI/genitourinary code the entity is restricted to the pancreas.",https://pmc.ncbi.nlm.nih.gov/articles/PMC10310609/,Surgical Case Reports (PMC10310609): MANEC of pancreas
8154/3,Mixed acinar-neuroendocrine carcinoma,Yes,"C250, C251, C252, C253, C254, C257, C258, C259",C250=Pancreas-head; C251=Pancreas-body; C252=Pancreas-tail; C253=Pancreas-duct; C254=Islets of Langerhans; C257=Pancreas-other; C258=Pancreas-overlapping; C259=Pancreas NOS,8,74,Anus (4); Biliary (4); Bladder (10); Cervix (4); Colon (10); Esophagus (8); GI tract (1); Gallbladder (1); Liver (2); Pancreas (8); Rectosigmoid (1); Rectum (1); Renal pelvis (1); Small intestine (6); Stomach (9); Ureter (1); Urinary (1); Uterus (1); Vagina (1),"C150, C151, C152, C153, C154, C155, C158, C159, C160, C161, C162, C163, C164, C165, C166, C168, C169, C170, C171, C172, C173, C178, C179, C180, C181, C182, C183, C184, C185, C186, C187, C188, C189, C199, C209, C210, C211, C212, C218, C220, C221, C239, C240, C241, C248, C249, C250, C251, C252, C253, C254, C257, C258, C259, C260, C529, C530, C531, C538, C539, C541, C659, C669, C670, C671, C672, C673, C674, C675, C676, C677, C678, C679, C680","Mixed acinar-neuroendocrine (and acinar-ductal) carcinoma is defined as a variant of pancreatic acinar cell carcinoma; it is fundamentally a pancreatic exocrine neoplasm. Extrapancreatic cases (e.g. gastric) are exceedingly rare and arise from ectopic pancreatic tissue, so within this broad GI/genitourinary code the entity is restricted to the pancreas.",https://pmc.ncbi.nlm.nih.gov/articles/PMC10310609/,Surgical Case Reports (PMC10310609): MANEC of pancreas
8154/3,"Mixed pancreatic endocrine and exocrine tumor, malignant",Yes,"C250, C251, C252, C253, C254, C257, C258, C259",C250=Pancreas-head; C251=Pancreas-body; C252=Pancreas-tail; C253=Pancreas-duct; C254=Islets of Langerhans; C257=Pancreas-other; C258=Pancreas-overlapping; C259=Pancreas NOS,8,74,Anus (4); Biliary (4); Bladder (10); Cervix (4); Colon (10); Esophagus (8); GI tract (1); Gallbladder (1); Liver (2); Pancreas (8); Rectosigmoid (1); Rectum (1); Renal pelvis (1); Small intestine (6); Stomach (9); Ureter (1); Urinary (1); Uterus (1); Vagina (1),"C150, C151, C152, C153, C154, C155, C158, C159, C160, C161, C162, C163, C164, C165, C166, C168, C169, C170, C171, C172, C173, C178, C179, C180, C181, C182, C183, C184, C185, C186, C187, C188, C189, C199, C209, C210, C211, C212, C218, C220, C221, C239, C240, C241, C248, C249, C250, C251, C252, C253, C254, C257, C258, C259, C260, C529, C530, C531, C538, C539, C541, C659, C669, C670, C671, C672, C673, C674, C675, C676, C677, C678, C679, C680",The term explicitly designates a pancreatic mixed endocrine/exocrine neoplasm; by name and definition it is confined to the pancreas within this code's broad ceiling.,https://pmc.ncbi.nlm.nih.gov/articles/PMC10310609/,Surgical Case Reports (PMC10310609): MANEC of pancreas
8154/3,mixed acinar-ductal neuroendocrine carcinoma,Yes,"C250, C251, C252, C253, C254, C257, C258, C259",C250=Pancreas-head; C251=Pancreas-body; C252=Pancreas-tail; C253=Pancreas-duct; C254=Islets of Langerhans; C257=Pancreas-other; C258=Pancreas-overlapping; C259=Pancreas NOS,8,74,Anus (4); Biliary (4); Bladder (10); Cervix (4); Colon (10); Esophagus (8); GI tract (1); Gallbladder (1); Liver (2); Pancreas (8); Rectosigmoid (1); Rectum (1); Renal pelvis (1); Small intestine (6); Stomach (9); Ureter (1); Urinary (1); Uterus (1); Vagina (1),"C150, C151, C152, C153, C154, C155, C158, C159, C160, C161, C162, C163, C164, C165, C166, C168, C169, C170, C171, C172, C173, C178, C179, C180, C181, C182, C183, C184, C185, C186, C187, C188, C189, C199, C209, C210, C211, C212, C218, C220, C221, C239, C240, C241, C248, C249, C250, C251, C252, C253, C254, C257, C258, C259, C260, C529, C530, C531, C538, C539, C541, C659, C669, C670, C671, C672, C673, C674, C675, C676, C677, C678, C679, C680","Mixed acinar-neuroendocrine (and acinar-ductal) carcinoma is defined as a variant of pancreatic acinar cell carcinoma; it is fundamentally a pancreatic exocrine neoplasm. Extrapancreatic cases (e.g. gastric) are exceedingly rare and arise from ectopic pancreatic tissue, so within this broad GI/genitourinary code the entity is restricted to the pancreas.",https://pmc.ncbi.nlm.nih.gov/articles/PMC10310609/,Surgical Case Reports (PMC10310609): MANEC of pancreas
8158/3,CRH-producing pancreatic neuroendocrine tumor,Yes,"C250, C251, C252, C253, C254, C257, C258, C259",C250=Pancreas-head; C251=Pancreas-body; C252=Pancreas-tail; C253=Pancreas-duct; C254=Islets of Langerhans; C257=Pancreas-other; C258=Pancreas-overlapping; C259=Pancreas NOS,8,9,Biliary (1); Pancreas (8),"C241, C250, C251, C252, C253, C254, C257, C258, C259","CRH/ACTH-producing functioning NETs of this class are pancreatic-origin tumours (pancreatic NETs), so confining usage to the pancreatic codes excludes the ampulla-of-Vater code (C241) in the ceiling, forming a proper subset.",https://pmc.ncbi.nlm.nih.gov/articles/PMC5353908/,Ann Hepatobiliary Pancreat Surg (PMC5353908): ACTH-producing neuroendocrine tumor of the pancreas
8158/3,Calcitonin-producing pancreatic neuroendocrine tumor,Yes,"C250, C251, C252, C253, C254, C257, C258, C259",C250=Pancreas-head; C251=Pancreas-body; C252=Pancreas-tail; C253=Pancreas-duct; C254=Islets of Langerhans; C257=Pancreas-other; C258=Pancreas-overlapping; C259=Pancreas NOS,8,9,Biliary (1); Pancreas (8),"C241, C250, C251, C252, C253, C254, C257, C258, C259","Calcitonin-secreting (calcitoninoma) functioning NETs are pancreatic-origin tumours; ENETS covers these functioning syndromes with the primary tumour originating in the pancreas. Restricting to the pancreatic codes excludes the ampulla-of-Vater code (C241) that is also in the ceiling, so it is a proper subset.",https://onlinelibrary.wiley.com/doi/10.1111/jne.13318,ENETS 2023 guidance paper for functioning pancreatic NET syndromes (J Neuroendocrinol)
8158/3,Cholecystokinin-producing pancreatic neuroendocrine tumor,Yes,"C250, C251, C252, C253, C254, C257, C258, C259",C250=Pancreas-head; C251=Pancreas-body; C252=Pancreas-tail; C253=Pancreas-duct; C254=Islets of Langerhans; C257=Pancreas-other; C258=Pancreas-overlapping; C259=Pancreas NOS,8,9,Biliary (1); Pancreas (8),"C241, C250, C251, C252, C253, C254, C257, C258, C259","CCK-producing functioning NET is a pancreatic NET among the rare functioning pancreatic syndromes; confining to pancreatic codes excludes the ampulla (C241) in the ceiling, making it a proper subset.",https://onlinelibrary.wiley.com/doi/10.1111/jne.13318,ENETS 2023 guidance paper for functioning pancreatic NET syndromes (J Neuroendocrinol)
8158/3,Erythropoietin-producing pancreatic neuroendocrine tumor,Yes,"C250, C251, C252, C253, C254, C257, C258, C259",C250=Pancreas-head; C251=Pancreas-body; C252=Pancreas-tail; C253=Pancreas-duct; C254=Islets of Langerhans; C257=Pancreas-other; C258=Pancreas-overlapping; C259=Pancreas NOS,8,9,Biliary (1); Pancreas (8),"C241, C250, C251, C252, C253, C254, C257, C258, C259","An erythropoietin-producing functioning NET of this group is a pancreatic NET; restricting to the pancreatic codes excludes the ampulla (C241) in the ceiling, so it occupies a proper subset.",https://onlinelibrary.wiley.com/doi/10.1111/jne.13318,ENETS 2023 guidance paper for functioning pancreatic NET syndromes (J Neuroendocrinol)
8158/3,GHRH-producing pancreatic neuroendocrine tumor,Yes,"C250, C251, C252, C253, C254, C257, C258, C259",C250=Pancreas-head; C251=Pancreas-body; C252=Pancreas-tail; C253=Pancreas-duct; C254=Islets of Langerhans; C257=Pancreas-other; C258=Pancreas-overlapping; C259=Pancreas NOS,8,9,Biliary (1); Pancreas (8),"C241, C250, C251, C252, C253, C254, C257, C258, C259","GHRH-producing functioning NETs of this type arise in the pancreas (pancreatic NETs causing ectopic acromegaly); restricting to pancreatic codes excludes the ampulla (C241) in the ceiling, so it forms a proper subset.",https://neupsykey.com/pancreatic-neuroendocrine-tumors-producing-ghrh-gh-ghrelin-pth-or-pthrp/,"Neupsy Key: Pancreatic NETs producing GHRH, GH, ghrelin, PTH or PTHrP"
8158/3,Ghrelin-producing pancreatic neuroendocrine tumor,Yes,"C250, C251, C252, C253, C254, C257, C258, C259",C250=Pancreas-head; C251=Pancreas-body; C252=Pancreas-tail; C253=Pancreas-duct; C254=Islets of Langerhans; C257=Pancreas-other; C258=Pancreas-overlapping; C259=Pancreas NOS,8,9,Biliary (1); Pancreas (8),"C241, C250, C251, C252, C253, C254, C257, C258, C259","Ghrelin-producing functioning NET (pancreatic ghrelinoma) is a pancreatic-origin tumour; confining to pancreatic codes excludes the ceiling's ampulla code (C241), making it a proper subset.",https://neupsykey.com/pancreatic-neuroendocrine-tumors-producing-ghrh-gh-ghrelin-pth-or-pthrp/,"Neupsy Key: Pancreatic NETs producing GHRH, GH, ghrelin, PTH or PTHrP"
8158/3,PTH/PTHrP-producing pancreatic neuroendocrine tumor,Yes,"C250, C251, C252, C253, C254, C257, C258, C259",C250=Pancreas-head; C251=Pancreas-body; C252=Pancreas-tail; C253=Pancreas-duct; C254=Islets of Langerhans; C257=Pancreas-other; C258=Pancreas-overlapping; C259=Pancreas NOS,8,9,Biliary (1); Pancreas (8),"C241, C250, C251, C252, C253, C254, C257, C258, C259","PTH/PTHrP-producing functioning NETs (PTHrPoma) are pancreatic-origin tumours; confining to the pancreatic codes excludes the ceiling's ampulla-of-Vater code (C241), making it a proper subset.",https://onlinelibrary.wiley.com/doi/10.1111/jne.13318,ENETS 2023 guidance paper for functioning pancreatic NET syndromes (J Neuroendocrinol)
8158/3,Vasopressin-producing pancreatic neuroendocrine tumor,Yes,"C250, C251, C252, C253, C254, C257, C258, C259",C250=Pancreas-head; C251=Pancreas-body; C252=Pancreas-tail; C253=Pancreas-duct; C254=Islets of Langerhans; C257=Pancreas-other; C258=Pancreas-overlapping; C259=Pancreas NOS,8,9,Biliary (1); Pancreas (8),"C241, C250, C251, C252, C253, C254, C257, C258, C259","A vasopressin-producing functioning NET of this group is a pancreatic NET; restricting to the pancreatic codes excludes the ampulla (C241) in the ceiling, so its real usage is a proper subset.",https://onlinelibrary.wiley.com/doi/10.1111/jne.13318,ENETS 2023 guidance paper for functioning pancreatic NET syndromes (J Neuroendocrinol)
8160/3,Bile duct adenocarcinoma,Yes,"C221, C240, C248, C249",C221=Intrahepatic bile duct; C240=Extrahepatic bile duct; C248=Biliary-overlapping; C249=Biliary NOS,4,5,Biliary (3); Gallbladder (1); Liver (1),"C221, C239, C240, C248, C249","Bile duct adenocarcinoma arises from the bile-duct epithelium (intrahepatic and extrahepatic biliary tree); gallbladder cancer is classified as a separate biliary tract cancer, so bile-duct adenocarcinoma excludes the gallbladder code (C239) in the ceiling and occupies a proper subset.",https://en.wikipedia.org/wiki/Cholangiocarcinoma,Wikipedia: Cholangiocarcinoma (bile duct cancer; gallbladder cancer is a separate biliary tract cancer)
8160/3,Bile duct carcinoma,Yes,"C221, C240, C248, C249",C221=Intrahepatic bile duct; C240=Extrahepatic bile duct; C248=Biliary-overlapping; C249=Biliary NOS,4,5,Biliary (3); Gallbladder (1); Liver (1),"C221, C239, C240, C248, C249","Bile duct carcinoma is cancer of the bile-duct epithelium throughout the intra/extrahepatic biliary tree; because gallbladder cancer is a distinct biliary tract entity, the term excludes the gallbladder code (C239) in the ceiling and therefore occupies a proper subset.",https://en.wikipedia.org/wiki/Cholangiocarcinoma,Wikipedia: Cholangiocarcinoma (bile duct cancer; gallbladder cancer is a separate biliary tract cancer)
8160/3,Carcinoma of extrahepatic bile ducts,Yes,C240,C240=Extrahepatic bile duct,1,5,Biliary (3); Gallbladder (1); Liver (1),"C221, C239, C240, C248, C249","WHO 5th ed uses 'carcinoma of extrahepatic bile ducts' specifically for tumors arising in the extrahepatic biliary tree, distinct from intrahepatic cholangiocarcinoma and gallbladder carcinoma. This restricts the term to the extrahepatic bile duct subset of the code's biliary SMVL sites.",https://www.ncbi.nlm.nih.gov/pmc/articles/PMC8087927/,PMC - Pathology of Cholangiocarcinoma (WHO: carcinoma of extrahepatic bile ducts)
8160/3,Carcinoma of the extrahepatics bile ducts,Yes,C240,C240=Extrahepatic bile duct,1,5,Biliary (3); Gallbladder (1); Liver (1),"C221, C239, C240, C248, C249","This is the WHO term for carcinoma arising in the extrahepatic bile ducts (a typographic variant of 'carcinoma of the extrahepatic bile ducts'), distinct from intrahepatic and gallbladder carcinoma. It restricts to the extrahepatic bile duct subset of the code's biliary SMVL sites.",https://www.ncbi.nlm.nih.gov/pmc/articles/PMC8087927/,PMC - Pathology of Cholangiocarcinoma (WHO: carcinoma of extrahepatic bile ducts)
8160/3,Cholangiocarcinoma,Yes,"C221, C240, C248, C249",C221=Intrahepatic bile duct; C240=Extrahepatic bile duct; C248=Biliary-overlapping; C249=Biliary NOS,4,5,Biliary (3); Gallbladder (1); Liver (1),"C221, C239, C240, C248, C249","Cholangiocarcinoma is bile-duct cancer arising anywhere along the bile ducts (intrahepatic, perihilar, distal/extrahepatic); gallbladder cancer is explicitly a separate biliary tract cancer, so cholangiocarcinoma excludes the gallbladder code (C239) in the ceiling and is a proper subset.",https://en.wikipedia.org/wiki/Cholangiocarcinoma,Wikipedia: Cholangiocarcinoma (intrahepatic/perihilar/distal bile ducts; gallbladder cancer separate)
8160/3,"Cholangiocarcinoma, large duct",Yes,C221,C221=Intrahepatic bile duct,1,5,Biliary (3); Gallbladder (1); Liver (1),"C221, C239, C240, C248, C249",The large-duct type is a WHO 5th ed histological subtype specific to intrahepatic cholangiocarcinoma (arising from large intrahepatic ducts near the hilum). This restricts the term to the intrahepatic bile duct subset of the code's biliary SMVL sites.,https://pmc.ncbi.nlm.nih.gov/articles/PMC11048541/,Cancers - Recent Advances in Pathology of Intrahepatic Cholangiocarcinoma (WHO 5th ed small/large duct)
8160/3,"Cholangiocarcinoma, small duct",Yes,C221,C221=Intrahepatic bile duct,1,5,Biliary (3); Gallbladder (1); Liver (1),"C221, C239, C240, C248, C249","The small-duct type is a WHO 5th ed histological subtype specific to intrahepatic cholangiocarcinoma (peripheral, arising from small intrahepatic ducts). This restricts the term to the intrahepatic bile duct subset of the code's biliary SMVL sites.",https://pmc.ncbi.nlm.nih.gov/articles/PMC11048541/,Cancers - Recent Advances in Pathology of Intrahepatic Cholangiocarcinoma (WHO 5th ed small/large duct)
8160/3,Intrahepatic cholangiocarcinoma,Yes,C221,C221=Intrahepatic bile duct,1,5,Biliary (3); Gallbladder (1); Liver (1),"C221, C239, C240, C248, C249","Intrahepatic cholangiocarcinoma by definition arises within the intrahepatic biliary tree; WHO 5th ed reserves this term for the intrahepatic ducts, distinct from extrahepatic and gallbladder carcinoma. This restricts it to the intrahepatic bile duct subset of the code's biliary SMVL sites.",https://pmc.ncbi.nlm.nih.gov/articles/PMC11048541/,Cancers - Recent Advances in Pathology of Intrahepatic Cholangiocarcinoma
8160/3,Large duct intrahepatic cholangiocarcinoma,Yes,C221,C221=Intrahepatic bile duct,1,5,Biliary (3); Gallbladder (1); Liver (1),"C221, C239, C240, C248, C249","Large-duct intrahepatic cholangiocarcinoma is a WHO 5th ed subtype arising from large intrahepatic bile ducts near the hilum; by definition it is intrahepatic, restricting it to the intrahepatic bile duct subset of the code's biliary SMVL sites.",https://pmc.ncbi.nlm.nih.gov/articles/PMC11048541/,Cancers - Recent Advances in Pathology of Intrahepatic Cholangiocarcinoma (WHO 5th ed small/large duct)
8160/3,Small duct intrahepatic cholangiocarcinoma,Yes,C221,C221=Intrahepatic bile duct,1,5,Biliary (3); Gallbladder (1); Liver (1),"C221, C239, C240, C248, C249","Small-duct intrahepatic cholangiocarcinoma is a WHO 5th ed subtype arising peripherally from small intrahepatic bile ducts; by definition it is intrahepatic, restricting it to the intrahepatic bile duct subset of the code's biliary SMVL sites.",https://pmc.ncbi.nlm.nih.gov/articles/PMC11048541/,Cancers - Recent Advances in Pathology of Intrahepatic Cholangiocarcinoma (WHO 5th ed small/large duct)
8210/2,"Ampullary adenoma, high-grade",Yes,C241,C241=Ampulla of Vater,1,44,Biliary (1); Bladder (10); Colon (10); GI tract (1); Gallbladder (1); Rectosigmoid (1); Rectum (1); Renal pelvis (1); Small intestine (6); Stomach (9); Unknown primary (1); Ureter (1); Urinary (1),"C160, C161, C162, C163, C164, C165, C166, C168, C169, C170, C171, C172, C173, C178, C179, C180, C181, C182, C183, C184, C185, C186, C187, C188, C189, C199, C209, C239, C241, C260, C659, C669, C670, C671, C672, C673, C674, C675, C676, C677, C678, C679, C680, C809","The qualifier 'ampullary' confines this adenoma to the ampulla of Vater, a proper subset of the code's wide GI+urinary ceiling.",https://www.ncbi.nlm.nih.gov/pmc/articles/PMC3075174/,Duodenal adenomas involving the ampulla of Vater (PMC3075174)
8210/2,"Non-ampullary adenoma, high-grade",Yes,"C160, C161, C162, C163, C164, C165, C166, C168, C169, C170, C171, C172, C173, C178, C179, C180, C181, C182, C183, C184, C185, C186, C187, C188, C189, C199, C209, C239, C260",C160=Stomach-cardia; C161=Stomach-fundus; C162=Stomach-body; C163=Stomach-antrum; C164=Stomach-pylorus; C165=Stomach-lesser curv; C166=Stomach-greater curv; C168=Stomach-overlapping; C169=Stomach NOS; C170=Duodenum; C171=Jejunum; C172=Ileum; C173=Meckel diverticulum; C178=Small intestine-overlapping; C179=Small intestine NOS; C180=Cecum; C181=Appendix; C182=Ascending colon; C183=Hepatic flexure; C184=Transverse colon; C185=Splenic flexure; C186=Descending colon; C187=Sigmoid colon; C188=Colon-overlapping; C189=Colon NOS; C199=Rectosigmoid junction; C209=Rectum NOS; C239=Gallbladder; C260=Intestinal tract NOS,29,44,Biliary (1); Bladder (10); Colon (10); GI tract (1); Gallbladder (1); Rectosigmoid (1); Rectum (1); Renal pelvis (1); Small intestine (6); Stomach (9); Unknown primary (1); Ureter (1); Urinary (1),"C160, C161, C162, C163, C164, C165, C166, C168, C169, C170, C171, C172, C173, C178, C179, C180, C181, C182, C183, C184, C185, C186, C187, C188, C189, C199, C209, C239, C241, C260, C659, C669, C670, C671, C672, C673, C674, C675, C676, C677, C678, C679, C680, C809","'Non-ampullary adenoma' is a GI (duodenal/small-intestinal) entity explicitly excluding the ampulla; the ceiling additionally includes non-GI urinary-tract sites (ureter, renal pelvis, bladder), so usage is a strict GI-minus-ampulla subset.",https://pmc.ncbi.nlm.nih.gov/articles/PMC4716083/,World J Gastroenterol (PMC) - nonampullary duodenal adenoma
8213/2,"Foveolar-type (gastric-type) dysplasia, high grade",Yes,"C160, C161, C162, C163, C164, C165, C166, C168, C169",C160=Stomach-cardia; C161=Stomach-fundus; C162=Stomach-body; C163=Stomach-antrum; C164=Stomach-pylorus; C165=Stomach-lesser curv; C166=Stomach-greater curv; C168=Stomach-overlapping; C169=Stomach NOS,9,28,Colon (10); GI tract (1); Rectosigmoid (1); Rectum (1); Small intestine (6); Stomach (9),"C160, C161, C162, C163, C164, C165, C166, C168, C169, C170, C171, C172, C173, C178, C179, C180, C181, C182, C183, C184, C185, C186, C187, C188, C189, C199, C209, C260",Foveolar-type (gastric-type) and gastric pit/crypt dysplasia are gastric precursor lesions defined in the WHO stomach chapter; they are confined to the stomach within this code's whole-GI ceiling.,https://whobluebooks.iarc.who.int/structures/digestive-system-tumours/,WHO Classification of Digestive System Tumours 5th ed (structure: intestinal-type gastric adenoma)
8213/2,"Gastric pit/crypt dysplasia, high grade",Yes,"C160, C161, C162, C163, C164, C165, C166, C168, C169",C160=Stomach-cardia; C161=Stomach-fundus; C162=Stomach-body; C163=Stomach-antrum; C164=Stomach-pylorus; C165=Stomach-lesser curv; C166=Stomach-greater curv; C168=Stomach-overlapping; C169=Stomach NOS,9,28,Colon (10); GI tract (1); Rectosigmoid (1); Rectum (1); Small intestine (6); Stomach (9),"C160, C161, C162, C163, C164, C165, C166, C168, C169, C170, C171, C172, C173, C178, C179, C180, C181, C182, C183, C184, C185, C186, C187, C188, C189, C199, C209, C260",Foveolar-type (gastric-type) and gastric pit/crypt dysplasia are gastric precursor lesions defined in the WHO stomach chapter; they are confined to the stomach within this code's whole-GI ceiling.,https://whobluebooks.iarc.who.int/structures/digestive-system-tumours/,WHO Classification of Digestive System Tumours 5th ed (structure: intestinal-type gastric adenoma)
8215/3,Adenocarcinoma of anal ducts,Yes,C211,C211=Anal canal,1,4,Anus (4),"C210, C211, C212, C218","Anal gland/duct adenocarcinoma originates from the anal glands and ducts and is centred in the anal canal wall (between anal margin and ~2 cm above the dentate line); this localises it to the anal canal (C211), a proper subset of the four-code ceiling (which also includes anus NOS, cloacogenic zone and anorectal-overlapping).",https://www.frontiersin.org/journals/oncology/articles/10.3389/fonc.2026.1673646/full,Frontiers in Oncology 2026: Clinicopathology of adenocarcinoma originating from the anal gland
8215/3,Adenocarcinoma of anal glands,Yes,C211,C211=Anal canal,1,4,Anus (4),"C210, C211, C212, C218","Anal gland adenocarcinoma is an extramucosal adenocarcinoma arising from the anal glands/ducts, which lie within the wall of the anal canal and open near the dentate line; it is restricted to the anal canal rather than the full code ceiling (anus NOS/anal margin, cloacogenic zone, anorectum-overlapping).",https://pmc.ncbi.nlm.nih.gov/articles/PMC13019455/,Frontiers in Oncology PMC13019455 (clinicopathology of anal gland adenocarcinoma) + Wikipedia Anal gland anatomy
8243/3,Goblet cell adenocarcinoma,Yes,C181,C181=Appendix,1,22,Biliary (1); Colon (10); GI tract (2); Rectosigmoid (1); Rectum (1); Small intestine (6); Unknown primary (1),"C170, C171, C172, C173, C178, C179, C180, C181, C182, C183, C184, C185, C186, C187, C188, C189, C199, C209, C241, C260, C269, C809",WHO 5th ed and large series establish goblet cell adenocarcinoma occurs almost exclusively in the appendix (90.5% appendiceal in a national series); true extra-appendiceal cases are exceedingly rare and likely occult appendiceal primaries. This restricts it to a proper subset of the code's intestinal-tract SMVL sites.,https://pmc.ncbi.nlm.nih.gov/articles/PMC9314749/,Frontiers in Oncology - Goblet Cell Adenocarcinoma of the Appendix: Systematic Review
8243/3,Goblet cell carcinoid,Yes,C181,C181=Appendix,1,22,Biliary (1); Colon (10); GI tract (2); Rectosigmoid (1); Rectum (1); Small intestine (6); Unknown primary (1),"C170, C171, C172, C173, C178, C179, C180, C181, C182, C183, C184, C185, C186, C187, C188, C189, C199, C209, C241, C260, C269, C809","Goblet cell carcinoid (the former name of goblet cell adenocarcinoma) arises almost exclusively in the appendix, with rare cases outside this location; true extra-appendiceal disease requires excluding an occult appendiceal primary. This restricts it to a proper subset of the code's intestinal-tract SMVL sites.",https://pmc.ncbi.nlm.nih.gov/articles/PMC2998842/,World J Gastrointest Oncol - Goblet cell carcinoid tumors of the appendix: overview
8243/3,Goblet cell carcinoma,Yes,C181,C181=Appendix,1,22,Biliary (1); Colon (10); GI tract (2); Rectosigmoid (1); Rectum (1); Small intestine (6); Unknown primary (1),"C170, C171, C172, C173, C178, C179, C180, C181, C182, C183, C184, C185, C186, C187, C188, C189, C199, C209, C241, C260, C269, C809",Goblet cell carcinoma/adenocarcinoma is an amphicrine appendiceal neoplasm occurring almost exclusively in the appendix per WHO 5th ed; extra-appendiceal presentations are exceedingly rare and likely represent occult appendiceal primaries. This restricts it to a proper subset of the code's intestinal-tract SMVL sites.,https://pmc.ncbi.nlm.nih.gov/articles/PMC9314749/,Frontiers in Oncology - Goblet Cell Adenocarcinoma of the Appendix: Systematic Review
8244/3,Mixed acinar carcinoma-neuroendocrine tumor,Yes,"C250, C251, C252, C253, C254, C257, C258, C259",C250=Pancreas-head; C251=Pancreas-body; C252=Pancreas-tail; C253=Pancreas-duct; C254=Islets of Langerhans; C257=Pancreas-other; C258=Pancreas-overlapping; C259=Pancreas NOS,8,60,Anus (4); Biliary (3); Cervix (4); Colon (10); Esophagus (8); GI tract (1); Liver (1); Ovary (1); Pancreas (8); Rectosigmoid (1); Rectum (1); Small intestine (6); Stomach (9); Unknown primary (1); Uterus (1); Vagina (1),"C150, C151, C152, C153, C154, C155, C158, C159, C160, C161, C162, C163, C164, C165, C166, C168, C169, C170, C171, C172, C173, C178, C179, C180, C181, C182, C183, C184, C185, C186, C187, C188, C189, C199, C209, C210, C211, C212, C218, C221, C240, C248, C249, C250, C251, C252, C253, C254, C257, C258, C259, C260, C529, C530, C531, C538, C539, C541, C569, C809",This mixed acinar-neuroendocrine neoplasm is a variant of pancreatic acinar cell carcinoma and is essentially a pancreatic exocrine tumor; within the broad GI ceiling it is confined to the pancreas.,https://pmc.ncbi.nlm.nih.gov/articles/PMC10310609/,Surgical Case Reports (PMC10310609): MANEC of pancreas
8480/3,"Acinar adenocarcinoma, mucinous variant",Yes,C619,C619=Prostate,1,179,Anus (4); Biliary (4); Bladder (10); Breast (9); Cervix (4); Colon (10); Esophagus (8); Female genital (7); GI tract (3); Gallbladder (1); Gum (3); Ill-defined (8); Liver (1); Lung (6); Male genital (3); Mouth (9); Nasal/middle ear (1); Oropharynx (6); Ovary (1); Palate (5); Pancreas (8); Peritoneum/retroperitoneum (2); Pharynx (2); Prostate (1); Rectosigmoid (1); Rectum (1); Renal pelvis (1); Respiratory (1); Salivary (5); Skin (10); Small intestine (6); Stomach (9); Tongue (8); Tonsil (4); Trachea (1); Unknown primary (1); Ureter (1); Urinary (4); Uterus (4); Vagina (1); Vulva (5),"C019, C020, C021, C022, C023, C024, C028, C029, C030, C031, C039, C040, C041, C048, C049, C050, C051, C052, C058, C059, C060, C061, C062, C068, C069, C079, C080, C081, C088, C089, C090, C091, C098, C099, C100, C101, C102, C103, C108, C109, C140, C142, C150, C151, C152, C153, C154, C155, C158, C159, C160, C161, C162, C163, C164, C165, C166, C168, C169, C170, C171, C172, C173, C178, C179, C180, C181, C182, C183, C184, C185, C186, C187, C188, C189, C199, C209, C210, C211, C212, C218, C221, C239, C240, C241, C248, C249, C250, C251, C252, C253, C254, C257, C258, C259, C260, C268, C269, C301, C339, C340, C341, C342, C343, C348, C349, C390, C440, C441, C442, C443, C444, C445, C446, C447, C448, C449, C480, C488, C500, C501, C502, C503, C504, C505, C506, C508, C509, C510, C511, C512, C518, C519, C529, C530, C531, C538, C539, C540, C541, C549, C559, C569, C570, C571, C572, C573, C574, C577, C579, C619, C630, C631, C637, C659, C669, C670, C671, C672, C673, C674, C675, C676, C677, C678, C679, C680, C681, C688, C689, C760, C761, C762, C763, C764, C765, C767, C768, C809",Mucinous (colloid) variant of acinar adenocarcinoma is a WHO subtype of prostatic acinar adenocarcinoma; among this code's valid sites it corresponds to the prostate.,https://www.nature.com/articles/modpathol2017137,Humphrey PA. Variants of acinar adenocarcinoma of the prostate. Modern Pathology 2018 (WHO 2016 acinar variants)
8480/3,Appendiceal mucinous neoplasm with extra-appendiceal spread,Yes,C181,C181=Appendix,1,179,Anus (4); Biliary (4); Bladder (10); Breast (9); Cervix (4); Colon (10); Esophagus (8); Female genital (7); GI tract (3); Gallbladder (1); Gum (3); Ill-defined (8); Liver (1); Lung (6); Male genital (3); Mouth (9); Nasal/middle ear (1); Oropharynx (6); Ovary (1); Palate (5); Pancreas (8); Peritoneum/retroperitoneum (2); Pharynx (2); Prostate (1); Rectosigmoid (1); Rectum (1); Renal pelvis (1); Respiratory (1); Salivary (5); Skin (10); Small intestine (6); Stomach (9); Tongue (8); Tonsil (4); Trachea (1); Unknown primary (1); Ureter (1); Urinary (4); Uterus (4); Vagina (1); Vulva (5),"C019, C020, C021, C022, C023, C024, C028, C029, C030, C031, C039, C040, C041, C048, C049, C050, C051, C052, C058, C059, C060, C061, C062, C068, C069, C079, C080, C081, C088, C089, C090, C091, C098, C099, C100, C101, C102, C103, C108, C109, C140, C142, C150, C151, C152, C153, C154, C155, C158, C159, C160, C161, C162, C163, C164, C165, C166, C168, C169, C170, C171, C172, C173, C178, C179, C180, C181, C182, C183, C184, C185, C186, C187, C188, C189, C199, C209, C210, C211, C212, C218, C221, C239, C240, C241, C248, C249, C250, C251, C252, C253, C254, C257, C258, C259, C260, C268, C269, C301, C339, C340, C341, C342, C343, C348, C349, C390, C440, C441, C442, C443, C444, C445, C446, C447, C448, C449, C480, C488, C500, C501, C502, C503, C504, C505, C506, C508, C509, C510, C511, C512, C518, C519, C529, C530, C531, C538, C539, C540, C541, C549, C559, C569, C570, C571, C572, C573, C574, C577, C579, C619, C630, C631, C637, C659, C669, C670, C671, C672, C673, C674, C675, C676, C677, C678, C679, C680, C681, C688, C689, C760, C761, C762, C763, C764, C765, C767, C768, C809",Appendiceal mucinous neoplasm (including cases with extra-appendiceal spread/pseudomyxoma) is by definition a primary tumour of the appendix.,https://pmc.ncbi.nlm.nih.gov/articles/PMC4818623/,Ramaswamy V. Pathology of Mucinous Appendiceal Tumors and Pseudomyxoma. Indian J Surg Oncol 2016 (PMC4818623)
8480/3,Mucinous (colloid) acinar adenocarcinoma,Yes,C619,C619=Prostate,1,179,Anus (4); Biliary (4); Bladder (10); Breast (9); Cervix (4); Colon (10); Esophagus (8); Female genital (7); GI tract (3); Gallbladder (1); Gum (3); Ill-defined (8); Liver (1); Lung (6); Male genital (3); Mouth (9); Nasal/middle ear (1); Oropharynx (6); Ovary (1); Palate (5); Pancreas (8); Peritoneum/retroperitoneum (2); Pharynx (2); Prostate (1); Rectosigmoid (1); Rectum (1); Renal pelvis (1); Respiratory (1); Salivary (5); Skin (10); Small intestine (6); Stomach (9); Tongue (8); Tonsil (4); Trachea (1); Unknown primary (1); Ureter (1); Urinary (4); Uterus (4); Vagina (1); Vulva (5),"C019, C020, C021, C022, C023, C024, C028, C029, C030, C031, C039, C040, C041, C048, C049, C050, C051, C052, C058, C059, C060, C061, C062, C068, C069, C079, C080, C081, C088, C089, C090, C091, C098, C099, C100, C101, C102, C103, C108, C109, C140, C142, C150, C151, C152, C153, C154, C155, C158, C159, C160, C161, C162, C163, C164, C165, C166, C168, C169, C170, C171, C172, C173, C178, C179, C180, C181, C182, C183, C184, C185, C186, C187, C188, C189, C199, C209, C210, C211, C212, C218, C221, C239, C240, C241, C248, C249, C250, C251, C252, C253, C254, C257, C258, C259, C260, C268, C269, C301, C339, C340, C341, C342, C343, C348, C349, C390, C440, C441, C442, C443, C444, C445, C446, C447, C448, C449, C480, C488, C500, C501, C502, C503, C504, C505, C506, C508, C509, C510, C511, C512, C518, C519, C529, C530, C531, C538, C539, C540, C541, C549, C559, C569, C570, C571, C572, C573, C574, C577, C579, C619, C630, C631, C637, C659, C669, C670, C671, C672, C673, C674, C675, C676, C677, C678, C679, C680, C681, C688, C689, C760, C761, C762, C763, C764, C765, C767, C768, C809",Mucinous (colloid) acinar adenocarcinoma is the WHO colloid subtype of prostatic acinar adenocarcinoma; among this code's valid sites it corresponds to the prostate.,https://www.nature.com/articles/modpathol2017137,Humphrey PA. Variants of acinar adenocarcinoma of the prostate. Modern Pathology 2018 (WHO 2016 acinar variants)
8490/3,"Acinar adenocarcinoma, signet-ring-like",Yes,C619,C619=Prostate,1,90,Anus (4); Biliary (4); Bladder (10); Breast (9); Cervix (4); Colon (10); Esophagus (8); GI tract (3); Gallbladder (1); Liver (1); Male genital (3); Pancreas (8); Peritoneum/retroperitoneum (2); Prostate (1); Rectosigmoid (1); Rectum (1); Renal pelvis (1); Small intestine (6); Stomach (9); Thymus (1); Unknown primary (1); Ureter (1); Urinary (1),"C150, C151, C152, C153, C154, C155, C158, C159, C160, C161, C162, C163, C164, C165, C166, C168, C169, C170, C171, C172, C173, C178, C179, C180, C181, C182, C183, C184, C185, C186, C187, C188, C189, C199, C209, C210, C211, C212, C218, C221, C239, C240, C241, C248, C249, C250, C251, C252, C253, C254, C257, C258, C259, C260, C268, C269, C379, C480, C488, C500, C501, C502, C503, C504, C505, C506, C508, C509, C530, C531, C538, C539, C619, C630, C631, C637, C659, C669, C670, C671, C672, C673, C674, C675, C676, C677, C678, C679, C680, C809",Signet-ring-like cell acinar adenocarcinoma is a WHO subtype of prostatic acinar adenocarcinoma; among this code's valid sites it corresponds to the prostate.,https://www.nature.com/articles/modpathol2017137,Humphrey PA. Variants of acinar adenocarcinoma of the prostate. Modern Pathology 2018 (WHO 2016 acinar variants)
8490/3,Poorly cohesive carcinoma with signet-ring cells,Yes,"C150, C151, C152, C153, C154, C155, C158, C159, C160, C161, C162, C163, C164, C165, C166, C168, C169, C170, C171, C172, C173, C178, C179, C180, C181, C182, C183, C184, C185, C186, C187, C188, C189, C199, C209, C210, C211, C212, C218, C221, C239, C240, C241, C248, C249, C250, C251, C252, C253, C254, C257, C258, C259, C260, C268, C269",C150=Esophagus-cervical; C151=Esophagus-thoracic; C152=Esophagus-abdominal; C153=Esophagus-upper third; C154=Esophagus-middle third; C155=Esophagus-lower third; C158=Esophagus-overlapping; C159=Esophagus NOS; C160=Stomach-cardia; C161=Stomach-fundus; C162=Stomach-body; C163=Stomach-antrum; C164=Stomach-pylorus; C165=Stomach-lesser curv; C166=Stomach-greater curv; C168=Stomach-overlapping; C169=Stomach NOS; C170=Duodenum; C171=Jejunum; C172=Ileum; C173=Meckel diverticulum; C178=Small intestine-overlapping; C179=Small intestine NOS; C180=Cecum; C181=Appendix; C182=Ascending colon; C183=Hepatic flexure; C184=Transverse colon; C185=Splenic flexure; C186=Descending colon; C187=Sigmoid colon; C188=Colon-overlapping; C189=Colon NOS; C199=Rectosigmoid junction; C209=Rectum NOS; C210=Anus NOS; C211=Anal canal; C212=Cloacogenic zone; C218=Anorectum-overlapping; C221=Intrahepatic bile duct; C239=Gallbladder; C240=Extrahepatic bile duct; C241=Ampulla of Vater; C248=Biliary-overlapping; C249=Biliary NOS; C250=Pancreas-head; C251=Pancreas-body; C252=Pancreas-tail; C253=Pancreas-duct; C254=Islets of Langerhans; C257=Pancreas-other; C258=Pancreas-overlapping; C259=Pancreas NOS; C260=Intestinal tract NOS; C268=GI tract-overlapping; C269=GI tract NOS,56,90,Anus (4); Biliary (4); Bladder (10); Breast (9); Cervix (4); Colon (10); Esophagus (8); GI tract (3); Gallbladder (1); Liver (1); Male genital (3); Pancreas (8); Peritoneum/retroperitoneum (2); Prostate (1); Rectosigmoid (1); Rectum (1); Renal pelvis (1); Small intestine (6); Stomach (9); Thymus (1); Unknown primary (1); Ureter (1); Urinary (1),"C150, C151, C152, C153, C154, C155, C158, C159, C160, C161, C162, C163, C164, C165, C166, C168, C169, C170, C171, C172, C173, C178, C179, C180, C181, C182, C183, C184, C185, C186, C187, C188, C189, C199, C209, C210, C211, C212, C218, C221, C239, C240, C241, C248, C249, C250, C251, C252, C253, C254, C257, C258, C259, C260, C268, C269, C379, C480, C488, C500, C501, C502, C503, C504, C505, C506, C508, C509, C530, C531, C538, C539, C619, C630, C631, C637, C659, C669, C670, C671, C672, C673, C674, C675, C676, C677, C678, C679, C680, C809","'Poorly cohesive carcinoma' is a WHO gastrointestinal (chiefly gastric) named entity that carries ICD-O code 8490/3 and is applied along the GI tract, a strict subset of the code's 90-site ceiling that also includes breast, bladder, prostate and gynecologic sites.",https://en.wikipedia.org/wiki/Poorly_cohesive_gastric_carcinoma,Wikipedia (Poorly cohesive gastric carcinoma; cites WHO/IARC)
8490/3,Poorly cohesive carcinoma/signet-ring carcinoma,Yes,"C150, C151, C152, C153, C154, C155, C158, C159, C160, C161, C162, C163, C164, C165, C166, C168, C169, C170, C171, C172, C173, C178, C179, C180, C181, C182, C183, C184, C185, C186, C187, C188, C189, C199, C209, C210, C211, C212, C218, C221, C239, C240, C241, C248, C249, C250, C251, C252, C253, C254, C257, C258, C259, C260, C268, C269",C150=Esophagus-cervical; C151=Esophagus-thoracic; C152=Esophagus-abdominal; C153=Esophagus-upper third; C154=Esophagus-middle third; C155=Esophagus-lower third; C158=Esophagus-overlapping; C159=Esophagus NOS; C160=Stomach-cardia; C161=Stomach-fundus; C162=Stomach-body; C163=Stomach-antrum; C164=Stomach-pylorus; C165=Stomach-lesser curv; C166=Stomach-greater curv; C168=Stomach-overlapping; C169=Stomach NOS; C170=Duodenum; C171=Jejunum; C172=Ileum; C173=Meckel diverticulum; C178=Small intestine-overlapping; C179=Small intestine NOS; C180=Cecum; C181=Appendix; C182=Ascending colon; C183=Hepatic flexure; C184=Transverse colon; C185=Splenic flexure; C186=Descending colon; C187=Sigmoid colon; C188=Colon-overlapping; C189=Colon NOS; C199=Rectosigmoid junction; C209=Rectum NOS; C210=Anus NOS; C211=Anal canal; C212=Cloacogenic zone; C218=Anorectum-overlapping; C221=Intrahepatic bile duct; C239=Gallbladder; C240=Extrahepatic bile duct; C241=Ampulla of Vater; C248=Biliary-overlapping; C249=Biliary NOS; C250=Pancreas-head; C251=Pancreas-body; C252=Pancreas-tail; C253=Pancreas-duct; C254=Islets of Langerhans; C257=Pancreas-other; C258=Pancreas-overlapping; C259=Pancreas NOS; C260=Intestinal tract NOS; C268=GI tract-overlapping; C269=GI tract NOS,56,90,Anus (4); Biliary (4); Bladder (10); Breast (9); Cervix (4); Colon (10); Esophagus (8); GI tract (3); Gallbladder (1); Liver (1); Male genital (3); Pancreas (8); Peritoneum/retroperitoneum (2); Prostate (1); Rectosigmoid (1); Rectum (1); Renal pelvis (1); Small intestine (6); Stomach (9); Thymus (1); Unknown primary (1); Ureter (1); Urinary (1),"C150, C151, C152, C153, C154, C155, C158, C159, C160, C161, C162, C163, C164, C165, C166, C168, C169, C170, C171, C172, C173, C178, C179, C180, C181, C182, C183, C184, C185, C186, C187, C188, C189, C199, C209, C210, C211, C212, C218, C221, C239, C240, C241, C248, C249, C250, C251, C252, C253, C254, C257, C258, C259, C260, C268, C269, C379, C480, C488, C500, C501, C502, C503, C504, C505, C506, C508, C509, C530, C531, C538, C539, C619, C630, C631, C637, C659, C669, C670, C671, C672, C673, C674, C675, C676, C677, C678, C679, C680, C809","'Poorly cohesive carcinoma' is a WHO gastrointestinal (chiefly gastric) named entity that carries ICD-O code 8490/3 and is applied along the GI tract, a strict subset of the code's 90-site ceiling that also includes breast, bladder, prostate and gynecologic sites.",https://en.wikipedia.org/wiki/Poorly_cohesive_gastric_carcinoma,Wikipedia (Poorly cohesive gastric carcinoma; cites WHO/IARC)
8490/3,Poorly cohesive carcinoma/signet-ring cell carcinoma,Yes,"C150, C151, C152, C153, C154, C155, C158, C159, C160, C161, C162, C163, C164, C165, C166, C168, C169, C170, C171, C172, C173, C178, C179, C180, C181, C182, C183, C184, C185, C186, C187, C188, C189, C199, C209, C210, C211, C212, C218, C221, C239, C240, C241, C248, C249, C250, C251, C252, C253, C254, C257, C258, C259, C260, C268, C269",C150=Esophagus-cervical; C151=Esophagus-thoracic; C152=Esophagus-abdominal; C153=Esophagus-upper third; C154=Esophagus-middle third; C155=Esophagus-lower third; C158=Esophagus-overlapping; C159=Esophagus NOS; C160=Stomach-cardia; C161=Stomach-fundus; C162=Stomach-body; C163=Stomach-antrum; C164=Stomach-pylorus; C165=Stomach-lesser curv; C166=Stomach-greater curv; C168=Stomach-overlapping; C169=Stomach NOS; C170=Duodenum; C171=Jejunum; C172=Ileum; C173=Meckel diverticulum; C178=Small intestine-overlapping; C179=Small intestine NOS; C180=Cecum; C181=Appendix; C182=Ascending colon; C183=Hepatic flexure; C184=Transverse colon; C185=Splenic flexure; C186=Descending colon; C187=Sigmoid colon; C188=Colon-overlapping; C189=Colon NOS; C199=Rectosigmoid junction; C209=Rectum NOS; C210=Anus NOS; C211=Anal canal; C212=Cloacogenic zone; C218=Anorectum-overlapping; C221=Intrahepatic bile duct; C239=Gallbladder; C240=Extrahepatic bile duct; C241=Ampulla of Vater; C248=Biliary-overlapping; C249=Biliary NOS; C250=Pancreas-head; C251=Pancreas-body; C252=Pancreas-tail; C253=Pancreas-duct; C254=Islets of Langerhans; C257=Pancreas-other; C258=Pancreas-overlapping; C259=Pancreas NOS; C260=Intestinal tract NOS; C268=GI tract-overlapping; C269=GI tract NOS,56,90,Anus (4); Biliary (4); Bladder (10); Breast (9); Cervix (4); Colon (10); Esophagus (8); GI tract (3); Gallbladder (1); Liver (1); Male genital (3); Pancreas (8); Peritoneum/retroperitoneum (2); Prostate (1); Rectosigmoid (1); Rectum (1); Renal pelvis (1); Small intestine (6); Stomach (9); Thymus (1); Unknown primary (1); Ureter (1); Urinary (1),"C150, C151, C152, C153, C154, C155, C158, C159, C160, C161, C162, C163, C164, C165, C166, C168, C169, C170, C171, C172, C173, C178, C179, C180, C181, C182, C183, C184, C185, C186, C187, C188, C189, C199, C209, C210, C211, C212, C218, C221, C239, C240, C241, C248, C249, C250, C251, C252, C253, C254, C257, C258, C259, C260, C268, C269, C379, C480, C488, C500, C501, C502, C503, C504, C505, C506, C508, C509, C530, C531, C538, C539, C619, C630, C631, C637, C659, C669, C670, C671, C672, C673, C674, C675, C676, C677, C678, C679, C680, C809","'Poorly cohesive carcinoma' is a WHO gastrointestinal (chiefly gastric) named entity that carries ICD-O code 8490/3 and is applied along the GI tract, a strict subset of the code's 90-site ceiling that also includes breast, bladder, prostate and gynecologic sites.",https://en.wikipedia.org/wiki/Poorly_cohesive_gastric_carcinoma,Wikipedia (Poorly cohesive gastric carcinoma; cites WHO/IARC)
8490/3,Signet-ring cell–like acinar adenocarcinoma,Yes,C619,C619=Prostate,1,90,Anus (4); Biliary (4); Bladder (10); Breast (9); Cervix (4); Colon (10); Esophagus (8); GI tract (3); Gallbladder (1); Liver (1); Male genital (3); Pancreas (8); Peritoneum/retroperitoneum (2); Prostate (1); Rectosigmoid (1); Rectum (1); Renal pelvis (1); Small intestine (6); Stomach (9); Thymus (1); Unknown primary (1); Ureter (1); Urinary (1),"C150, C151, C152, C153, C154, C155, C158, C159, C160, C161, C162, C163, C164, C165, C166, C168, C169, C170, C171, C172, C173, C178, C179, C180, C181, C182, C183, C184, C185, C186, C187, C188, C189, C199, C209, C210, C211, C212, C218, C221, C239, C240, C241, C248, C249, C250, C251, C252, C253, C254, C257, C258, C259, C260, C268, C269, C379, C480, C488, C500, C501, C502, C503, C504, C505, C506, C508, C509, C530, C531, C538, C539, C619, C630, C631, C637, C659, C669, C670, C671, C672, C673, C674, C675, C676, C677, C678, C679, C680, C809",Signet-ring-like cell acinar adenocarcinoma is a WHO subtype of prostatic acinar adenocarcinoma; among this code's valid sites it corresponds to the prostate.,https://www.nature.com/articles/modpathol2017137,Humphrey PA. Variants of acinar adenocarcinoma of the prostate. Modern Pathology 2018 (WHO 2016 acinar variants)
8503/2,"Intra-ampullary papillary-tubular neoplasm, high-grade",Yes,C241,C241=Ampulla of Vater,1,23,Biliary (4); Breast (9); Gallbladder (1); Liver (1); Pancreas (8),"C221, C239, C240, C241, C248, C249, C250, C251, C252, C253, C254, C257, C258, C259, C500, C501, C502, C503, C504, C505, C506, C508, C509","Intra-ampullary papillary-tubular neoplasm (IAPN) is defined as a tumoral intraepithelial neoplasm arising within the ampulla of Vater; population analyses filter it exclusively to C24.1. The code's SMVL ceiling also includes biliary, pancreas and breast sites, so the term is restricted to a proper subset (ampulla).",https://pmc.ncbi.nlm.nih.gov/articles/PMC6786001/,Med Sci Monit - IAPN population-based analysis (ICD-O-3 site C24.1)
8550/3,Pancreatic acinar cell carcinoma,Yes,"C250, C251, C252, C253, C254, C257, C258, C259",C250=Pancreas-head; C251=Pancreas-body; C252=Pancreas-tail; C253=Pancreas-duct; C254=Islets of Langerhans; C257=Pancreas-other; C258=Pancreas-overlapping; C259=Pancreas NOS,8,69,Breast (9); Gum (3); Ill-defined (8); Mouth (9); Oropharynx (6); Palate (5); Pancreas (8); Pharynx (2); Salivary (5); Thyroid (1); Tongue (8); Tonsil (4); Unknown primary (1),"C019, C020, C021, C022, C023, C024, C028, C029, C030, C031, C039, C040, C041, C048, C049, C050, C051, C052, C058, C059, C060, C061, C062, C068, C069, C079, C080, C081, C088, C089, C090, C091, C098, C099, C100, C101, C102, C103, C108, C109, C140, C142, C250, C251, C252, C253, C254, C257, C258, C259, C500, C501, C502, C503, C504, C505, C506, C508, C509, C739, C760, C761, C762, C763, C764, C765, C767, C768, C809","The qualifier 'pancreatic' confines this term to the pancreas, a proper subset of the code's valid sites (which also include salivary glands, breast and lung).",https://pmc.ncbi.nlm.nih.gov/articles/PMC9639656/,Pancreatic acinar cell carcinoma: a comprehensive review (PMC9639656)
8551/3,Acinar adenocarcinoma of lung,Yes,"C340, C341, C342, C343, C348, C349",C340=Lung; C341=Lung; C342=Lung; C343=Lung; C348=Lung; C349=Lung,6,18,Lung (6); Pancreas (8); Respiratory (1); Thyroid (1); Trachea (1); Unknown primary (1),"C250, C251, C252, C253, C254, C257, C258, C259, C339, C340, C341, C342, C343, C348, C349, C390, C739, C809","Acinar adenocarcinoma (8551/3) is explicitly a lung-only entity in the WHO/IASLC lung classification (SEER and FCDS materials note 8551 is 'lung only'). The code's SMVL ceiling also includes pancreas, thyroid and other sites, so this named term is restricted to the lung subset.",https://fcds.med.miami.edu/downloads/Teleconferences/2022/2022%20FCDS%20LungAndThoraxWHO5thEd.pdf,FCDS 2023 Lung and Thorax Neoplasms WHO 5th ed (8551/3 - Lung Only)
8551/3,Acinar cell cystadenocarcinoma,Yes,"C250, C251, C252, C253, C254, C257, C258, C259",C250=Pancreas-head; C251=Pancreas-body; C252=Pancreas-tail; C253=Pancreas-duct; C254=Islets of Langerhans; C257=Pancreas-other; C258=Pancreas-overlapping; C259=Pancreas NOS,8,18,Lung (6); Pancreas (8); Respiratory (1); Thyroid (1); Trachea (1); Unknown primary (1),"C250, C251, C252, C253, C254, C257, C258, C259, C339, C340, C341, C342, C343, C348, C349, C390, C739, C809","Acinar cell cystadenocarcinoma is a rare malignant epithelial neoplasm of the pancreas (cystic acinar-differentiated tumor with exocrine enzyme production). The code's SMVL ceiling also includes lung, thyroid and other sites, so this term is restricted to the pancreatic subset.",https://pmc.ncbi.nlm.nih.gov/articles/PMC5624265/,Case Rep Gastroenterol - Acinar Cell Cystadenocarcinoma of the Pancreas
8552/3,Mixed acinar-ductal carcinoma,Yes,"C250, C251, C252, C253, C254, C257, C258, C259",C250=Pancreas-head; C251=Pancreas-body; C252=Pancreas-tail; C253=Pancreas-duct; C254=Islets of Langerhans; C257=Pancreas-other; C258=Pancreas-overlapping; C259=Pancreas NOS,8,9,Pancreas (8); Prostate (1),"C250, C251, C252, C253, C254, C257, C258, C259, C619","Mixed (ductal-)acinar cell carcinoma is a pancreatic exocrine neoplasm defined by coexisting acinar and ductal components within a pancreatic tumour; confining usage to the pancreatic codes excludes the prostate code (C619) that is also in the ceiling, so it is a proper subset.",https://pmc.ncbi.nlm.nih.gov/articles/PMC6449909/,Mol Clin Oncol (PMC6449909): Mixed ductal-acinar cell carcinoma of the pancreas
8576/3,Paneth cell carcinoma,Yes,"C160, C161, C162, C163, C164, C165, C166, C168, C169, C170, C171, C172, C173, C178, C179, C180, C182, C183, C184, C185, C186, C187, C188, C189, C199, C209, C239",C160=Stomach-cardia; C161=Stomach-fundus; C162=Stomach-body; C163=Stomach-antrum; C164=Stomach-pylorus; C165=Stomach-lesser curv; C166=Stomach-greater curv; C168=Stomach-overlapping; C169=Stomach NOS; C170=Duodenum; C171=Jejunum; C172=Ileum; C173=Meckel diverticulum; C178=Small intestine-overlapping; C179=Small intestine NOS; C180=Cecum; C182=Ascending colon; C183=Hepatic flexure; C184=Transverse colon; C185=Splenic flexure; C186=Descending colon; C187=Sigmoid colon; C188=Colon-overlapping; C189=Colon NOS; C199=Rectosigmoid junction; C209=Rectum NOS; C239=Gallbladder,27,55,Anus (4); Biliary (3); Cervix (4); Colon (9); GI tract (1); Gallbladder (1); Liver (1); Lung (6); Ovary (1); Pancreas (8); Rectosigmoid (1); Rectum (1); Small intestine (6); Stomach (9),"C160, C161, C162, C163, C164, C165, C166, C168, C169, C170, C171, C172, C173, C178, C179, C180, C182, C183, C184, C185, C186, C187, C188, C189, C199, C209, C210, C211, C212, C218, C221, C239, C240, C248, C249, C250, C251, C252, C253, C254, C257, C258, C259, C268, C340, C341, C342, C343, C348, C349, C530, C531, C538, C539, C569","Paneth cell carcinoma / Paneth cell-rich adenocarcinoma is reported only along the GI tract (stomach, small intestine incl. ampulla, colon/appendix, gallbladder, Meckel diverticulum, GE junction); it does not occur across the many non-GI sites (lung, breast, salivary, GU) that this broad code allows, so it occupies a proper GI subset of the code ceiling.",https://pmc.ncbi.nlm.nih.gov/articles/PMC6323739/,"Zhang et al., Gastroesophageal junction Paneth cell carcinoma, Diagnostic Pathology 2019 (literature review of reported GI sites: stomach, colon, small intestine, ampulla, gallbladder, Meckel diverticulum)"
8936/3,Extragastrointestinal stromal tumor,Yes,"C480, C481, C482, C488, C490, C491, C492, C493, C494, C495, C496, C498, C499",C480=Peritoneum/retroperitoneum; C481=Peritoneum/retroperitoneum; C482=Peritoneum/retroperitoneum; C488=Peritoneum/retroperitoneum; C490=Soft tissue; C491=Soft tissue; C492=Soft tissue; C493=Soft tissue; C494=Soft tissue; C495=Soft tissue; C496=Soft tissue; C498=Soft tissue; C499=Soft tissue,13,52,Biliary (1); Colon (10); Esophagus (8); GI tract (3); Peritoneum/retroperitoneum (4); Rectosigmoid (1); Rectum (1); Small intestine (6); Soft tissue (9); Stomach (9),"C150, C151, C152, C153, C154, C155, C158, C159, C160, C161, C162, C163, C164, C165, C166, C168, C169, C170, C171, C172, C173, C178, C179, C180, C181, C182, C183, C184, C185, C186, C187, C188, C189, C199, C209, C241, C260, C268, C269, C480, C481, C482, C488, C490, C491, C492, C493, C494, C495, C496, C498, C499","By definition an extragastrointestinal (extra-GI) stromal tumor arises OUTSIDE the GI tract wall - mesentery, omentum, retroperitoneum and soft tissue - so it is confined to the non-digestive peritoneal/soft-tissue codes of this code's ceiling.",https://pmc.ncbi.nlm.nih.gov/articles/PMC4246649/,"Extragastrointestinal stromal tumors CT/MRI study (Oncology Letters, PMC4246649)"
8936/3,Succinate dehydrogenase–deficient gastrointestinal stromal tumor,Yes,"C160, C161, C162, C163, C164, C165, C166, C168, C169",C160=Stomach-cardia; C161=Stomach-fundus; C162=Stomach-body; C163=Stomach-antrum; C164=Stomach-pylorus; C165=Stomach-lesser curv; C166=Stomach-greater curv; C168=Stomach-overlapping; C169=Stomach NOS,9,52,Biliary (1); Colon (10); Esophagus (8); GI tract (3); Peritoneum/retroperitoneum (4); Rectosigmoid (1); Rectum (1); Small intestine (6); Soft tissue (9); Stomach (9),"C150, C151, C152, C153, C154, C155, C158, C159, C160, C161, C162, C163, C164, C165, C166, C168, C169, C170, C171, C172, C173, C178, C179, C180, C181, C182, C183, C184, C185, C186, C187, C188, C189, C199, C209, C241, C260, C268, C269, C480, C481, C482, C488, C490, C491, C492, C493, C494, C495, C496, C498, C499","SDH-deficient GISTs occur essentially exclusively in the stomach (no well-documented intestinal examples), restricting this term to gastric sites within the code's whole-GI ceiling.",https://pmc.ncbi.nlm.nih.gov/articles/PMC4342905/,"SDH-deficient GISTs review (WJG, PMC4342905)"
8991/3,Embryonal sarcoma of the liver,Yes,C220,C220=Liver,1,14,Eye (9); Liver (1); Male genital (1); Peritoneum/retroperitoneum (2); Unknown primary (1),"C220, C481, C482, C632, C690, C691, C692, C693, C694, C695, C696, C698, C699, C809","Undifferentiated (embryonal) sarcoma of the liver is a hepatic mesenchymal tumor arising in the liver. The code's SMVL ceiling also includes peritoneum/retroperitoneum, penis, eye/orbit and other sites, so this named term is restricted to the liver.",https://pmc.ncbi.nlm.nih.gov/articles/PMC7806539/,PMC - Undifferentiated embryonal sarcoma of the liver: a rare hepatic tumor
8991/3,Undifferentiated sarcoma of liver,Yes,C220,C220=Liver,1,14,Eye (9); Liver (1); Male genital (1); Peritoneum/retroperitoneum (2); Unknown primary (1),"C220, C481, C482, C632, C690, C691, C692, C693, C694, C695, C696, C698, C699, C809","Undifferentiated (embryonal) sarcoma of the liver is a hepatic mesenchymal tumor arising in the liver. The code's SMVL ceiling also includes peritoneum/retroperitoneum, penis, eye/orbit and other sites, so this named term is restricted to the liver.",https://pmc.ncbi.nlm.nih.gov/articles/PMC7806539/,PMC - Undifferentiated embryonal sarcoma of the liver: a rare hepatic tumor
9120/3,Hepatic angiosarcoma,Yes,C220,C220=Liver,1,136,Anus (4); Biliary (4); Blood/marrow (1); Bone-limbs (6); Bone-other (7); Breast (9); Cervix (4); Colon (10); Esophagus (8); Female genital (8); GI tract (3); Gallbladder (1); Heart/mediastinum (6); Liver (2); Ovary (1); Pancreas (8); Peritoneum/retroperitoneum (4); Rectosigmoid (1); Rectum (1); Skin (10); Small intestine (6); Soft tissue (9); Stomach (9); Unknown primary (1); Uterus (7); Vagina (1); Vulva (5),"C150, C151, C152, C153, C154, C155, C158, C159, C160, C161, C162, C163, C164, C165, C166, C168, C169, C170, C171, C172, C173, C178, C179, C180, C181, C182, C183, C184, C185, C186, C187, C188, C189, C199, C209, C210, C211, C212, C218, C220, C221, C239, C240, C241, C248, C249, C250, C251, C252, C253, C254, C257, C258, C259, C260, C268, C269, C380, C381, C382, C383, C384, C388, C400, C401, C402, C403, C408, C409, C410, C411, C412, C413, C414, C418, C419, C422, C440, C441, C442, C443, C444, C445, C446, C447, C448, C449, C480, C481, C482, C488, C490, C491, C492, C493, C494, C495, C496, C498, C499, C500, C501, C502, C503, C504, C505, C506, C508, C509, C510, C511, C512, C518, C519, C529, C530, C531, C538, C539, C540, C541, C542, C543, C548, C549, C559, C569, C570, C571, C572, C573, C574, C577, C578, C579, C809",Hepatic angiosarcoma is a primary mesenchymal (vascular) malignancy of the liver; by name and definition it arises in the liver.,https://pmc.ncbi.nlm.nih.gov/articles/PMC10510833/,Management Strategies and Outcomes in Primary Liver Angiosarcoma. Am J Clin Oncol 2023 (PMC10510833)
9695/3,Duodenal-type follicular lymphoma,Yes,"C170, C171, C172, C178, C179",C170=Duodenum; C171=Jejunum; C172=Ileum; C178=Small intestine-overlapping; C179=Small intestine NOS,5,274,Anus (4); Biliary (4); Bladder (10); Blood/marrow (2); Bone-limbs (6); Bone-other (7); Brain (10); Breast (9); CNS (8); Cervix (4); Colon (10); Eye (9); Female genital (8); GI tract (3); Gallbladder (1); Gum (3); Heart/mediastinum (6); Hypopharynx (5); Kidney (1); Larynx (6); Liver (2); Lung (6); Lymph nodes (8); Meninges (3); Mouth (9); Nasal/middle ear (2); Nasopharynx (6); Oropharynx (7); Ovary (1); Palate (5); Pancreas (8); Peripheral nerves (9); Peritoneum/retroperitoneum (4); Pharynx (3); Pyriform sinus (1); Rectosigmoid (1); Rectum (1); Renal pelvis (1); Salivary (5); Sinuses (6); Skin (10); Small intestine (6); Soft tissue (9); Stomach (9); Testis (3); Thymus (1); Thyroid (1); Tongue (8); Tonsil (4); Unknown primary (1); Ureter (1); Urinary (4); Uterus (7); Vagina (1); Vulva (5),"C019, C020, C021, C022, C023, C024, C028, C029, C030, C031, C039, C040, C041, C048, C049, C050, C051, C052, C058, C059, C060, C061, C062, C068, C069, C079, C080, C081, C088, C089, C090, C091, C098, C099, C100, C101, C102, C103, C104, C108, C109, C110, C111, C112, C113, C118, C119, C129, C130, C131, C132, C138, C139, C140, C142, C148, C160, C161, C162, C163, C164, C165, C166, C168, C169, C170, C171, C172, C173, C178, C179, C180, C181, C182, C183, C184, C185, C186, C187, C188, C189, C199, C209, C210, C211, C212, C218, C220, C221, C239, C240, C241, C248, C249, C250, C251, C252, C253, C254, C257, C258, C259, C260, C268, C269, C300, C301, C310, C311, C312, C313, C318, C319, C320, C321, C322, C323, C328, C329, C340, C341, C342, C343, C348, C349, C379, C380, C381, C382, C383, C384, C388, C400, C401, C402, C403, C408, C409, C410, C411, C412, C413, C414, C418, C419, C421, C422, C440, C441, C442, C443, C444, C445, C446, C447, C448, C449, C470, C471, C472, C473, C474, C475, C476, C478, C479, C480, C481, C482, C488, C490, C491, C492, C493, C494, C495, C496, C498, C499, C500, C501, C502, C503, C504, C505, C506, C508, C509, C510, C511, C512, C518, C519, C529, C530, C531, C538, C539, C540, C541, C542, C543, C548, C549, C559, C569, C570, C571, C572, C573, C574, C577, C578, C579, C620, C621, C629, C649, C659, C669, C670, C671, C672, C673, C674, C675, C676, C677, C678, C679, C680, C681, C688, C689, C690, C691, C692, C693, C694, C695, C696, C698, C699, C700, C701, C709, C710, C711, C712, C713, C714, C715, C716, C717, C718, C719, C720, C721, C722, C723, C724, C725, C728, C729, C739, C770, C771, C772, C773, C774, C775, C778, C779, C809","Duodenal-type follicular lymphoma is a distinct WHO variant localized to the small intestine, characteristically the second portion of the duodenum, not the whole GI tract.",https://pmc.ncbi.nlm.nih.gov/articles/PMC11307786/,Abdulla Juma A et al. Duodenal-Type Follicular Lymphoma. Gastro Hep Advances 2023 (PMC11307786)
9695/3,"Follicular lymphoma, duodenal type",Yes,"C170, C171, C172, C178, C179",C170=Duodenum; C171=Jejunum; C172=Ileum; C178=Small intestine-overlapping; C179=Small intestine NOS,5,274,Anus (4); Biliary (4); Bladder (10); Blood/marrow (2); Bone-limbs (6); Bone-other (7); Brain (10); Breast (9); CNS (8); Cervix (4); Colon (10); Eye (9); Female genital (8); GI tract (3); Gallbladder (1); Gum (3); Heart/mediastinum (6); Hypopharynx (5); Kidney (1); Larynx (6); Liver (2); Lung (6); Lymph nodes (8); Meninges (3); Mouth (9); Nasal/middle ear (2); Nasopharynx (6); Oropharynx (7); Ovary (1); Palate (5); Pancreas (8); Peripheral nerves (9); Peritoneum/retroperitoneum (4); Pharynx (3); Pyriform sinus (1); Rectosigmoid (1); Rectum (1); Renal pelvis (1); Salivary (5); Sinuses (6); Skin (10); Small intestine (6); Soft tissue (9); Stomach (9); Testis (3); Thymus (1); Thyroid (1); Tongue (8); Tonsil (4); Unknown primary (1); Ureter (1); Urinary (4); Uterus (7); Vagina (1); Vulva (5),"C019, C020, C021, C022, C023, C024, C028, C029, C030, C031, C039, C040, C041, C048, C049, C050, C051, C052, C058, C059, C060, C061, C062, C068, C069, C079, C080, C081, C088, C089, C090, C091, C098, C099, C100, C101, C102, C103, C104, C108, C109, C110, C111, C112, C113, C118, C119, C129, C130, C131, C132, C138, C139, C140, C142, C148, C160, C161, C162, C163, C164, C165, C166, C168, C169, C170, C171, C172, C173, C178, C179, C180, C181, C182, C183, C184, C185, C186, C187, C188, C189, C199, C209, C210, C211, C212, C218, C220, C221, C239, C240, C241, C248, C249, C250, C251, C252, C253, C254, C257, C258, C259, C260, C268, C269, C300, C301, C310, C311, C312, C313, C318, C319, C320, C321, C322, C323, C328, C329, C340, C341, C342, C343, C348, C349, C379, C380, C381, C382, C383, C384, C388, C400, C401, C402, C403, C408, C409, C410, C411, C412, C413, C414, C418, C419, C421, C422, C440, C441, C442, C443, C444, C445, C446, C447, C448, C449, C470, C471, C472, C473, C474, C475, C476, C478, C479, C480, C481, C482, C488, C490, C491, C492, C493, C494, C495, C496, C498, C499, C500, C501, C502, C503, C504, C505, C506, C508, C509, C510, C511, C512, C518, C519, C529, C530, C531, C538, C539, C540, C541, C542, C543, C548, C549, C559, C569, C570, C571, C572, C573, C574, C577, C578, C579, C620, C621, C629, C649, C659, C669, C670, C671, C672, C673, C674, C675, C676, C677, C678, C679, C680, C681, C688, C689, C690, C691, C692, C693, C694, C695, C696, C698, C699, C700, C701, C709, C710, C711, C712, C713, C714, C715, C716, C717, C718, C719, C720, C721, C722, C723, C724, C725, C728, C729, C739, C770, C771, C772, C773, C774, C775, C778, C779, C809","Duodenal-type follicular lymphoma is a distinct WHO variant localized to the small intestine, characteristically the second portion of the duodenum, not the whole GI tract.",https://pmc.ncbi.nlm.nih.gov/articles/PMC11307786/,Abdulla Juma A et al. Duodenal-Type Follicular Lymphoma. Gastro Hep Advances 2023 (PMC11307786)
9695/3,"Follicular lymphoma, duodenal-type",Yes,"C170, C171, C172, C178, C179",C170=Duodenum; C171=Jejunum; C172=Ileum; C178=Small intestine-overlapping; C179=Small intestine NOS,5,274,Anus (4); Biliary (4); Bladder (10); Blood/marrow (2); Bone-limbs (6); Bone-other (7); Brain (10); Breast (9); CNS (8); Cervix (4); Colon (10); Eye (9); Female genital (8); GI tract (3); Gallbladder (1); Gum (3); Heart/mediastinum (6); Hypopharynx (5); Kidney (1); Larynx (6); Liver (2); Lung (6); Lymph nodes (8); Meninges (3); Mouth (9); Nasal/middle ear (2); Nasopharynx (6); Oropharynx (7); Ovary (1); Palate (5); Pancreas (8); Peripheral nerves (9); Peritoneum/retroperitoneum (4); Pharynx (3); Pyriform sinus (1); Rectosigmoid (1); Rectum (1); Renal pelvis (1); Salivary (5); Sinuses (6); Skin (10); Small intestine (6); Soft tissue (9); Stomach (9); Testis (3); Thymus (1); Thyroid (1); Tongue (8); Tonsil (4); Unknown primary (1); Ureter (1); Urinary (4); Uterus (7); Vagina (1); Vulva (5),"C019, C020, C021, C022, C023, C024, C028, C029, C030, C031, C039, C040, C041, C048, C049, C050, C051, C052, C058, C059, C060, C061, C062, C068, C069, C079, C080, C081, C088, C089, C090, C091, C098, C099, C100, C101, C102, C103, C104, C108, C109, C110, C111, C112, C113, C118, C119, C129, C130, C131, C132, C138, C139, C140, C142, C148, C160, C161, C162, C163, C164, C165, C166, C168, C169, C170, C171, C172, C173, C178, C179, C180, C181, C182, C183, C184, C185, C186, C187, C188, C189, C199, C209, C210, C211, C212, C218, C220, C221, C239, C240, C241, C248, C249, C250, C251, C252, C253, C254, C257, C258, C259, C260, C268, C269, C300, C301, C310, C311, C312, C313, C318, C319, C320, C321, C322, C323, C328, C329, C340, C341, C342, C343, C348, C349, C379, C380, C381, C382, C383, C384, C388, C400, C401, C402, C403, C408, C409, C410, C411, C412, C413, C414, C418, C419, C421, C422, C440, C441, C442, C443, C444, C445, C446, C447, C448, C449, C470, C471, C472, C473, C474, C475, C476, C478, C479, C480, C481, C482, C488, C490, C491, C492, C493, C494, C495, C496, C498, C499, C500, C501, C502, C503, C504, C505, C506, C508, C509, C510, C511, C512, C518, C519, C529, C530, C531, C538, C539, C540, C541, C542, C543, C548, C549, C559, C569, C570, C571, C572, C573, C574, C577, C578, C579, C620, C621, C629, C649, C659, C669, C670, C671, C672, C673, C674, C675, C676, C677, C678, C679, C680, C681, C688, C689, C690, C691, C692, C693, C694, C695, C696, C698, C699, C700, C701, C709, C710, C711, C712, C713, C714, C715, C716, C717, C718, C719, C720, C721, C722, C723, C724, C725, C728, C729, C739, C770, C771, C772, C773, C774, C775, C778, C779, C809","Duodenal-type follicular lymphoma is a distinct WHO variant localized to the small intestine, characteristically the second portion of the duodenum, not the whole GI tract.",https://pmc.ncbi.nlm.nih.gov/articles/PMC11307786/,Abdulla Juma A et al. Duodenal-Type Follicular Lymphoma. Gastro Hep Advances 2023 (PMC11307786)
9695/3,Primary intestinal follicular lymphoma,Yes,"C170, C171, C172, C178, C179",C170=Duodenum; C171=Jejunum; C172=Ileum; C178=Small intestine-overlapping; C179=Small intestine NOS,5,274,Anus (4); Biliary (4); Bladder (10); Blood/marrow (2); Bone-limbs (6); Bone-other (7); Brain (10); Breast (9); CNS (8); Cervix (4); Colon (10); Eye (9); Female genital (8); GI tract (3); Gallbladder (1); Gum (3); Heart/mediastinum (6); Hypopharynx (5); Kidney (1); Larynx (6); Liver (2); Lung (6); Lymph nodes (8); Meninges (3); Mouth (9); Nasal/middle ear (2); Nasopharynx (6); Oropharynx (7); Ovary (1); Palate (5); Pancreas (8); Peripheral nerves (9); Peritoneum/retroperitoneum (4); Pharynx (3); Pyriform sinus (1); Rectosigmoid (1); Rectum (1); Renal pelvis (1); Salivary (5); Sinuses (6); Skin (10); Small intestine (6); Soft tissue (9); Stomach (9); Testis (3); Thymus (1); Thyroid (1); Tongue (8); Tonsil (4); Unknown primary (1); Ureter (1); Urinary (4); Uterus (7); Vagina (1); Vulva (5),"C019, C020, C021, C022, C023, C024, C028, C029, C030, C031, C039, C040, C041, C048, C049, C050, C051, C052, C058, C059, C060, C061, C062, C068, C069, C079, C080, C081, C088, C089, C090, C091, C098, C099, C100, C101, C102, C103, C104, C108, C109, C110, C111, C112, C113, C118, C119, C129, C130, C131, C132, C138, C139, C140, C142, C148, C160, C161, C162, C163, C164, C165, C166, C168, C169, C170, C171, C172, C173, C178, C179, C180, C181, C182, C183, C184, C185, C186, C187, C188, C189, C199, C209, C210, C211, C212, C218, C220, C221, C239, C240, C241, C248, C249, C250, C251, C252, C253, C254, C257, C258, C259, C260, C268, C269, C300, C301, C310, C311, C312, C313, C318, C319, C320, C321, C322, C323, C328, C329, C340, C341, C342, C343, C348, C349, C379, C380, C381, C382, C383, C384, C388, C400, C401, C402, C403, C408, C409, C410, C411, C412, C413, C414, C418, C419, C421, C422, C440, C441, C442, C443, C444, C445, C446, C447, C448, C449, C470, C471, C472, C473, C474, C475, C476, C478, C479, C480, C481, C482, C488, C490, C491, C492, C493, C494, C495, C496, C498, C499, C500, C501, C502, C503, C504, C505, C506, C508, C509, C510, C511, C512, C518, C519, C529, C530, C531, C538, C539, C540, C541, C542, C543, C548, C549, C559, C569, C570, C571, C572, C573, C574, C577, C578, C579, C620, C621, C629, C649, C659, C669, C670, C671, C672, C673, C674, C675, C676, C677, C678, C679, C680, C681, C688, C689, C690, C691, C692, C693, C694, C695, C696, C698, C699, C700, C701, C709, C710, C711, C712, C713, C714, C715, C716, C717, C718, C719, C720, C721, C722, C723, C724, C725, C728, C729, C739, C770, C771, C772, C773, C774, C775, C778, C779, C809",Primary intestinal follicular lymphoma predominantly involves the small intestine (especially duodenum); it is an intestinal-restricted presentation rather than pan-GI.,https://pmc.ncbi.nlm.nih.gov/articles/PMC1851133/,Primary Follicular Lymphoma of the Small Intestine. Am J Pathol 2003 (PMC1851133)
9717/3,Enteropathy type intestinal T-cell lymphoma,Yes,"C170, C171, C172, C173, C178, C179, C180, C181, C182, C183, C184, C185, C186, C187, C188, C189, C199, C209, C210, C211, C212, C218, C260, C268, C269",C170=Duodenum; C171=Jejunum; C172=Ileum; C173=Meckel diverticulum; C178=Small intestine-overlapping; C179=Small intestine NOS; C180=Cecum; C181=Appendix; C182=Ascending colon; C183=Hepatic flexure; C184=Transverse colon; C185=Splenic flexure; C186=Descending colon; C187=Sigmoid colon; C188=Colon-overlapping; C189=Colon NOS; C199=Rectosigmoid junction; C209=Rectum NOS; C210=Anus NOS; C211=Anal canal; C212=Cloacogenic zone; C218=Anorectum-overlapping; C260=Intestinal tract NOS; C268=GI tract-overlapping; C269=GI tract NOS,25,35,Anus (4); Colon (10); GI tract (3); Heart/mediastinum (1); Lymph nodes (8); Rectosigmoid (1); Rectum (1); Small intestine (6); Unknown primary (1),"C170, C171, C172, C173, C178, C179, C180, C181, C182, C183, C184, C185, C186, C187, C188, C189, C199, C209, C210, C211, C212, C218, C260, C268, C269, C380, C770, C771, C772, C773, C774, C775, C778, C779, C809","Primary intestinal T-cell lymphoma (MEITL/EATL) has its primary site in the intestine (small intestine, especially jejunum/ileum; also duodenum, colon, rectum); nodal (C77x), mediastinal (C380) and unknown-primary involvement is secondary, so the primary-site usage is a strict intestinal subset of the ceiling.",https://pmc.ncbi.nlm.nih.gov/articles/PMC11539125/,PubMed Central - MEITL review
9717/3,Enteropathy-type intestinal T-cell lymphoma,Yes,"C170, C171, C172, C173, C178, C179, C180, C181, C182, C183, C184, C185, C186, C187, C188, C189, C199, C209, C210, C211, C212, C218, C260, C268, C269",C170=Duodenum; C171=Jejunum; C172=Ileum; C173=Meckel diverticulum; C178=Small intestine-overlapping; C179=Small intestine NOS; C180=Cecum; C181=Appendix; C182=Ascending colon; C183=Hepatic flexure; C184=Transverse colon; C185=Splenic flexure; C186=Descending colon; C187=Sigmoid colon; C188=Colon-overlapping; C189=Colon NOS; C199=Rectosigmoid junction; C209=Rectum NOS; C210=Anus NOS; C211=Anal canal; C212=Cloacogenic zone; C218=Anorectum-overlapping; C260=Intestinal tract NOS; C268=GI tract-overlapping; C269=GI tract NOS,25,35,Anus (4); Colon (10); GI tract (3); Heart/mediastinum (1); Lymph nodes (8); Rectosigmoid (1); Rectum (1); Small intestine (6); Unknown primary (1),"C170, C171, C172, C173, C178, C179, C180, C181, C182, C183, C184, C185, C186, C187, C188, C189, C199, C209, C210, C211, C212, C218, C260, C268, C269, C380, C770, C771, C772, C773, C774, C775, C778, C779, C809","Primary intestinal T-cell lymphoma (MEITL/EATL) has its primary site in the intestine (small intestine, especially jejunum/ileum; also duodenum, colon, rectum); nodal (C77x), mediastinal (C380) and unknown-primary involvement is secondary, so the primary-site usage is a strict intestinal subset of the ceiling.",https://pmc.ncbi.nlm.nih.gov/articles/PMC11539125/,PubMed Central - MEITL review
9717/3,Intestinal T-cell lymphoma,Yes,"C170, C171, C172, C173, C178, C179, C180, C181, C182, C183, C184, C185, C186, C187, C188, C189, C199, C209, C210, C211, C212, C218, C260, C268, C269",C170=Duodenum; C171=Jejunum; C172=Ileum; C173=Meckel diverticulum; C178=Small intestine-overlapping; C179=Small intestine NOS; C180=Cecum; C181=Appendix; C182=Ascending colon; C183=Hepatic flexure; C184=Transverse colon; C185=Splenic flexure; C186=Descending colon; C187=Sigmoid colon; C188=Colon-overlapping; C189=Colon NOS; C199=Rectosigmoid junction; C209=Rectum NOS; C210=Anus NOS; C211=Anal canal; C212=Cloacogenic zone; C218=Anorectum-overlapping; C260=Intestinal tract NOS; C268=GI tract-overlapping; C269=GI tract NOS,25,35,Anus (4); Colon (10); GI tract (3); Heart/mediastinum (1); Lymph nodes (8); Rectosigmoid (1); Rectum (1); Small intestine (6); Unknown primary (1),"C170, C171, C172, C173, C178, C179, C180, C181, C182, C183, C184, C185, C186, C187, C188, C189, C199, C209, C210, C211, C212, C218, C260, C268, C269, C380, C770, C771, C772, C773, C774, C775, C778, C779, C809","Primary intestinal T-cell lymphoma (MEITL/EATL) has its primary site in the intestine (small intestine, especially jejunum/ileum; also duodenum, colon, rectum); nodal (C77x), mediastinal (C380) and unknown-primary involvement is secondary, so the primary-site usage is a strict intestinal subset of the ceiling.",https://pmc.ncbi.nlm.nih.gov/articles/PMC11539125/,PubMed Central - MEITL review
9717/3,Monomorphic epitheliotropic intestinal T-cell lymphoma,Yes,"C170, C171, C172, C173, C178, C179, C180, C181, C182, C183, C184, C185, C186, C187, C188, C189, C199, C209, C210, C211, C212, C218, C260, C268, C269",C170=Duodenum; C171=Jejunum; C172=Ileum; C173=Meckel diverticulum; C178=Small intestine-overlapping; C179=Small intestine NOS; C180=Cecum; C181=Appendix; C182=Ascending colon; C183=Hepatic flexure; C184=Transverse colon; C185=Splenic flexure; C186=Descending colon; C187=Sigmoid colon; C188=Colon-overlapping; C189=Colon NOS; C199=Rectosigmoid junction; C209=Rectum NOS; C210=Anus NOS; C211=Anal canal; C212=Cloacogenic zone; C218=Anorectum-overlapping; C260=Intestinal tract NOS; C268=GI tract-overlapping; C269=GI tract NOS,25,35,Anus (4); Colon (10); GI tract (3); Heart/mediastinum (1); Lymph nodes (8); Rectosigmoid (1); Rectum (1); Small intestine (6); Unknown primary (1),"C170, C171, C172, C173, C178, C179, C180, C181, C182, C183, C184, C185, C186, C187, C188, C189, C199, C209, C210, C211, C212, C218, C260, C268, C269, C380, C770, C771, C772, C773, C774, C775, C778, C779, C809","Primary intestinal T-cell lymphoma (MEITL/EATL) has its primary site in the intestine (small intestine, especially jejunum/ileum; also duodenum, colon, rectum); nodal (C77x), mediastinal (C380) and unknown-primary involvement is secondary, so the primary-site usage is a strict intestinal subset of the ceiling.",https://pmc.ncbi.nlm.nih.gov/articles/PMC11539125/,PubMed Central - MEITL review
