ICDO32_Code	Term	PrefTerm
8000/0	Neoplasm, benign	1
8000/0	Tumor, benign	NULL
8000/0	Unclassified tumor, benign	NULL
8000/1	Neoplasm, NOS	NULL
8000/1	Neoplasm, uncertain whether benign or malignant	1
8000/1	Tumor, NOS	NULL
8000/1	Unclassified tumor, borderline malignancy	NULL
8000/1	Unclassified tumor, uncertain whether benign or malignant	NULL
8000/3	Blastoma, NOS	NULL
8000/3	Cancer	NULL
8000/3	Hepatoblastoma, hepatocellular neoplasm NOS subtype	NULL
8000/3	Hepatocellular neoplasm, NOS	NULL
8000/3	Malignancy	NULL
8000/3	Neoplasm, malignant	1
8000/3	Tumor, malignant, NOS	NULL
8000/3	Unclassified tumor, malignant	NULL
8000/6	Neoplasm, metastatic	1
8000/6	Neoplasm, secondary	NULL
8000/6	Tumor embolus	NULL
8000/6	Tumor, metastatic	NULL
8000/6	Tumor, secondary	NULL
8000/9	Neoplasm, malignant, uncertain whether primary or metastatic	1
8000/9	Unclassified tumor, malignant, uncertain whether primary or metastatic	NULL
8001/0	Tumor cells, benign	1
8001/1	Tumor cells, NOS	NULL
8001/1	Tumor cells, uncertain whether benign or malignant	1
8001/3	Tumor cells, malignant	1
8002/3	Malignant tumor, small cell type	1
8003/3	Malignant tumor, giant cell type	1
8004/1	Spindle cell tumor of uncertain malignant potential	NULL
8004/3	Malignant tumor, fusiform cell type	NULL
8004/3	Malignant tumor, spindle cell type	1
8005/0	Clear cell tumor, NOS	1
8005/3	Malignant tumor, clear cell type	1
8010/0	Epithelial tumor, benign	1
8010/2	Carcinoma in situ, NOS	1
8010/2	Intraepithelial carcinoma, NOS	NULL
8010/3	Carcinoma, NOS	1
8010/3	Epithelial tumor, malignant	NULL
8010/3	Heterotopia-associated carcinoma	NULL
8010/3	Salivary carcinoma	NULL
8010/3	Thyroid carcinoma	NULL
8010/3	Urachal carcinoma	NULL
8010/6	Carcinoma, metastatic, NOS	1
8010/6	Secondary carcinoma	NULL
8010/6	Squamous carcinoma of unknown primary	NULL
8010/9	Carcinomatosis	1
8011/0	Epithelioma, benign	1
8011/3	Epithelioma, malignant	1
8011/3	Epithelioma, NOS	NULL
8012/3	Large cell carcinoma, NOS	1
8013/3	Combined large cell neuroendocrine carcinoma	NULL
8013/3	Large cell neuroendocrine carcinoma	1
8013/3	Neuroendocrine carcinoma, large cell	NULL
8013/3	Poorly differentiated neuroendocrine carcinoma, large cell type	NULL
8014/3	Carcinoma, rhabdoid	NULL
8014/3	Large cell carcinoma with rhabdoid phenotype	1
8014/3	Rhabdoid carcinoma	NULL
8014/3	Undifferentiated carcinoma with rhabdoid cells	NULL
8015/3	Glassy cell carcinoma	1
8020/3	Anaplastic thyroid carcinoma	NULL
8020/3	Anaplastic undifferentiated carcinoma	NULL
8020/3	Carcinoma, poorly differentiated, NOS	NULL
8020/3	Carcinoma, unclassifiable	NULL
8020/3	Carcinoma, undifferentiated, NOS	1
8020/3	Dedifferentiated carcinoma	NULL
8020/3	Poorly differentiated urothelial carcinoma	NULL
8020/3	Sinonasal undifferentiated carcinoma	NULL
8020/3	Undifferentiated carcinoma	NULL
8020/3	Undifferentiated primary liver carcinoma	NULL
8020/3	Undifferentiated thyroid carcinoma	NULL
8021/3	Carcinoma, anaplastic, NOS	1
8022/3	Carcinoma, pleomorphic giant cell	NULL
8022/3	Pleomorphic carcinoma	1
8022/3	Pleomorphic giant cell carcinoma	NULL
8023/3	Carcinoma, NUT adnexal	NULL
8023/3	Nuclear protein in testis (NUT)-associated carcinoma	1
8023/3	NUT carcinoma	NULL
8023/3	NUT midline carcinoma	NULL
8030/3	Giant cell and spindle cell carcinoma	1
8031/3	Giant cell carcinoma	1
8031/3	Giant cell urothelial carcinoma	NULL
8032/3	Spindle cell carcinoma, NOS	1
8033/3	Carcinoma with mesenchymal differentiation	NULL
8033/3	Carcinoma with sarcomatoid component	NULL
8033/3	Pseudosarcomatous carcinoma	1
8033/3	Salivary duct carcinoma, sarcomatoid	NULL
8033/3	Sarcomatoid carcinoma	NULL
8033/3	Sarcomatoid salivary duct carcinoma	NULL
8034/3	Polygonal cell carcinoma	1
8035/3	Carcinoma with osteoclast-like giant cells	1
8035/3	Osteoclastic giant cell carcinoma	NULL
8035/3	Squamous carcinoma with osteoclast-like giant cells	NULL
8035/3	Undifferentiated carcinoma with osteoclast-like giant cells	NULL
8040/0	Diffuse idiopathic neuroendocrine cell hyperplasia	NULL
8040/0	Tumorlet, benign	1
8040/1	Tumorlet, NOS	1
8041/3	High-grade neuroendocrine carcinoma	NULL
8041/3	Neuroendocrine carcinoma, small cell	NULL
8041/3	Oat cell carcinoma	NULL
8041/3	Poorly differentiated neuroendocrine carcinoma, small cell type	NULL
8041/3	Reserve cell carcinoma	NULL
8041/3	Round cell carcinoma	NULL
8041/3	Small cell carcinoma, fusiform cell	NULL
8041/3	Small cell carcinoma, intermediate cell	NULL
8041/3	Small cell carcinoma, NOS	1
8041/3	Small cell carcinoma, pulmonary type	NULL
8041/3	Small cell lung carcinoma	NULL
8041/3	Small cell neuroendocrine carcinoma	NULL
8041/3	Small cell undifferentiated carcinoma	NULL
8042/3	Oat cell carcinoma	1
8043/3	Small cell carcinoma, fusiform cell	1
8044/3	Small cell carcinoma of the ovary, hypercalcemic type	NULL
8044/3	Small cell carcinoma of the ovary, hypercalcemic type, large cell subtype	NULL
8044/3	Small cell carcinoma, hypercalcemic type	NULL
8044/3	Small cell carcinoma, hypercalcemic type, large cell subtype	NULL
8044/3	Small cell carcinoma, intermediate cell	1
8044/3	Small cell carcinoma, large cell subtype	NULL
8044/3	Small cell carcinoma, large cell variant	NULL
8044/3	SMARCA4-deficient carcinoma of ovary	NULL
8044/3	SMARCA4-deficient sinonasal carcinoma	NULL
8044/3	SMARCA4-deficient undifferentiated sinonasal carcinoma	NULL
8044/3	SMARCA4-deficient undifferentiated tumor	NULL
8044/3	SMARCB1-deficient sinonasal adenocarcinoma	NULL
8044/3	SMARCB1-deficient sinonasal carcinoma	NULL
8044/3	SMARCB1-deficient undifferentiated sinonasal carcinoma	NULL
8044/3	SWI/SNF complex-deficient sinonasal carcinoma	NULL
8044/3	Thoracic SMARCA4-deficient undifferentiated tumor	NULL
8045/3	Combined small cell carcinoma	1
8045/3	Combined small cell neuroendocrine carcinoma	NULL
8045/3	Combined small cell-adenocarcinoma	NULL
8045/3	Combined small cell-large cell carcinoma	NULL
8045/3	Combined small cell-large cell neuroendocrine carcinoma	NULL
8045/3	Combined small cell-squamous cell carcinoma	NULL
8045/3	Combined small cell-urothelial carcinoma	NULL
8045/3	Mixed small cell carcinoma	NULL
8045/3	Small cell and large cell endocrine carcinoma	NULL
8046/3	Non-small cell carcinoma	1
8050/0	Papilloma, NOS	1
8050/2	Papillary carcinoma in situ, NOS	1
8050/3	Papillary carcinoma, NOS	1
8051/0	Verrucous papilloma	1
8051/3	Carcinoma cuniculatum	NULL
8051/3	Verrucous carcinoma (including carcinoma cuniculatum)	NULL
8051/3	Verrucous carcinoma, NOS	1
8051/3	Verrucous epidermoid carcinoma	NULL
8051/3	Verrucous squamous cell carcinoma	NULL
8052/0	Benign keratosis, NOS	NULL
8052/0	Caruncular papilloma	NULL
8052/0	Conjunctival papilloma	NULL
8052/0	Hirsuties papillaris vulvae	NULL
8052/0	Irritated seborrhoeic keratosis	NULL
8052/0	Keratocystoma	NULL
8052/0	Keratotic papilloma	NULL
8052/0	Laryngeal papillomatosis	NULL
8052/0	Lichen planus–like keratosis	NULL
8052/0	Lichenoid keratosis	NULL
8052/0	Longitudinal subungual acanthoma	NULL
8052/0	Melanoacanthoma	NULL
8052/0	Micropapillomatosis labialis	NULL
8052/0	Onychocytic matricoma	NULL
8052/0	Onychopapilloma	NULL
8052/0	Other benign keratoses	NULL
8052/0	Seborrhoeic keratosis	NULL
8052/0	Seborrhoeic keratosis, irritated	NULL
8052/0	Solar lentigo	NULL
8052/0	Solitary vaginal papilloma	NULL
8052/0	Squamous cell papilloma, exophytic	NULL
8052/0	Squamous cell papilloma, mixed	NULL
8052/0	Squamous cell papilloma, NOS	1
8052/0	Squamous papilloma	NULL
8052/0	Squamous papilloma of the larynx	NULL
8052/0	Squamous papilloma with low-grade dysplasia	NULL
8052/0	Squamous papilloma, exophytic	NULL
8052/0	Squamous papilloma, mixed	NULL
8052/0	Stucco keratosis	NULL
8052/0	Ungual fibrokeratoma	NULL
8052/0	Urothelial squamous cell papilloma	NULL
8052/0	Vaginal papilloma	NULL
8052/0	Vestibular micropapillomatosis	NULL
8052/0	Vestibular papillomatosis	NULL
8052/2	Papillary squamous cell carcinoma in situ	NULL
8052/2	Papillary squamous cell carcinoma, non-invasive	1
8052/2	Squamous papilloma with high-grade dysplasia	NULL
8052/3	Papillary epidermoid carcinoma	NULL
8052/3	Papillary squamous cell carcinoma	1
8053/0	Squamous cell papilloma, endophytic	NULL
8053/0	Squamous cell papilloma, inverted	1
8053/0	Squamous papilloma, inverted	NULL
8054/0	Warty dyskeratoma	1
8054/3	Condylomatous carcinoma	NULL
8054/3	Warty carcinoma	1
8054/3	Warty carcinoma, HPV-associated	NULL
8054/3	Warty-basaloid carcinoma	NULL
8060/0	Papillomatosis, NOS	NULL
8060/0	Squamous cell papillomatosis	NULL
8060/0	Squamous papillomatosis	1
8060/0	Squamous papillomatosis of the larynx	NULL
8070/0	Actinic keratosis	1
8070/0	Actinic keratosis, hypertrophic	NULL
8070/0	Actinic keratosis, lichenoid	NULL
8070/0	Actinic keratosis, pigmented	NULL
8070/0	Actinic keratosis, proliferative	NULL
8070/0	Arsenical keratosis	NULL
8070/0	Hypertrophic actinic keratosis	NULL
8070/0	Lichenoid actinic keratosis	NULL
8070/0	Low-grade squamous intraepithelial lesion	NULL
8070/0	Pigmented actinic keratosis	NULL
8070/0	Proliferative actinic keratosis	NULL
8070/0	PUVA keratosis	NULL
8070/2	Actinic keratosis with high-grade dysplasia	NULL
8070/2	Bowen disease	NULL
8070/2	Bowenoid papulosis	NULL
8070/2	Epidermoid carcinoma in situ, NOS	NULL
8070/2	Intraepidermal carcinoma, NOS	NULL
8070/2	Intraepidermal squamous cell carcinoma, Bowen type	NULL
8070/2	Intraepithelial squamous cell carcinoma	NULL
8070/2	Squamous cell carcinoma in situ (Bowen disease)	NULL
8070/2	Squamous cell carcinoma in situ, NOS	1
8070/3	Epidermoid carcinoma, NOS	NULL
8070/3	Hybrid verrucous carcinoma	NULL
8070/3	Nasopharyngeal carcinoma	NULL
8070/3	Pure squamous carcinoma of urothelial tract	NULL
8070/3	Pure urothelial squamous cell carcinoma	NULL
8070/3	Squamous carcinoma	NULL
8070/3	Squamous cell carcinoma, NOS	1
8070/3	Squamous cell carcinoma, usual type	NULL
8070/3	Squamous cell epithelioma	NULL
8070/6	Squamous cell carcinoma, metastatic, NOS	1
8071/1	Generalized eruptive keratoacanthoma of Grzybowski	NULL
8071/1	Giant keratoacanthoma	NULL
8071/1	Keratoacanthoma	NULL
8071/1	Keratoacanthoma centrifugum marginatum	NULL
8071/1	Keratoacanthoma, subungual	NULL
8071/1	Multiple self-healing epitheliomas of Ferguson Smith	NULL
8071/1	Subungual keratoacanthoma	NULL
8071/1	Subungual tumor of incontinentia pigmenti	NULL
8071/2	Differentiated exophytic vulvar intraepithelial lesion	NULL
8071/2	Differentiated intraepithelial neoplasia	NULL
8071/2	Differentiated penile intraepithelial neoplasia	NULL
8071/2	Differentiated penile intraepithelial neoplasia (PeIN)	NULL
8071/2	Differentiated vulvar intraepithelial neoplasia (VIN)	NULL
8071/2	Vulvar acanthosis with altered differentiation	NULL
8071/2	Vulvar intraepithelial neoplasia, HPV-independent	NULL
8071/3	Epidermoid carcinoma, keratinizing	NULL
8071/3	Keratinizing squamous cell carcinoma	NULL
8071/3	Sinonasal keratinizing squamous cell carcinoma	NULL
8071/3	Squamous cell carcinoma, keratinizing, NOS	1
8071/3	Squamous cell carcinoma, large cell, keratinizing	NULL
8072/0	Large cell acanthoma	1
8072/3	Cylindrical cell carcinoma	NULL
8072/3	DEK::AFF2 squamous carcinoma	NULL
8072/3	DEK::AFF2 squamous cell carcinoma	NULL
8072/3	Epidermoid carcinoma, large cell, nonkeratinizing	NULL
8072/3	Non-keratinizing squamous cell carcinoma	NULL
8072/3	Schneiderian carcinoma	NULL
8072/3	Squamous cell carcinoma, large cell, nonkeratinizing, NOS	1
8072/3	Squamous cell carcinoma, nonkeratinizing, NOS	NULL
8072/3	Transitional cell carcinoma of head and neck, NOS	NULL
8073/3	Epidermoid carcinoma, small cell, nonkeratinizing	NULL
8073/3	Squamous cell carcinoma, small cell, nonkeratinizing	1
8074/3	Epidermoid carcinoma, spindle cell	NULL
8074/3	Pseudovascular squamous cell carcinoma	NULL
8074/3	Sarcomatoid squamous cell carcinoma	NULL
8074/3	Spindle cell squamous cell carcinoma	NULL
8074/3	Squamous cell carcinoma with a spindle cell component	NULL
8074/3	Squamous cell carcinoma with sarcomatoid differentiation	NULL
8074/3	Squamous cell carcinoma, pseudosarcomatous	NULL
8074/3	Squamous cell carcinoma, sarcomatoid	NULL
8074/3	Squamous cell carcinoma, spindle cell	1
8075/3	Acantholytic squamous cell carcinoma	NULL
8075/3	Adenoid squamous cell carcinoma	NULL
8075/3	Squamous cell carcinoma, acantholytic	NULL
8075/3	Squamous cell carcinoma, adenoid	1
8075/3	Squamous cell carcinoma, pseudoglandular	NULL
8076/2	Epidermoid carcinoma in situ with questionable stromal invasion	NULL
8076/2	Squamous cell carcinoma in situ with questionable stromal invasion	1
8076/3	Squamous cell carcinoma, microinvasive	1
8077/0	AIN 1	NULL
8077/0	Anal intraepithelial neoplasia, grade 1	NULL
8077/0	Anal intraepithelial neoplasia, low-grade	NULL
8077/0	Cervical intraepithelial neoplasia, grade 1	NULL
8077/0	Cervical intraepithelial neoplasia, low-grade	NULL
8077/0	CIN 1	NULL
8077/0	Conjunctival squamous intraepithelial neoplasia, mild dysplasia	NULL
8077/0	esophageal squamous dysplasia, low-grade	NULL
8077/0	esophageal squamous intraepithelial neoplasia, low-grade	NULL
8077/0	Low-grade oral epithelial dysplasia	NULL
8077/0	Low-grade squamous dysplasia	NULL
8077/0	Low-grade squamous intraepithelial lesion, HPV-associated	NULL
8077/0	Low-grade squamous intraepithelial lesion, NOS	NULL
8077/0	Mild squamous dysplasia	NULL
8077/0	Penile intraepithelial neoplasia, HPV-associated, low-grade	NULL
8077/0	Squamous dysplasia, low-grade	NULL
8077/0	Squamous intraepithelial neoplasia, grade 1	NULL
8077/0	Squamous intraepithelial neoplasia, low grade	1
8077/0	Squamous intraepithelial neoplasia, mild dysplasia	NULL
8077/0	Vaginal intraepithelial neoplasia, grade 1	NULL
8077/0	VAIN 1	NULL
8077/0	VIN 1	NULL
8077/0	Vulvar intraepithelial neoplasia, grade 1	NULL
8077/2	AIN 2	NULL
8077/2	AIN 3	NULL
8077/2	AIN III	NULL
8077/2	Anal intraepithelial neoplasia, grade 2	NULL
8077/2	Anal intraepithelial neoplasia, grade III	NULL
8077/2	Anal intraepithelial neoplasia, high-grade	NULL
8077/2	Cervical intraepithelial neoplasia, grade 2	NULL
8077/2	Cervical intraepithelial neoplasia, grade III	NULL
8077/2	Cervical intraepithelial neoplasia, high-grade	NULL
8077/2	CIN 2	NULL
8077/2	CIN 3 with severe dysplasia	NULL
8077/2	CIN 3, NOS	NULL
8077/2	CIN III with severe dysplasia	NULL
8077/2	CIN III, NOS	NULL
8077/2	Conjunctival squamous intraepithelial neoplasia, moderate dysplasia	NULL
8077/2	Conjunctival squamous intraepithelial neoplasia, severe dysplasia	NULL
8077/2	esophageal squamous dysplasia, high-grade	NULL
8077/2	esophageal squamous intraepithelial neoplasia, high-grade	NULL
8077/2	High grade squamous intraepithelial lesion	NULL
8077/2	High-grade oral epithelial dysplasia	NULL
8077/2	High-grade squamous dysplasia	NULL
8077/2	High-grade squamous intraepithelial lesion, HPV-associated	NULL
8077/2	Moderate squamous dysplasia	NULL
8077/2	Penile intraepithelial neoplasia, HPV-associated, high-grade	NULL
8077/2	Severe squamous dysplasia	NULL
8077/2	Squamous dysplasia, high grade	NULL
8077/2	Squamous intraepithelial neoplasia, grade II	NULL
8077/2	Squamous intraepithelial neoplasia, grade III	NULL
8077/2	Squamous intraepithelial neoplasia, high grade	1
8077/2	Squamous intraepithelial neoplasia, moderate dysplasia	NULL
8077/2	Squamous intraepithelial neoplasia, severe dysplasia	NULL
8077/2	Vaginal intraepithelial neoplasia, grade 2	NULL
8077/2	Vaginal intraepithelial neoplasia, grade III	NULL
8077/2	VAIN 2	NULL
8077/2	VAIN 3	NULL
8077/2	VAIN III	NULL
8077/2	VIN 2	NULL
8077/2	VIN 3	NULL
8077/2	VIN III	NULL
8077/2	Vulvar intraepithelial neoplasia, grade 2	NULL
8077/2	Vulvar intraepithelial neoplasia, grade III	NULL
8078/3	Squamous cell carcinoma with horn formation	1
8080/2	Queyrat erythroplasia	1
8081/2	Bowen disease	1
8081/2	Intraepidermal squamous cell carcinoma, Bowen type	NULL
8082/3	Lymphoepithelial carcinoma	1
8082/3	Lymphoepithelial carcinoma of salivary gland	NULL
8082/3	Lymphoepithelioma	NULL
8082/3	Lymphoepithelioma-like carcinoma	NULL
8082/3	Lymphoepithelioma-like urothelial carcinoma	NULL
8082/3	Schmincke tumor	NULL
8082/3	Sinonasal lymphoepithelial carcinoma	NULL
8083/2	Basaloid squamous cell carcinoma, in situ	NULL
8083/3	Basaloid squamous cell carcinoma	1
8083/3	Papillary-basaloid carcinoma	NULL
8084/0	Clear cell acanthoma	1
8084/3	Clear cell squamous carcinoma, HPV-associated	NULL
8084/3	Clear cell squamous cell carcinoma	NULL
8084/3	Squamous cell carcinoma, clear cell type	1
8085/0	HPV-associated oral epithelial dysplasia, low grade	NULL
8085/0	Low-grade HPV-associated oral epithelial dysplasia	NULL
8085/2	High-grade HPV-associated oral epithelial dysplasia	NULL
8085/2	HPV-associated oral epithelial dysplasia, high grade	NULL
8085/2	Squamous cell carcinoma in situ, HPV-associated	NULL
8085/3	Adenosquamous carcinoma, HPV-associated	NULL
8085/3	Basaloid squamous cell carcinoma, HPV-associated	NULL
8085/3	Carcinoma, squamous cell, HPV-associated	NULL
8085/3	Ciliated adenosquamous carcinoma, HPV-associated	NULL
8085/3	HPV-associated squamous cell carcinoma	NULL
8085/3	Keratinizing squamous cell carcinoma, HPV-associated	NULL
8085/3	Lymphoepithelial carcinoma, HPV-associated	NULL
8085/3	Lymphoepithelioma-like carcinoma, HPV-associated	NULL
8085/3	Non-keratinizing squamous cell carcinoma, HPV-associated	NULL
8085/3	Papillary squamous cell carcinoma, HPV-associated	NULL
8085/3	Spindle cell / sarcomatoid squamous cell carcinoma, HPV-associated	NULL
8085/3	Squamous cell carcinoma, HPV positive	1
8085/3	Squamous cell carcinoma, HPV-associated	NULL
8085/3	Squamous cell carcinoma, HPV-related	NULL
8085/3	Squamous cell carcinoma, p16-positive	NULL
8085/3	Transitional cell carcinoma of head and neck, HPV-associated	NULL
8086/3	Adenosquamous carcinoma, HPV-independent	NULL
8086/3	Basaloid squamous cell carcinoma, HPV-independent	NULL
8086/3	Carcinoma, squamous cell, HPV-independent	NULL
8086/3	HPV-independent squamous cell carcinoma	NULL
8086/3	Keratinizing squamous cell carcinoma, HPV-independent	NULL
8086/3	Lymphoepithelial carcinoma, HPV-independent	NULL
8086/3	Non-keratinizing squamous cell carcinoma, HPV-independent	NULL
8086/3	Papillary squamous cell carcinoma, HPV-independent	NULL
8086/3	Pseudohyperplastic carcinoma	NULL
8086/3	Spindle cell / sarcomatoid squamous cell carcinoma, HPV-independent	NULL
8086/3	Squamous cell carcinoma, HPV negative	1
8086/3	Squamous cell carcinoma, HPV-independent	NULL
8086/3	Squamous cell carcinoma, p16-negative	NULL
8086/3	Squamous cell carcinoma, usual type	NULL
8086/3	Verrucous carcinoma, HPV-independent	NULL
8090/1	Basal cell tumor	1
8090/3	Basal cell carcinoma with adnexal differentiation	NULL
8090/3	Basal cell carcinoma, NOS	1
8090/3	Basal cell epithelioma	NULL
8090/3	Pigmented basal cell carcinoma	NULL
8090/3	Rodent ulcer	NULL
8091/3	Multicentric basal cell carcinoma	NULL
8091/3	Multifocal superficial basal cell carcinoma	NULL
8091/3	Superficial basal cell carcinoma	1
8092/3	Basal cell carcinoma with sarcomatoid differentiation	NULL
8092/3	Basal cell carcinoma, desmoplastic type	NULL
8092/3	Basal cell carcinoma, morpheic	NULL
8092/3	Basal cell carcinoma, morphoeic	NULL
8092/3	Basal cell carcinoma, sarcomatoid	NULL
8092/3	Basal cell carcinoma, sclerosing/morphoeic	NULL
8092/3	Infiltrating basal cell carcinoma, non-sclerosing	NULL
8092/3	Infiltrating basal cell carcinoma, NOS	1
8092/3	Infiltrating basal cell carcinoma, sclerosing	NULL
8092/3	Sclerosing/morphoeic basal cell carcinoma	NULL
8093/3	Basal cell carcinoma, fibroepithelial	1
8093/3	Fibroepithelial basal cell carcinoma	NULL
8093/3	Fibroepithelial basal cell carcinoma, Pinkus type	NULL
8093/3	Fibroepithelioma of Pinkus type	NULL
8093/3	Fibroepithelioma, NOS	NULL
8093/3	Pinkus tumor	NULL
8094/3	Basosquamous carcinoma	1
8094/3	Mixed basal-squamous cell carcinoma	NULL
8095/3	Metatypical carcinoma	1
8096/0	Intraepidermal epithelioma of Jadassohn	1
8097/3	Basal cell carcinoma, micronodular	NULL
8097/3	Basal cell carcinoma, nodular	1
8097/3	Micronodular basal cell carcinoma	NULL
8097/3	Nodular basal cell carcinoma	NULL
8098/3	Adenoid basal carcinoma	1
8098/3	Adenoid basal epithelioma	NULL
8098/3	Low-grade adenoid basal tumor	NULL
8100/0	Brooke tumor	NULL
8100/0	Epithelioma adenoides cysticum	NULL
8100/0	Trichoblastic fibroma	NULL
8100/0	Trichoblastoma	NULL
8100/0	Trichoepithelioma	1
8100/0	Trichogerminoma	NULL
8100/3	Trichoblastic carcinoma	1
8100/3	Trichoblastic carcinosarcoma	NULL
8101/0	Trichofolliculoma	1
8102/0	Desmoplastic trichilemmoma	NULL
8102/0	Trichilemmoma	1
8102/0	Trichilemmoma, desmoplastic	NULL
8102/3	Trichilemmal carcinoma	NULL
8102/3	Trichilemmocarcinoma	1
8102/3	Trichilemmomal carcinoma	NULL
8102/3	Tricholemmal carcinoma	NULL
8103/0	Pilar tumor	1
8103/1	Proliferating pilar tumor	NULL
8103/1	Proliferating trichilemmal cyst	1
8103/1	Proliferating trichilemmal tumor	NULL
8103/1	Proliferating tricholemmal tumor	NULL
8104/0	Pilar sheath acanthoma	1
8104/0	Tumor of follicular infundibulum	NULL
8110/0	Calcifying epithelioma of Malherbe	NULL
8110/0	Melanocytic matricoma	NULL
8110/0	Pilomatricoma, NOS	1
8110/0	Pilomatrixoma, NOS	NULL
8110/3	Matrical carcinoma	NULL
8110/3	Pilomatrical carcinoma	1
8110/3	Pilomatricoma, malignant	NULL
8110/3	Pilomatrix carcinoma	NULL
8110/3	Pilomatrixoma, malignant	NULL
8120/0	Papilloma of bladder	NULL
8120/0	Transitional cell papilloma, benign	NULL
8120/0	Transitional cell papilloma, NOS	NULL
8120/0	Transitional papilloma	NULL
8120/0	Urothelial papilloma, NOS	1
8120/2	Transitional cell carcinoma in situ	NULL
8120/2	Urothelial carcinoma in situ	1
8120/3	Clear cell (glycogen-rich) urothelial carcinoma	NULL
8120/3	Conventional urothelial carcinoma	NULL
8120/3	Diverticular carcinoma	NULL
8120/3	Invasive urothelial carcinoma	NULL
8120/3	Large nested urothelial carcinoma	NULL
8120/3	Lipid-rich urothelial carcinoma	NULL
8120/3	Microcystic urothelial carcinoma	NULL
8120/3	Nested urothelial carcinoma	NULL
8120/3	Squamotransitional carcinoma	NULL
8120/3	Squamotransitional cell carcinoma	NULL
8120/3	Transitional carcinoma	NULL
8120/3	Transitional cell carcinoma, NOS	1
8120/3	Tubular and microcystic urothelial carcinoma	NULL
8120/3	Urothelial carcinoma with divergent differentiation	NULL
8120/3	Urothelial carcinoma with glandular differentiation	NULL
8120/3	Urothelial carcinoma with squamous differentiation	NULL
8120/3	Urothelial carcinoma with trophoblastic differentiation	NULL
8120/3	Urothelial carcinoma, clear cell (glycogen rich)	NULL
8120/3	Urothelial carcinoma, large nested	NULL
8120/3	Urothelial carcinoma, lipid-rich	NULL
8120/3	Urothelial carcinoma, nested, NOS	NULL
8120/3	Urothelial carcinoma, NOS	NULL
8120/3	Urothelial carcinoma, tubular and microcystic	NULL
8121/0	Exophytic sinonasal papilloma	NULL
8121/0	Exophytic sinonasal-type papilloma	NULL
8121/0	Inverted urothelial papilloma	NULL
8121/0	Middle ear papilloma	NULL
8121/0	Oncocytic sinonasal-type papilloma	NULL
8121/0	Schneiderian papilloma, NOS	NULL
8121/0	Sinonasal papilloma, exophytic	1
8121/0	Sinonasal papilloma, fungiform	NULL
8121/0	Sinonasal papilloma, NOS	NULL
8121/0	Transitional cell papilloma, inverted, NOS	NULL
8121/0	Transitional papilloma, inverted, NOS	NULL
8121/0	Urothelial papilloma, inverted	NULL
8121/1	Columnar cell papilloma	NULL
8121/1	Cylindrical cell papilloma	NULL
8121/1	Inverted sinonasal papilloma	NULL
8121/1	Inverted sinonasal-type papilloma	NULL
8121/1	Oncocytic sinonasal papilloma	NULL
8121/1	Oncocytic sinonasal-type papilloma	NULL
8121/1	Papilloma, inverted	NULL
8121/1	Schneiderian papilloma, inverted	NULL
8121/1	Schneiderian papilloma, oncocytic	NULL
8121/1	Sinonasal papilloma, inverted	NULL
8121/1	Sinonasal papilloma, oncocytic	NULL
8121/3	Cylindrical cell carcinoma	NULL
8121/3	Schneiderian carcinoma	1
8122/3	Plasmacytoid / signet-ring cell / diffuse sarcomatoid urothelial carcinoma	NULL
8122/3	Plasmacytoid urothelial carcinoma	NULL
8122/3	Transitional cell carcinoma, sarcomatoid	NULL
8122/3	Transitional cell carcinoma, spindle cell	NULL
8122/3	Urothelial carcinoma, plasmacytoid	NULL
8122/3	Urothelial carcinoma, sarcomatoid	1
8122/3	Urothelial carcinoma, spindle cell	NULL
8123/3	Basaloid carcinoma	1
8124/3	Cloacogenic carcinoma	1
8130/1	Inverted papillary urothelial neoplasm of low malignant potential	NULL
8130/1	Papillary transitional cell neoplasm of low malignant potential	NULL
8130/1	Papillary transitional cell neoplasm of low malignant potential, inverted	NULL
8130/1	Papillary urothelial neoplasm of low malignant potential	1
8130/1	Papillary urothelial neoplasm of low malignant potential, inverted	NULL
8130/2	Low-grade papillary urothelial carcinoma with an inverted growth pattern	NULL
8130/2	Non-invasive high-grade papillary urothelial carcinoma with an inverted growth pattern	NULL
8130/2	Non-invasive papillary urothelial carcinoma with an inverted growth pattern, high-grade	NULL
8130/2	Non-invasive papillary urothelial carcinoma with an inverted growth pattern, low-grade	NULL
8130/2	Non-invasive papillary urothelial carcinoma, high-grade	NULL
8130/2	Non-invasive papillary urothelial carcinoma, low-grade	NULL
8130/2	Papillary transitional cell carcinoma, non-invasive	NULL
8130/2	Papillary urothelial carcinoma, non-invasive	1
8130/3	Papillary transitional cell carcinoma	1
8130/3	Papillary urothelial carcinoma	NULL
8131/3	Micropapillary urothelial carcinoma	NULL
8131/3	Transitional cell carcinoma, micropapillary	NULL
8131/3	Urothelial carcinoma, micropapillary	1
8140/0	Adenoma, NOS	1
8140/0	Bartholin gland adenoma	NULL
8140/0	Bronchiolar adenoma	NULL
8140/0	Bronchiolar adenoma/ciliated muconodular papillary tumor	NULL
8140/0	Chief cell-predominant polyp, low-grade	NULL
8140/0	Chief cell-predominant polyp, NOS	NULL
8140/0	Ciliated muconodular papillary tumor	NULL
8140/0	Oxyntic gland adenoma, low-grade	NULL
8140/0	Oxyntic gland adenoma, NOS	NULL
8140/0	Oxyntic gland polyp, low-grade	NULL
8140/0	Oxyntic gland polyp, NOS	NULL
8140/0	Parathyroid adenoma	NULL
8140/0	Pyloric gland adenoma	NULL
8140/0	Pyloric gland adenoma, low-grade	NULL
8140/0	Pyloric gland intracystic papillary neoplasm, low-grade	NULL
8140/0	Pyloric gland intracystic papillary neoplasm, NOS	NULL
8140/0	Pyloric gland tubular adenoma, low-grade	NULL
8140/0	Pyloric gland tubular adenoma, NOS	NULL
8140/0	Pyloric gland-type adenoma, low grade	NULL
8140/0	Pyloric gland-type adenoma, NOS	NULL
8140/0	Sclerosing polycystic adenoma	NULL
8140/1	Atypical adenoma	1
8140/1	Atypical parathyroid neoplasm	NULL
8140/1	Atypical parathyroid tumor	NULL
8140/1	Bronchial adenoma, NOS	NULL
8140/1	Parathyroid tumor of low/uncertain malignant potential	NULL
8140/2	Adenocarcinoma in situ, NOS	1
8140/2	Chief cell-predominant polyp, high-grade	NULL
8140/2	Oxyntic gland adenoma, high-grade	NULL
8140/2	Oxyntic gland polyp, high-grade	NULL
8140/2	Pyloric gland adenoma, high-grade	NULL
8140/2	Pyloric gland intracystic papillary neoplasm, high-grade	NULL
8140/2	Pyloric gland tubular adenoma, high-grade	NULL
8140/2	Pyloric gland-type adenoma, high-grade	NULL
8140/3	Acinar adenocarcinoma of prostate	NULL
8140/3	Adenocarcinoma of Skene gland origin	NULL
8140/3	Adenocarcinoma of the epididymis	NULL
8140/3	Adenocarcinoma, non-intestinal-type	NULL
8140/3	Adenocarcinoma, NOS	1
8140/3	Adenocarcinoma, pleomorphic giant cell acinar	NULL
8140/3	Adenocarcinoma, usual type	NULL
8140/3	Ampullary adenocarcinoma	NULL
8140/3	Atrophic acinar adenocarcinoma	NULL
8140/3	Carcinoma of Cowper glands	NULL
8140/3	Carcinoma of Littré glands	NULL
8140/3	Carcinoma of Skene glands	NULL
8140/3	Carcinoma of Skene, Cowper and Littre Glands	NULL
8140/3	Carcinoma of the gallbladder	NULL
8140/3	Carcinoma, prostatic-intraepithelial neoplasia-like	NULL
8140/3	Cowper gland adenocarcinoma	NULL
8140/3	Endocervical adenocarcinoma usual type	NULL
8140/3	Endolymphatic sac tumor	NULL
8140/3	Foamy gland acinar adenocarcinoma	NULL
8140/3	Gastric adenocarcinoma of fundic gland type	NULL
8140/3	Invasive non-mucinous adenocarcinoma	NULL
8140/3	Littré gland adenocarcinoma	NULL
8140/3	Littré gland carcinoma	NULL
8140/3	Microcystic acinar adenocarcinoma	NULL
8140/3	Minimally invasive adenocarcinoma, NOS	NULL
8140/3	Non-ampullary adenocarcinoma	NULL
8140/3	Non–intestinal-type sinonasal adenocarcinoma	NULL
8140/3	Paneth cell carcinoma	NULL
8140/3	Parathyroid carcinoma	NULL
8140/3	Pleomorphic giant cell acinar adenocarcinoma	NULL
8140/3	Prostatic intraepithelial neoplasia–like carcinoma	NULL
8140/3	Prostatic intraepithelial-like carcinoma	NULL
8140/3	Pseudohyperplastic acinar adenocarcinoma	NULL
8140/3	Renal cell-like sinonasal adenocarcinoma	NULL
8140/3	Salivary gland adenocarcinoma	NULL
8140/3	Salivary gland carcinoma NOS	NULL
8140/3	Skene gland adenocarcinoma	NULL
8140/3	Skene gland carcinoma	NULL
8140/6	Adenocarcinoma, metastatic, NOS	1
8141/3	Carcinoma with productive fibrosis	NULL
8141/3	Scirrhous adenocarcinoma	1
8141/3	Scirrhous carcinoma	NULL
8142/3	Linitis plastica	1
8143/3	Superficial spreading adenocarcinoma	1
8144/0	Adenoma, ampullary-duodenal, low-grade	NULL
8144/0	Adenoma, intestinal-type, low-grade	NULL
8144/0	Adenoma, intestinal-type, NOS	NULL
8144/0	Adenoma, intestinal-type, sporadic, low-grade	NULL
8144/0	Adenoma, intestinal-type, syndromic, low-grade	NULL
8144/0	Intestinal-type adenoma, low-grade	NULL
8144/0	Intestinal-type dysplasia, low-grade	NULL
8144/0	Intestinal-type gastric adenoma, low-grade	NULL
8144/0	Sporadic intestinal-type gastric adenoma, low grade	NULL
8144/0	Syndromic intestinal-type gastric adenoma	NULL
8144/2	Adenoma, ampullary-duodenal, high-grade	NULL
8144/2	Adenoma, intestinal-type, high-grade	NULL
8144/2	Adenoma, intestinal-type, sporadic, high-grade	NULL
8144/2	Adenoma, intestinal-type, syndromic, high-grade	NULL
8144/2	Intestinal-type adenoma, high grade	NULL
8144/2	Intestinal-type dysplasia, high-grade	NULL
8144/2	Intestinal-type gastric adenoma, high-grade	NULL
8144/2	Sporadic intestinal-type gastric adenoma, high grade	NULL
8144/2	Syndromic intestinal-type gastric adenoma, high grade	NULL
8144/3	Adenocarcinoma of intestinal type	NULL
8144/3	Adenocarcinoma, enteric	NULL
8144/3	Adenocarcinoma, enteric-type	NULL
8144/3	Adenocarcinoma, intestinal type	1
8144/3	Adenocarcinoma, intestinal-type	NULL
8144/3	Carcinoma, intestinal type	NULL
8144/3	Carcinoma, intestinal-type	NULL
8144/3	Endometrial gastric (gastrointestinal)-type carcinoma	NULL
8144/3	Endometrial gastric-type adenocarcinoma	NULL
8144/3	Enteric adenocarcinoma	NULL
8144/3	Enteric-type adenocarcinoma	NULL
8144/3	Intestinal type adenocarcinoma	NULL
8144/3	Intestinal-type adenocarcinoma	NULL
8144/3	Intestinal-type sinonasal adenocarcinoma	NULL
8144/3	Mucinous carcinoma, gastric (gastrointestinal)–type	NULL
8144/3	Mucinous carcinoma, intestinal type	NULL
8144/3	Mucinous carcinoma, intestinal-type	NULL
8144/3	Tubular adenocarcinoma, intestinal type	NULL
8145/3	Adenocarcinoma, diffuse type	NULL
8145/3	Carcinoma, diffuse type	1
8146/0	Monomorphic adenoma	1
8147/0	Basal cell adenoma	1
8147/0	Basal cell adenoma, membranous	NULL
8147/0	Membranous basal cell adenoma	NULL
8147/3	Adenoid basal cell carcinoma of prostate	NULL
8147/3	Adenoid cystic (basal cell) carcinoma	NULL
8147/3	Adenoid cystic (basal cell) carcinoma of prosate	NULL
8147/3	Adenoid cystic carcinoma of prostate	NULL
8147/3	Adenoid cystic carcinoma of prostate, solid pattern	NULL
8147/3	Basal cell adenocarcinoma	1
8147/3	Basal cell carcinoma of prostate	NULL
8148/0	Barrett dysplasia, low-grade	NULL
8148/0	Biliary intraepithelial neoplasia, low-grade	NULL
8148/0	Crypt dysplasia, low-grade	NULL
8148/0	Dysplasia associated with inflammatory bowel disease, low-grade	NULL
8148/0	esophageal glandular dysplasia (intraepithelial neoplasia), low-grade	NULL
8148/0	Foveolar-type (gastric-type) dysplasia, low-grade	NULL
8148/0	Gastric dysplasia, low-grade	NULL
8148/0	Gastric pit dysplasia, low-grade	NULL
8148/0	Gastric pit/crypt dysplasia, low-grade	NULL
8148/0	Glandular intraepithelial neoplasia, grade 1	NULL
8148/0	Glandular intraepithelial neoplasia, grade 2	NULL
8148/0	Glandular intraepithelial neoplasia, low-grade	NULL
8148/0	Low-grade Barrett dysplasia	NULL
8148/0	Pancreatic intraepithelial neoplasia, low-grade	NULL
8148/0	PanIN, low-grade	NULL
8148/2	Barrett dysplasia, high-grade	NULL
8148/2	Biliary intraepithelial neoplasia, grade 3 (BilIN-3)	NULL
8148/2	Biliary intraepithelial neoplasia, high-grade	NULL
8148/2	Crypt dysplasia, high-grade	NULL
8148/2	Dysplasia associated with inflammatory bowel disease, high-grade	NULL
8148/2	esophageal glandular dysplasia (intraepithelial neoplasia), high-grade	NULL
8148/2	Flat intraepithelial neoplasia, high-grade	NULL
8148/2	Foveolar-type (gastric-type) dysplasia, high-grade	NULL
8148/2	Gastric dysplasia, high-grade	NULL
8148/2	Gastric pit dysplasia, high-grade	NULL
8148/2	Gastric pit/crypt dysplasia, high-grade	NULL
8148/2	Glandular intraepithelial neoplasia, grade III	NULL
8148/2	Glandular intraepithelial neoplasia, high-grade	NULL
8148/2	High-grade Barrett dysplasia	NULL
8148/2	Pancreatic intraepithelial neoplasia, high-grade	NULL
8148/2	PanIN, high-grade	NULL
8148/2	PIN 3	NULL
8148/2	PIN III	NULL
8148/2	Prostatic intraepithelial neoplasia, grade III	NULL
8148/2	Prostatic intraepithelial neoplasia, high-grade	NULL
8148/2	Prostatic intraepithelial neoplasia, NOS	NULL
8149/0	Canalicular adenoma	1
8150/0	Islet cell tumor, benign	NULL
8150/0	Pancreatic endocrine tumor, benign	NULL
8150/0	Pancreatic microadenoma	NULL
8150/0	Pancreatic neuroendocrine microadenoma	1
8150/1	Pancreatic microadenoma	NULL
8150/1	Pancreatic neuroendocrine microadenoma	NULL
8150/1	Pancreatic neuroendocrine microtumor	NULL
8150/3	Clear cell neuroendocrine tumor, non-functioning pancreatic	NULL
8150/3	Clear cell non-functioning (non-syndromic) pancreatic neuroendocrine tumor	NULL
8150/3	Cystic neuroendocrine tumor, non-functioning pancreatic	NULL
8150/3	Cystic non-functioning (non-syndromic) pancreatic neuroendocrine tumor	NULL
8150/3	Islet cell adenocarcinoma	NULL
8150/3	Islet cell adenoma	NULL
8150/3	Islet cell adenomatosis	NULL
8150/3	Islet cell carcinoma	NULL
8150/3	Islet cell tumor, NOS	NULL
8150/3	Nesidioblastoma	NULL
8150/3	Neuroendocrine tumor, non-functioning, pancreatic	NULL
8150/3	Oncocytic neuroendocrine tumor, non-functioning pancreatic	NULL
8150/3	Oncocytic non-functioning (non-syndromic) pancreatic neuroendocrine tumor	NULL
8150/3	Pancreatic endocrine tumor, nonfunctioning	NULL
8150/3	Pancreatic endocrine tumor, NOS	NULL
8150/3	Pancreatic neuroendocrine tumor, nonfunctioning	1
8150/3	Pleomorphic neuroendocrine tumor, non-functioning pancreatic	NULL
8150/3	Pleomorphic non-functioning (non-syndromic) pancreatic neuroendocrine tumor	NULL
8151/3	Beta cell adenoma	NULL
8151/3	Beta cell tumor	NULL
8151/3	Insulinoma, malignant	NULL
8151/3	Insulinoma, NOS	1
8151/3	Insulin-producing tumor	NULL
8151/3	Neuroendocrine tumor, insulin-producing	NULL
8151/3	Neuroendocrine tumor, insulin-producing (insulinoma)	NULL
8152/3	Alpha cell tumor	NULL
8152/3	Enteroglucagonoma	NULL
8152/3	Enteroglucagonoma, malignant	NULL
8152/3	Glucagon-like peptide-producing tumor	NULL
8152/3	Glucagonoma	1
8152/3	Glucagonoma, malignant	NULL
8152/3	L-cell neuroendocrine tumor	NULL
8152/3	L-cell tumor	NULL
8152/3	Neuroendocrine tumor, glucagon-producing	NULL
8152/3	Neuroendocrine tumor, glucagon-producing (glucagonoma)	NULL
8152/3	Pancreatic peptide and pancreatic peptide-like peptide within terminal tyrosine amide producing tumor	NULL
8152/3	PP/PYY producing tumor	NULL
8153/3	G cell tumor	NULL
8153/3	Gastrin cell tumor	NULL
8153/3	Gastrinoma	1
8153/3	Gastrinoma, malignant	NULL
8153/3	Gastrin-producing G-cell NET	NULL
8153/3	G-cell NET	NULL
8153/3	G-cell neuroendocrine tumor	NULL
8153/3	Neuroendocrine tumor, gastrin-producing	NULL
8153/3	Neuroendocrine tumor, gastrin-producing (gastrinoma)	NULL
8154/3	Carcinoma, mixed acinar-neuroendocrine-ductal	NULL
8154/3	Mixed acinar carcinoma-neuroendocrine carcinoma	NULL
8154/3	mixed acinar-ductal neuroendocrine carcinoma	NULL
8154/3	Mixed acinar-endocrine carcinoma	NULL
8154/3	Mixed acinar-endocrine-ductal carcinoma	NULL
8154/3	Mixed acinar-neuroendocrine carcinoma	NULL
8154/3	Mixed ductal adenocarcinoma–neuroendocrine carcinoma	NULL
8154/3	Mixed ductal-endocrine carcinoma	NULL
8154/3	Mixed ductal-neuroendocrine carcinoma	NULL
8154/3	Mixed endocrine and exocrine adenocarcinoma	NULL
8154/3	Mixed exocrine-endocrine carcinoma	NULL
8154/3	Mixed islet cell and exocrine adenocarcinoma	NULL
8154/3	Mixed neuroendocrine and non-neuroendocrine carcinoma	NULL
8154/3	Mixed neuroendocrine–non-neuroendocrine neoplasm	NULL
8154/3	Mixed neuroendocrine–non-neuroendocrine neoplasm (MiNEN)	1
8154/3	Mixed pancreatic endocrine and exocrine tumor, malignant	NULL
8155/3	Vipoma	1
8155/3	Vipoma, malignant	NULL
8156/3	D-cell NET	NULL
8156/3	D-cell neuroendocrine tumor	NULL
8156/3	Neuroendocrine tumor, somatostatin-producing	NULL
8156/3	Neuroendocrine tumor, somatostatin-producing (somatostatinoma)	NULL
8156/3	Somatostatin cell tumor	NULL
8156/3	Somatostatinoma	1
8156/3	Somatostatinoma, malignant	NULL
8156/3	Somatostatin-producing D-cell NET	NULL
8158/3	ACTH-producing tumor	1
8158/3	ACTH-producing tumor, ectopic	NULL
8158/3	Calcitonin-producing pancreatic neuroendocrine tumor	NULL
8158/3	Cholecystokinin-producing pancreatic neuroendocrine tumor	NULL
8158/3	CRH-producing pancreatic neuroendocrine tumor	NULL
8158/3	Endocrine tumor, functioning, NOS	NULL
8158/3	Erythropoietin-producing pancreatic neuroendocrine tumor	NULL
8158/3	Ghrelin-producing neuroendocrine tumor	NULL
8158/3	Ghrelin-producing pancreatic neuroendocrine tumor	NULL
8158/3	GHRH-producing pancreatic neuroendocrine tumor	NULL
8158/3	GHRH-producing tumor	NULL
8158/3	Neuroendocrine tumor, calcitonin-producing	NULL
8158/3	Neuroendocrine tumor, CCK-producing	NULL
8158/3	Neuroendocrine tumor, cholecystokinin-producing	NULL
8158/3	Neuroendocrine tumor, CRH-producing	NULL
8158/3	Neuroendocrine tumor, erythropoietin-producing	NULL
8158/3	Neuroendocrine tumor, GHRH-producing	NULL
8158/3	PTH/PTHrP-producing neuroendocrine tumor	NULL
8158/3	PTH/PTHrP-producing pancreatic neuroendocrine tumor	NULL
8158/3	Vasopressin-producing neuroendocrine tumor	NULL
8158/3	Vasopressin-producing pancreatic neuroendocrine tumor	NULL
8160/0	Bile duct adenoma	1
8160/0	Cholangioma	NULL
8160/0	Peribiliary gland hamartoma	NULL
8160/3	Bile duct adenocarcinoma	NULL
8160/3	Bile duct carcinoma	NULL
8160/3	Carcinoma of extrahepatic bile ducts	NULL
8160/3	Carcinoma of the extrahepatics bile ducts	NULL
8160/3	Cholangiocarcinoma	1
8160/3	Cholangiocarcinoma, large duct	NULL
8160/3	Cholangiocarcinoma, small duct	NULL
8160/3	Intrahepatic cholangiocarcinoma	NULL
8160/3	Large duct intrahepatic cholangiocarcinoma	NULL
8160/3	Small duct intrahepatic cholangiocarcinoma	NULL
8161/0	Bile duct cystadenoma	1
8161/3	Bile duct cystadenocarcinoma	1
8162/3	Klatskin tumor	1
8162/3	Perihilar cholangiocarcinoma	NULL
8163/0	Intra-ampullary papillary-tubular neoplasm with low-grade dysplasia	NULL
8163/0	Intra-ampullary papillary-tubular neoplasm, low-grade	NULL
8163/0	Non-invasive pancreatobiliary papillary neoplasm with low-grade dysplasia	NULL
8163/0	Non-invasive pancreatobiliary papillary neoplasm with low-grade intraepithelial neoplasia	NULL
8163/0	Non-invasive papillary neoplasm, pancreatobiliary type, low grade	NULL
8163/0	Pancreatobiliary neoplasm, non-invasive	NULL
8163/2	Intra-ampullary papillary-tubular neoplasm with high-grade dysplasia	NULL
8163/2	Intra-ampullary papillary-tubular neoplasm, high-grade	NULL
8163/2	Non-invasive pancreatobiliary papillary neoplasm with high grade dysplasia	NULL
8163/2	Non-invasive pancreatobiliary papillary neoplasm with high grade intraepithelial neoplasia	NULL
8163/2	Non-invasive papillary neoplasm, pancreatobiliary type, high-grade	NULL
8163/2	Papillary neoplasm, pancreatobiliary type, with high grade intraepithelial neoplasia	NULL
8163/3	Adenocarcinoma, pancreatobiliary type	NULL
8163/3	Pancreatobiliary type carcinoma	NULL
8163/3	Pancreatobiliary-type carcinoma	1
8163/3	Tubular adenocarcinoma, pancreatobiliary/gastric type	NULL
8170/0	Hepatocellular adenoma	NULL
8170/0	Hepatocellular adenoma, HNF1A-inactivated	NULL
8170/0	Hepatocellular adenoma, inflammatory	NULL
8170/0	Hepatocellular adenoma, β-catenin-activated inflammatory	NULL
8170/0	Hepatocellular adenoma, β-catenin-activated, NOS	NULL
8170/0	Hepatoma, benign	NULL
8170/0	HNF1A-inactivated hepatocellular adenoma	NULL
8170/0	Inflammatory hepatocellular adenoma	NULL
8170/0	Liver cell adenoma	1
8170/0	β-Catenin–activated hepatocellular adenoma	NULL
8170/0	β-Catenin–activated inflammatory hepatocellular adenoma	NULL
8170/3	Conventional hepatocellular carcinoma	NULL
8170/3	Hepatocarcinoma	NULL
8170/3	Hepatocellular carcinoma, chromophobe type	NULL
8170/3	Hepatocellular carcinoma, conventional	NULL
8170/3	Hepatocellular carcinoma, lymphocyte-rich	NULL
8170/3	Hepatocellular carcinoma, macrotrabecular massive	NULL
8170/3	Hepatocellular carcinoma, neutrophil-rich	NULL
8170/3	Hepatocellular carcinoma, NOS	1
8170/3	Hepatocellular carcinoma, steatohepatitic	NULL
8170/3	Hepatoma, malignant	NULL
8170/3	Hepatoma, NOS	NULL
8170/3	Liver cell carcinoma	NULL
8170/3	pediatric hepatocellular carcinoma	NULL
8171/3	Carcinoma, fibrolamellar	NULL
8171/3	Fibrolamellar variant of hepatocellular carcinoma	NULL
8171/3	Hepatocellular carcinoma, fibrolamellar	1
8172/3	Hepatocellular carcinoma, scirrhous	1
8172/3	Sclerosing hepatic carcinoma	NULL
8173/3	Hepatocellular carcinoma, sarcomatoid	NULL
8173/3	Hepatocellular carcinoma, spindle cell variant	1
8174/3	Clear cell hepatocellular carcinoma	NULL
8174/3	Hepatocellular carcinoma, chromophobe	NULL
8174/3	Hepatocellular carcinoma, clear cell type	1
8174/3	Hepatocellular carcinoma, clear cell-type	NULL
8174/3	Hepatocellular carcinoma, lymphocyte-rich	NULL
8174/3	Hepatocellular carcinoma, macrotrabecular massive	NULL
8174/3	Hepatocellular carcinoma, neutrophil-rich	NULL
8174/3	Hepatocellular carcinoma, steatohepatic	NULL
8175/3	Hepatocellular carcinoma, pleomorphic type	1
8180/3	Combined hepatocellular carcinoma and cholangiocarcinoma	1
8180/3	Combined hepatocellular-cholangiocarcinoma	NULL
8180/3	Hepatocholangiocarcinoma	NULL
8180/3	Mixed hepatobiliary carcinoma	NULL
8180/3	Mixed hepatocellular and bile duct carcinoma	NULL
8180/3	Mixed hepatocellular-cholangiocarcinoma	NULL
8190/0	Trabecular adenoma	1
8190/3	Trabecular adenocarcinoma	1
8190/3	Trabecular carcinoma	NULL
8191/0	Embryonal adenoma	1
8200/0	Cylindroma of skin	NULL
8200/0	Cylindroma, NOS	NULL
8200/0	Cylindrospiradenoma	NULL
8200/0	Cylindrospiradenoma/spiradenocylindroma	NULL
8200/0	Eccrine dermal cylindroma	1
8200/0	Spiradenocylindroma	NULL
8200/0	Turban tumor	NULL
8200/3	Adenocarcinoma, cylindroid	NULL
8200/3	Adenocystic carcinoma	NULL
8200/3	Adenoid cystic carcinoma	1
8200/3	Adenoid cystic carcinoma with high-grade transformation	NULL
8200/3	Bronchial adenoma, cylindroid	NULL
8200/3	Classic adenoid cystic carcinoma	NULL
8200/3	Cylindroma, NOS	NULL
8200/3	Solid-basaloid adenoid cystic carcinoma	NULL
8200/3	Thymic carcinoma with adenoid cystic carcinoma-like features	NULL
8201/1	Cribriform tumor	NULL
8201/1	Cribriform tumor (previously carcinoma)	NULL
8201/1	Primary cutaneous cribriform carcinoma	NULL
8201/2	Cribriform carcinoma in situ	1
8201/2	Ductal carcinoma in situ, cribriform type	NULL
8201/3	Adenocarcinoma, cribriform comedo type	NULL
8201/3	Cribriform carcinoma, NOS	1
8201/3	Cribriform comedo type carcinoma	NULL
8201/3	Cribriform morular thyroid carcinoma	NULL
8201/3	Ductal carcinoma, cribriform type	NULL
8202/0	Microcystic adenoma	1
8204/0	Lactating adenoma	1
8210/0	Adenomatous polyp, low-grade	NULL
8210/0	Adenomatous polyp, NOS	1
8210/0	Ampullary adenoma, low-grade	NULL
8210/0	Ampullary adenoma, NOS	NULL
8210/0	Conventional adenoma, low-grade	NULL
8210/0	Conventional adenoma, NOS	NULL
8210/0	Foveolar-type adenoma, low-grade	NULL
8210/0	Foveolar-type adenoma, NOS	NULL
8210/0	Non-ampullary adenoma, low-grade	NULL
8210/0	Non-ampullary adenoma, NOS	NULL
8210/0	Polypoid adenoma	NULL
8210/2	Adenocarcinoma in situ in adenomatous polyp	1
8210/2	Adenocarcinoma in situ in polyp, NOS	NULL
8210/2	Adenocarcinoma in situ in polypoid adenoma	NULL
8210/2	Adenocarcinoma in situ in tubular adenoma	NULL
8210/2	Adenomatous polyp, high grade dysplasia	NULL
8210/2	Adenomatous polyp, high-grade	NULL
8210/2	Advanced adenoma	NULL
8210/2	Ampullary adenoma, high-grade	NULL
8210/2	Carcinoma in situ in adenomatous polyp	NULL
8210/2	Carcinoma in situ in polyp, NOS	NULL
8210/2	Conventional adenoma, high-grade	NULL
8210/2	Foveolar-type adenoma, high-grade	NULL
8210/2	Non-ampullary adenoma, high-grade	NULL
8210/3	Adenocarcinoma in adenomatous polyp	1
8210/3	Adenocarcinoma in polyp, NOS	NULL
8210/3	Adenocarcinoma in polypoid adenoma	NULL
8210/3	Adenocarcinoma in tubular adenoma	NULL
8210/3	Carcinoma in adenomatous polyp	NULL
8210/3	Carcinoma in polyp, NOS	NULL
8211/0	Tubular adenoma, low-grade	NULL
8211/0	Tubular adenoma, NOS	1
8211/0	Tubular apocrine adenoma	NULL
8211/0	Tubular papillary adenoma	NULL
8211/2	Adenocarcinoma in situ in tubular adenoma	NULL
8211/2	Tubular adenoma, high grade	NULL
8211/3	Adenocarcinoma in tubular adenoma	NULL
8211/3	Tubular adenocarcinoma	1
8211/3	Tubular adenocarcinoma with hybrid features	NULL
8211/3	Tubular adenocarcinoma with mixed features	NULL
8211/3	Tubular carcinoma	NULL
8212/0	Flat adenoma	1
8213/0	Foveolar-type (gastric-type) dysplasia, low grade	NULL
8213/0	Gastric pit/crypt dysplasia, low grade	NULL
8213/0	Intestinal-type dysplasia, low grade	NULL
8213/0	Mixed adenomatous and hyperplastic polyp	NULL
8213/0	Serrated adenoma, low-grade	NULL
8213/0	Serrated adenoma, NOS	1
8213/0	Serrated adenoma, unclassified	NULL
8213/0	Serrated dysplasia, low-grade	NULL
8213/0	Serrated polyp, low-grade	NULL
8213/0	Serrated polyp, low-grade dysplasia	NULL
8213/0	Sessile serrated adenoma, NOS	NULL
8213/0	Sessile serrated lesion, NOS	NULL
8213/0	Sessile serrated polyp	NULL
8213/0	Traditional serrated adenoma	NULL
8213/0	Traditional serrated adenoma, low-grade dysplasia	NULL
8213/0	Traditional sessile serrated adenoma	NULL
8213/2	Foveolar-type (gastric-type) dysplasia, high grade	NULL
8213/2	Gastric pit/crypt dysplasia, high grade	NULL
8213/2	Intestinal-type dysplasia, high grade	NULL
8213/2	Serrated adenoma with dysplasia	NULL
8213/2	Serrated adenoma, high-grade	NULL
8213/2	Serrated dysplasia	NULL
8213/2	Serrated dysplasia, high grade	NULL
8213/2	Serrated polyp with dysplasia	NULL
8213/2	Serrated polyp, high-grade	NULL
8213/2	Serrated polyp, high-grade dysplasia	NULL
8213/2	Sessile serrated lesion with dysplasia	NULL
8213/2	Traditional serrated adenoma, high-grade dysplasia	NULL
8213/3	Serrated adenocarcinoma	1
8214/3	Parietal cell adenocarcinoma	NULL
8214/3	Parietal cell carcinoma	1
8215/3	Adenocarcinoma of anal ducts	NULL
8215/3	Adenocarcinoma of anal glands	1
8220/0	Adenomatosis, NOS	NULL
8220/0	Adenomatous polyposis coli	1
8220/0	Familial polyposis coli	NULL
8220/0	Serrated polyposis	NULL
8220/3	Adenocarcinoma in adenomatous polyposis coli	1
8221/0	Multiple adenomatous polyps	1
8221/3	Adenocarcinoma in multiple adenomatous polyps	1
8230/2	Ductal carcinoma in situ, solid type	1
8230/2	Intraductal carcinoma, solid type	NULL
8230/3	Solid adenocarcinoma with mucin formation	NULL
8230/3	Solid adenocarcinoma, NOS	NULL
8230/3	Solid carcinoma with mucin formation	NULL
8230/3	Solid carcinoma, NOS	1
8231/3	Carcinoma simplex	1
8240/3	Bronchial adenoma, carcinoid	NULL
8240/3	Carcinoid tumor, NOS	NULL
8240/3	Carcinoid tumor, NOS / neuroendocrine tumor, NOS	NULL
8240/3	Carcinoid, NOS	NULL
8240/3	Endocrine tumor, well-differentiated	NULL
8240/3	Middle ear neuroendocrine tumor	NULL
8240/3	Neuroendocrine carcinoma, low grade	NULL
8240/3	Neuroendocrine carcinoma, well differentiated	NULL
8240/3	Neuroendocrine tumor, grade 1	NULL
8240/3	Neuroendocrine tumor, NOS	1
8240/3	Neuroendocrine tumor, well differentiated [OF BREAST}	NULL
8240/3	Testicular neuroendocrine tumor, prepubertal-type	NULL
8240/3	Typical carcinoid	NULL
8240/3	Typical carcinoid / neuroendocrine tumor, grade 1	NULL
8240/3	Typical carcinoid tumor	NULL
8241/3	Argentaffinoma	NULL
8241/3	Carcinoid tumor, argentaffin	NULL
8241/3	EC cell carcinoid	NULL
8241/3	EC-cell neuroendocrine tumor	NULL
8241/3	Enterochromaffin cell carcinoid	1
8241/3	Enterochromaffin-cell neuroendocrine tumor	NULL
8241/3	Serotonin producing carcinoid	NULL
8241/3	Serotonin-producing enterochromaffin-cell (EC-cell) NET	NULL
8241/3	Serotonin-producing neuroendocrine tumor	NULL
8241/3	Serotonin-producing tumor	NULL
8242/3	ECL cell carcinoid	NULL
8242/3	ECL-cell carcinoid, malignant	NULL
8242/3	ECL-cell NET	NULL
8242/3	ECL-cell neuroendocrine tumor	NULL
8242/3	Enterochromaffin-like cell carcinoid, NOS	NULL
8242/3	Enterochromaffin-like cell tumor	NULL
8242/3	Histamine-producing enterochromaffin-like-cell NET	NULL
8243/3	Goblet cell adenocarcinoma	NULL
8243/3	Goblet cell carcinoid	1
8243/3	Goblet cell carcinoma	NULL
8243/3	Mucinous carcinoid	NULL
8243/3	Mucocarcinoid tumor	NULL
8244/3	Adenocarcinoma mixed with neuroendocrine carcinoma	NULL
8244/3	Combined carcinoid and adenocarcinoma	NULL
8244/3	Composite carcinoid	NULL
8244/3	Composite carcinoid-adenocarcinoma	NULL
8244/3	MANEC	NULL
8244/3	Mixed acinar carcinoma-neuroendocrine tumor	NULL
8244/3	Mixed adenoneuroendocrine carcinoma	1
8244/3	Mixed carcinoid and adenocarcinoma	NULL
8244/3	Mixed carcinoid-adenocarcinoma	NULL
8244/3	Mixed ductal adenocarcinoma–neuroendocrine tumor	NULL
8245/1	Tubular carcinoid	1
8245/3	Adenocarcinoid tumor	1
8246/3	Neuroendocrine carcinoma, high-grade	NULL
8246/3	Neuroendocrine carcinoma, NOS	1
8246/3	Poorly differentiated endocrine carcinoma	NULL
8246/3	Poorly differentiated neuroendocrine neoplasm	NULL
8247/3	Merkel cell carcinoma	1
8247/3	Merkel cell tumor	NULL
8247/3	Primary cutaneous neuroendocrine carcinoma	NULL
8248/3	Apudoma	NULL
8249/3	Atypical carcinoid	NULL
8249/3	Atypical carcinoid / neuroendocrine tumor, grade 2	NULL
8249/3	Atypical carcinoid tumor	NULL
8249/3	Neuroendocrine carcinoma, moderately differentiated	NULL
8249/3	Neuroendocrine tumor, grade 2	1
8249/3	Neuroendocrine tumor, grade 3	NULL
8250/0	Atypical adenomatous hyperplasia	1
8250/1	Pulmonary adenomatosis	1
8250/2	Adenocarcinoma in situ of lung, non-mucinous	1
8250/2	Adenocarcinoma in situ, non-mucinous	NULL
8250/3	Alveolar cell carcinoma	NULL
8250/3	Bronchiolar adenocarcinoma	NULL
8250/3	Bronchiolar carcinoma	NULL
8250/3	Bronchiolo-alveolar adenocarcinoma, NOS	NULL
8250/3	Bronchiolo-alveolar carcinoma, NOS	NULL
8250/3	Lepidic adenocarcinoma	1
8251/0	Alveolar adenoma	1
8251/3	Alveolar adenocarcinoma	1
8251/3	Alveolar carcinoma	NULL
8252/3	Adenocarcinoma, non-mucinous	NULL
8252/3	Bronchiolo-alveolar carcinoma, Clara cell	NULL
8252/3	Bronchiolo-alveolar carcinoma, non-mucinous	1
8252/3	Bronchiolo-alveolar carcinoma, type II pneumocyte	NULL
8253/2	Adenocarcinoma in situ of lung, mucinous	1
8253/2	Adenocarcinoma in situ, mucinous	NULL
8253/3	Adenocarcinoma of lung, mucinous	NULL
8253/3	Bronchiolo-alveolar carcinoma, goblet cell type	NULL
8253/3	Bronchiolo-alveolar carcinoma, mucinous	NULL
8253/3	Invasive mucinous adenocarcinoma	NULL
8253/3	Mucinous carcinoma of lung	NULL
8254/3	Adenocarcinoma of lung, mixed mucinous and non-mucinous	NULL
8254/3	Bronchiolo-alveolar carcinoma, Clara cell and goblet cell type	NULL
8254/3	Bronchiolo-alveolar carcinoma, indeterminate type	NULL
8254/3	Bronchiolo-alveolar carcinoma, mixed mucinous and non-mucinous	NULL
8254/3	Bronchiolo-alveolar carcinoma, type II pneumocyte and goblet cell type	NULL
8254/3	Mixed invasive mucinous and non-mucinous adenocarcinoma	NULL
8255/3	Adenocarcinoma combined with other types of carcinoma	NULL
8255/3	Adenocarcinoma with mixed subtypes	1
8255/3	Adenocarcinoma, mixed pattern	NULL
8255/3	Adenocarcinoma, mixed, NOS	NULL
8255/3	Mixed pattern adenocarcinoma	NULL
8256/3	Minimally invasive adenocarcinoma, non-mucinous	1
8257/3	Minimally invasive adenocarcinoma, mucinous	1
8260/0	Glandular papilloma	NULL
8260/0	Papillary adenoma, NOS	1
8260/0	Renal papillary adenoma	NULL
8260/0	Renal tubulopapillary adenoma	NULL
8260/0	Tubulopapillary adenoma	NULL
8260/3	Aggressive papillary tumor	NULL
8260/3	Classic papillary thyroid carcinoma	NULL
8260/3	Clear cell papillary thyroid carcinoma	NULL
8260/3	Hobnail papillary thyroid carcinoma	NULL
8260/3	Low-grade nasopharyngeal papillary adenocarcinoma	NULL
8260/3	Low-grade papillary adenocarcinoma	NULL
8260/3	Middle ear adenocarcinoma	NULL
8260/3	Papillary adenocarcinoma of middle ear	NULL
8260/3	Papillary adenocarcinoma, NOS	1
8260/3	Papillary carcinoma of thyroid	NULL
8260/3	Papillary renal cell carcinoma	NULL
8260/3	Papillary thyroid carcinoma	NULL
8260/3	Papillary thyroid carcinoma with fibromatosis/fasciitis-like/desmoid-type stroma	NULL
8260/3	Papillary thyroid carcinoma, classic, NOS	NULL
8260/3	Solid/trabecular papillary thyroid carcinoma	NULL
8260/3	Spindle cell papillary thyroid carcinoma	NULL
8260/3	Warthin-like papillary thyroid carcinoma	NULL
8261/0	Villous adenoma, low-grade	NULL
8261/0	Villous adenoma, NOS	1
8261/0	Villous papilloma	NULL
8261/2	Adenocarcinoma in situ in villous adenoma	1
8261/2	Villous adenoma, high grade	NULL
8261/3	Adenocarcinoma in villous adenoma	1
8262/3	Adenoma-like adenocarcinoma	NULL
8262/3	Villous adenocarcinoma	1
8263/0	Papillotubular adenoma	NULL
8263/0	Tubulo-papillary adenoma	NULL
8263/0	Tubulovillous adenoma, low-grade	NULL
8263/0	Tubulovillous adenoma, NOS	1
8263/0	Villoglandular adenoma	NULL
8263/2	Adenocarcinoma in situ in tubulovillous adenoma	1
8263/2	Tubulovillous adenoma, high grade	NULL
8263/3	Adenocarcinoma in tubulovillous adenoma	1
8263/3	Papillotubular adenocarcinoma	NULL
8263/3	Tubulopapillary adenocarcinoma	NULL
8263/3	Villoglandular carcinoma	NULL
8263/3	Villoglandular variant of endometrioid adenocarcinoma	NULL
8264/0	Biliary papillomatosis	NULL
8264/0	Papillomatosis, glandular	1
8265/3	Invasive micropapillary carcinoma	NULL
8265/3	Micropapillary adenocarcinoma	NULL
8265/3	Micropapillary carcinoma, NOS	1
8265/3	Micropapillary salivary duct carcinoma	NULL
8270/0	Chromophobe adenoma	1
8270/3	Chromophobe adenocarcinoma	NULL
8270/3	Chromophobe adenoma of pituitary	NULL
8270/3	Chromophobe carcinoma	1
8271/0	Prolactinoma	NULL
8271/3	Densely granulated lactotroph tumor	NULL
8271/3	Lactotroph adenoma	NULL
8271/3	Lactotroph PitNET	NULL
8271/3	Lactotroph PitNET/adenoma	NULL
8271/3	Lactotroph PitNET/adenoma5	NULL
8271/3	Lactotroph tumor	NULL
8271/3	Prolactinoma	NULL
8271/3	Sparsely granulated lactotroph tumor	NULL
8272/0	Pituitary adenoma, NOS	1
8272/3	Corticotroph adenoma, NOS	NULL
8272/3	Corticotroph PitNET	NULL
8272/3	Corticotroph PitNET/adenoma	NULL
8272/3	Corticotroph tumor	NULL
8272/3	Crooke cell tumor	NULL
8272/3	Densely granulated corticotroph tumor	NULL
8272/3	Densely granulated somatotroph tumor	NULL
8272/3	Ectopic or invasive pituitary neuroendocrine tumor (PitNET) / pituitary adenoma	NULL
8272/3	GH-producing tumor	NULL
8272/3	Gonadotroph adenoma	NULL
8272/3	Gonadotroph PitNET	NULL
8272/3	Gonadotroph PitNET/adenoma	NULL
8272/3	Gonadotroph tumor	NULL
8272/3	Gonadotropin-producing tumor	NULL
8272/3	Growth hormone-producing tumor	NULL
8272/3	Immature PIT1-lineage PitNET	NULL
8272/3	Immature PIT1-lineage PitNET/adenoma	NULL
8272/3	Immature PIT1-lineage tumor	NULL
8272/3	Immature PIT1-positive tumor	NULL
8272/3	Mature PIT1-lineage tumor	NULL
8272/3	Mature plurihormonal PIT1-lineage adenoma	NULL
8272/3	Mature plurihormonal PIT1-lineage neuroendocrine tumor	NULL
8272/3	Mature plurihormonal PIT1-lineage PitNET	NULL
8272/3	Mature plurihormonal PIT1-lineage PitNET/adenoma	NULL
8272/3	Mature plurihormonal PIT1-lineage tumor	NULL
8272/3	Mature plurihormonal PIT1-positive tumor	NULL
8272/3	Metastatic PitNET	NULL
8272/3	Null cell adenoma	NULL
8272/3	Null cell PitNET	NULL
8272/3	Null cell PitNET/adenoma	NULL
8272/3	Null cell tumor	NULL
8272/3	PitNET with metastasis (formerly pituitary carcinoma)	NULL
8272/3	PitNET, malignant / pituitary carcinoma, NOS	NULL
8272/3	PitNET, NOS	NULL
8272/3	Pituitary adenoma / pituitary neuroendocrine tumour (PitNET)	NULL
8272/3	Pituitary adenoma, ectopic	NULL
8272/3	Pituitary adenoma, NOS	NULL
8272/3	Pituitary carcinoma, NOS	1
8272/3	Pituitary transcription factor and hormone-immunonegative PitNET/adenoma	NULL
8272/3	Plurihormal PitNET/adenoma, NOS	NULL
8272/3	Plurihormonal adenoma	NULL
8272/3	Plurihormonal PitNET	NULL
8272/3	Plurihormonal PitNET/adenoma	NULL
8272/3	Plurihormonal PitNETs/adenomas	NULL
8272/3	Somatotroph adenoma	NULL
8272/3	Somatotroph PitNET	NULL
8272/3	Somatotroph PitNET/adenoma	NULL
8272/3	Somatotroph tumor	NULL
8272/3	Sparsely granulated corticotroph tumor	NULL
8272/3	Sparsely granulated somatotroph tumor	NULL
8272/3	Thyrotroph adenoma	NULL
8272/3	Thyrotroph PitNET	NULL
8272/3	Thyrotroph PitNET/adenoma	NULL
8272/3	Thyrotroph tumor	NULL
8272/3	Unclassified plurihormonal tumor	NULL
8272/3	Unclassified plurihormonal tumors	NULL
8272/3	Unusual plurihormonal tumor/adenoma	NULL
8273/3	Pituitary blastoma	1
8273/3	Pituitary embryoma	NULL
8280/0	Acidophil adenoma	1
8280/0	Eosinophil adenoma	NULL
8280/3	Acidophil adenocarcinoma	NULL
8280/3	Acidophil adenoma	NULL
8280/3	Acidophil carcinoma	1
8280/3	Acidophil stem cell PitNET	NULL
8280/3	Acidophil stem cell PitNET/adenoma	NULL
8280/3	Acidophil stem cell tumor	NULL
8280/3	Densely granulated somatotroph and sparsely granulated lactotroph PitNET/adenoma	NULL
8280/3	Densely granulated somatotroph and sparsely granulated lactotroph tumor	NULL
8280/3	Eosinophil adenocarcinoma	NULL
8280/3	Eosinophil adenoma	NULL
8280/3	Eosinophil carcinoma	NULL
8280/3	Mammosomatotroph PitNET	NULL
8280/3	Mammosomatotroph PitNET/adenoma	NULL
8280/3	Mammosomatotroph tumor	NULL
8280/3	Mixed somatotroph–lactotroph PitNET/adenoma	NULL
8280/3	Mixed somatotroph-lactotroph tumor	NULL
8280/3	Sparsely granulated somatotroph and sparsely granulated lactotroph PitNET/adenoma	NULL
8280/3	Sparsely granulated somatotroph and sparsely granulated lactotroph tumor	NULL
8281/0	Mixed acidophil-basophil adenoma	1
8281/3	Mixed acidophil-basophil adenoma	NULL
8281/3	Mixed acidophil-basophil carcinoma	1
8290/0	Clear cell oncocytoma	NULL
8290/0	Follicular adenoma, oxyphilic cell	NULL
8290/0	Hurthle cell adenoma	NULL
8290/0	Hürthle cell adenoma	NULL
8290/0	Hurthle cell tumor	NULL
8290/0	Hürthle cell tumor	NULL
8290/0	Oncocytic (oxyphil cell) parathyroid adenoma	NULL
8290/0	Oncocytic adenoma	NULL
8290/0	Oncocytic adenoma of the thyroid	NULL
8290/0	Oncocytic adenoma of the thyroid gland	NULL
8290/0	Oncocytic papillary cystadenoma	NULL
8290/0	Oncocytic pituicytoma	NULL
8290/0	Oncocytoma	NULL
8290/0	Oncocytoma, clear cell	NULL
8290/0	Oxyphilic adenoma	1
8290/0	Pituicytoma with oncocytic features	NULL
8290/0	Spindle cell oncocytoma	NULL
8290/0	Spindle cell oncocytoma / oncocytic pituicytoma	NULL
8290/0	Spindle cell oncocytoma of adenohypophysis	NULL
8290/1	Oncocytic tumor of uncertain malignant potential	NULL
8290/3	Encapsulated angioinvasive oncocytic carcinoma	NULL
8290/3	Encapsulated angioinvasive oncocytic carcinoma of the thyroid gland	NULL
8290/3	Follicular carcinoma, Hürthle cell type	NULL
8290/3	Follicular carcinoma, oncocytic type	NULL
8290/3	Follicular carcinoma, oxyphilic cell	NULL
8290/3	Hurthle cell adenocarcinoma	NULL
8290/3	Hürthle cell adenocarcinoma	NULL
8290/3	Hurthle cell carcinoma	NULL
8290/3	Hürthle cell carcinoma	NULL
8290/3	Minimally invasive oncocytic carcinoma	NULL
8290/3	Minimally invasive oncocytic carcinoma of the thyroid gland (capsular invasion only)	NULL
8290/3	Oncocytic adenocarcinoma	NULL
8290/3	Oncocytic carcinoma	NULL
8290/3	Oncocytic carcinoma of the thyroid gland	NULL
8290/3	Oncocytic salivary duct carcinoma	NULL
8290/3	Oxyphilic adenocarcinoma	1
8290/3	Widely invasive oncocytic carcinoma	NULL
8290/3	Widely invasive oncocytic carcinoma of the thyroid gland	NULL
8300/0	Basophil adenoma	1
8300/0	Mucoid cell adenoma	NULL
8300/3	Basophil adenocarcinoma	NULL
8300/3	Basophil adenoma	NULL
8300/3	Basophil carcinoma	1
8300/3	Mucoid cell adenocarcinoma	NULL
8300/3	Mucoid cell adenoma	NULL
8310/0	Clear cell adenoma	1
8310/3	Adenocarcinoma, HPV-independent, clear cell type	NULL
8310/3	Clear cell adenocarcinoma, mesonephroid	NULL
8310/3	Clear cell adenocarcinoma, NOS	1
8310/3	Clear cell carcinoma, NOS	NULL
8310/3	Clear cell renal cell carcinoma	NULL
8310/3	Hyalinizing clear cell carcinoma	NULL
8310/3	Müllerian-type tumour, clear cell type	NULL
8310/3	Urothelial carcinoma with Müllerian differentiation (clear cell adenocarcinoma)	NULL
8311/1	Hypernephroid tumor	1
8311/3	ALK-rearranged renal cell carcinoma	NULL
8311/3	ALK-rearranged renal cell carcinomas	NULL
8311/3	ELOC (formerly TCEB1)-mutated renal cell carcinoma	NULL
8311/3	Eosinophilic solid and cystic renal cell carcinoma	NULL
8311/3	Fumarate hydratase-deficient renal cell carcinoma	NULL
8311/3	Hereditary leiomyomatosis and renal cell carcinoma (HLRCC) syndrome-associated renal cell carcinoma	NULL
8311/3	MiT family translocation carcinoma	NULL
8311/3	MiT family translocation renal cell carcinoma	NULL
8311/3	Renal cell carcinoma with MiT translocations	NULL
8311/3	Succinate dehydrogenase–deficient renal cell carcinoma	NULL
8311/3	t(6;11) renal cell carcinoma	NULL
8311/3	TFE3-rearranged renal cell carcinoma	NULL
8311/3	TFE3-rearranged renal cell carcinoma (Xp11 translocation renal cell carcinoma)	NULL
8311/3	TFE3-rearranged renal cell carcinomas	NULL
8311/3	TFEB-altered renal cell carcinoma	NULL
8311/3	TFEB-rearranged renal cell carcinoma	NULL
8311/3	TFEB-rearranged renal cell carcinoma (t(6;11) renal cell carcinoma)	NULL
8311/3	TFEB-rearranged renal cell carcinomas	NULL
8311/3	Xp11 translocation renal cell carcinoma	NULL
8312/3	Grawitz tumor	NULL
8312/3	Hypernephroma	NULL
8312/3	Renal cell adenocarcinoma	NULL
8312/3	Renal cell carcinoma, NOS	1
8312/3	Renal cell carcinoma, not elsewhere classified	NULL
8312/3	Renal cell carcinoma, unclassified	NULL
8313/0	Clear cell adenofibroma	1
8313/0	Clear cell cystadenofibroma	NULL
8313/1	Clear cell adenofibroma of borderline malignancy	NULL
8313/1	Clear cell borderline tumor	1
8313/1	Clear cell cystadenofibroma of borderline malignancy	NULL
8313/1	Clear cell cystic tumor of borderline malignancy	NULL
8313/1	Clear cell tumor, atypical proliferative	NULL
8313/3	Clear cell adenocarcinofibroma	1
8313/3	Clear cell cystadenocarcinofibroma	NULL
8314/3	Lipid-rich carcinoma	1
8315/3	Glycogen-rich carcinoma	1
8315/3	Glycogen-rich clear cell carcinoma	NULL
8316/1	Multilocular cystic renal neoplasm of low malignant potential	1
8316/3	Acquired cystic disease-associated renal cell carcinoma	NULL
8316/3	Cyst-associated renal cell carcinoma	1
8316/3	Tubulocystic renal cell carcinoma	NULL
8317/1	Eosinophilic vacuolated tumor	NULL
8317/1	Hybrid oncocytic chromophobe tumor	NULL
8317/1	Low-grade oncocytic tumor (LOT)	NULL
8317/3	Chromophobe carcinoma of kidney	NULL
8317/3	Chromophobe cell renal carcinoma	NULL
8317/3	Chromophobe renal cell carcinoma	NULL
8317/3	Renal cell carcinoma, chromophobe type	1
8318/3	Renal cell carcinoma, sarcomatoid	1
8318/3	Renal cell carcinoma, spindle cell	NULL
8319/3	Bellini duct carcinoma	NULL
8319/3	Collecting duct carcinoma	1
8319/3	Renal carcinoma, collecting duct type	NULL
8320/3	Granular cell adenocarcinoma	NULL
8320/3	Granular cell carcinoma	1
8321/0	Chief cell adenoma	1
8322/0	Water-clear cell adenoma	1
8322/0	Water-clear cell parathyroid adenoma	NULL
8322/3	Water-clear cell adenocarcinoma	1
8322/3	Water-clear cell carcinoma	NULL
8323/0	Mixed cell adenoma	1
8323/1	Clear cell papillary renal cell carcinoma	NULL
8323/1	Clear cell papillary renal cell tumor	NULL
8323/3	Mixed adenocarcinoma	NULL
8323/3	Mixed carcinoma	NULL
8323/3	Mixed cell adenocarcinoma	1
8324/0	Adenolipoma	NULL
8324/0	Lipoadenoma	1
8324/0	Parathyroid lipoadenoma	NULL
8325/0	Metanephric adenoma	1
8330/0	Follicular adenoma of the thyroid	NULL
8330/0	Follicular adenoma with papillary architecture	NULL
8330/0	Follicular adenoma, NOS	1
8330/0	Follicular thyroid adenoma	NULL
8330/0	Follicular thyroid adenoma with papillary architecture	NULL
8330/0	Hyperfunctioning (toxic) follicular adenoma	NULL
8330/0	Hyperfunctioning follicular adenoma	NULL
8330/0	Hyperfunctioning thyroid adenoma	NULL
8330/0	Toxic thyroid adenoma	NULL
8330/1	Atypical follicular adenoma	1
8330/3	Follicular adenocarcinoma, NOS	NULL
8330/3	Follicular carcinoma, NOS	1
8330/3	Follicular carcinoma, widely invasive	NULL
8330/3	Follicular thyroid carcinoma	NULL
8330/3	Widely invasive follicular thyroid carcinoma	NULL
8331/3	Follicular adenocarcinoma, well differentiated	1
8331/3	Follicular carcinoma, well differentiated	NULL
8332/3	Follicular adenocarcinoma, moderately differentiated	NULL
8332/3	Follicular adenocarcinoma, trabecular	1
8332/3	Follicular carcinoma, moderately differentiated	NULL
8332/3	Follicular carcinoma, trabecular	NULL
8333/0	Fetal adenoma	NULL
8333/0	Microfollicular adenoma, NOS	1
8333/3	Fetal adenocarcinoma	1
8334/0	Colloid adenoma	NULL
8334/0	Macrofollicular adenoma	1
8335/1	Follicular carcinoma, encapsulated, NOS	NULL
8335/1	Follicular tumor of uncertain malignant potential	1
8335/3	Follicular carcinoma, minimally invasive	1
8335/3	Minimally invasive follicular thyroid carcinoma (capsular invasion only)	NULL
8336/1	Hyalinizing trabecular adenoma	NULL
8336/1	Hyalinizing trabecular neoplasm	NULL
8336/1	Hyalinizing trabecular tumor	1
8336/3	Hyalinizing trabecular tumor, malignant	NULL
8337/3	Differentiated high-grade thyroid carcinoma	NULL
8337/3	Follicular thyroid carcinoma, high-grade	NULL
8337/3	Follicular-derived carcinoma, non-anaplastic high-grade	NULL
8337/3	High-grade differentiated thyroid carcinoma	NULL
8337/3	High-grade follicular cell-derived non-anaplastic carcinoma	NULL
8337/3	High-grade follicular cell–derived non-anaplastic thyroid carcinoma	NULL
8337/3	Insular carcinoma	NULL
8337/3	Oncocytic follicular thyroid carcinoma, high-grade	NULL
8337/3	Papillary thyroid carcinoma, high-grade	NULL
8337/3	Poorly differentiated thyroid carcinoma	1
8339/3	Encapsulated angioinvasive follicular thyroid carcinoma	NULL
8339/3	Follicular carcinoma, encapsulated, angioinvasive	NULL
8339/3	Follicular thyroid carcinoma, encapsulated, angioinvasive	NULL
8340/3	Encapsulated angioinvasive follicular variant of papillary carcinoma	NULL
8340/3	Follicular variant of papillary thyroid carcinoma	NULL
8340/3	Infiltrative follicular subtype of papillary thyroid carcinoma	NULL
8340/3	Infiltrative follicular variant of papillary thyroid carcinoma	NULL
8340/3	Invasive encapsulated follicular subtype of papillary thyroid carcinoma	NULL
8340/3	Invasive encapsulated follicular variant of papillary carcinoma, NOS	NULL
8340/3	Invasive encapsulated follicular variant of papillary thyroid carcinoma	NULL
8340/3	Minimally invasive encapsulated follicular variant of papillary carcinoma	NULL
8340/3	Minimally invasive encapsulated follicular variant of papillary carcinoma (capsular invasion only)	NULL
8340/3	Papillary adenocarcinoma, follicular variant	NULL
8340/3	Papillary and follicular adenocarcinoma	NULL
8340/3	Papillary and follicular carcinoma	NULL
8340/3	Papillary carcinoma, follicular variant	1
8340/3	Widely invasive follicular variant of papillary carcinoma	NULL
8341/3	Micropapillary carcinoma of thyroid	NULL
8341/3	Papillary microcarcinoma	1
8341/3	Papillary thyroid microcarcinoma	NULL
8342/3	Oncocytic papillary thyroid carcinoma	NULL
8342/3	Papillary carcinoma, oncocytic	NULL
8342/3	Papillary carcinoma, oncocytic variant	1
8342/3	Papillary carcinoma, oxyphilic cell	NULL
8343/3	Encapsulated classic papillary thyroid carcinoma	NULL
8343/3	Papillary carcinoma, encapsulated, of thyroid	1
8344/3	Columnar cell papillary thyroid carcinoma	NULL
8344/3	Papillary carcinoma, columnar cell	1
8344/3	Papillary carcinoma, tall cell	NULL
8344/3	Tall cell papillary thyroid carcinoma	NULL
8345/3	C cell carcinoma	NULL
8345/3	Medullary carcinoma with amyloid stroma	NULL
8345/3	Medullary microcarcinoma	NULL
8345/3	Medullary microcarcinoma of thyroid gland	NULL
8345/3	Medullary thyroid carcinoma, NOS	1
8345/3	Medullary thyroid microcarcinoma	NULL
8345/3	Parafollicular cell carcinoma	NULL
8346/3	Mixed medullary and anaplastic carcinoma	NULL
8346/3	Mixed medullary and high-grade differentiated carcinoma	NULL
8346/3	Mixed medullary and oncocytic carcinoma	NULL
8346/3	Mixed medullary and poorly differentiated carcinoma	NULL
8346/3	Mixed medullary-follicular carcinoma	1
8347/3	Mixed medullary-papillary carcinoma	1
8348/1	Well differentiated tumor of uncertain malignant potential	1
8349/1	Non-invasive follicular thyroid neoplasm with papillary-like nuclear features	NULL
8349/1	Non-invasive follicular thyroid neoplasm with papillary-like nuclear features (NIFTP)	1
8349/1	Oncocytic non-invasive follicular thyroid neoplasm with papillary-like nuclear features	NULL
8349/1	Subcentimetre non-invasive follicular thyroid neoplasm with papillary-like nuclear features	NULL
8350/3	Diffuse sclerosing papillary thyroid carcinoma	NULL
8350/3	Nonencapsulated sclerosing adenocarcinoma	NULL
8350/3	Nonencapsulated sclerosing carcinoma	1
8350/3	Nonencapsulated sclerosing tumor	NULL
8350/3	Papillary carcinoma, diffuse sclerosing	NULL
8360/1	Endocrine adenomatosis	NULL
8360/1	Multiple endocrine adenomas	1
8361/0	Functioning juxtaglomerular cell tumor	NULL
8361/0	Juxtaglomerular cell tumor, functioning	NULL
8361/0	Juxtaglomerular cell tumor, non-functioning	NULL
8361/0	Juxtaglomerular cell tumor, NOS	NULL
8361/0	Juxtaglomerular tumor	1
8361/0	Reninoma	NULL
8361/1	Non-functioning juxtaglomerular cell tumor	NULL
8370/0	Adrenal cortical adenoma, NOS	1
8370/0	Adrenal cortical tumor, benign	NULL
8370/0	Adrenal cortical tumor, NOS	NULL
8370/3	Adrenal cortical adenocarcinoma	NULL
8370/3	Adrenal cortical carcinoma	1
8370/3	Adrenal cortical carcinoma, conventional	NULL
8370/3	Adrenal cortical carcinoma, oncocytic	NULL
8370/3	Adrenal cortical tumor, malignant	NULL
8370/3	Adrenocortical carcinoma, NOS	NULL
8370/3	Conventional adrenal cortical carcinoma	NULL
8370/3	Myxoid adrenal cortical carcinoma	NULL
8370/3	Oncocytic adrenal cortical carcinoma	NULL
8370/3	Sarcomatoid adrenal cortical carcinoma	NULL
8371/0	Adrenal cortical adenoma, compact cell	1
8372/0	Adrenal cortical adenoma, pigmented	1
8372/0	Black adenoma	NULL
8372/0	Pigmented adenoma	NULL
8373/0	Adrenal cortical adenoma, clear cell	1
8374/0	Adrenal cortical adenoma, glomerulosa cell	1
8375/0	Adrenal cortical adenoma, mixed cell	1
8380/0	Endometrioid adenoma, NOS	1
8380/0	Endometrioid cystadenoma, NOS	NULL
8380/1	Atypical proliferative endometrioid tumor	NULL
8380/1	Endometrioid adenoma, borderline malignancy	1
8380/1	Endometrioid borderline tumor	NULL
8380/1	Endometrioid cystadenoma, borderline malignancy	NULL
8380/1	Endometrioid tumor of low malignant potential	NULL
8380/1	Endometrioid tumor, borderline	NULL
8380/2	Atypical hyperplasia of endometrium	NULL
8380/2	Endometrial atypical hyperplasia / endometrioid intraepithelial neoplasia	NULL
8380/2	Endometrioid intraepithelial neoplasia	1
8380/3	Endometrioid adenocarcinoma, NOS	1
8380/3	Endometrioid carcinoma, NOS	NULL
8380/3	Endometrioid cystadenocarcinoma	NULL
8380/3	Mismatch repair-deficient (MMRd) endometrioid carcinoma	NULL
8380/3	Mismatch repair–deficient endometrioid carcinoma	NULL
8380/3	No specific molecular profile (NSMP) endometrioid carcinoma	NULL
8380/3	p53-mutant endometrioid carcinoma	NULL
8380/3	p53-mutant endometrioid carcinoma (p53abn)	NULL
8380/3	POLE-ultramutated endometrioid carcinoma	NULL
8380/3	POLE-ultramutated endometrioid carcinoma (POLEmut)	NULL
8380/3	TP53-mutant endometrioid carcinoma	NULL
8381/0	Endometrioid adenofibroma, NOS	1
8381/0	Endometrioid cystadenofibroma, NOS	NULL
8381/1	Endometrioid adenofibroma, borderline malignancy	1
8381/1	Endometrioid cystadenofibroma, borderline malignancy	NULL
8381/3	Endometrioid adenofibroma, malignant	1
8381/3	Endometrioid cystadenofibroma, malignant	NULL
8382/3	Endometrioid adenocarcinoma, secretory variant	1
8383/3	Endometrioid adenocarcinoma, ciliated cell variant	1
8384/3	Adenocarcinoma, endocervical type, NOS	1
8390/0	Adnexal tumor, benign	NULL
8390/0	Skin appendage adenoma	1
8390/0	Skin appendage tumor, benign	NULL
8390/3	Adnexal adenocarcinoma, NOS	1
8390/3	Adnexal carcinoma	NULL
8390/3	Eccrine carcinoma, NOS	NULL
8390/3	High-grade eccrine syringomatous carcinoma	NULL
8390/3	Skin appendage carcinoma	NULL
8390/3	Sweat duct carcinoma	NULL
8391/0	Fibrofolliculoma	NULL
8391/0	Follicular fibroma	1
8391/0	Perifollicular fibroma	NULL
8391/0	Spindle cell predominant trichodiscoma	NULL
8391/0	Trichoadenoma	NULL
8391/0	Trichodiscoma	NULL
8392/0	Eccrine syringofibroadenomatous hyperplasia	NULL
8392/0	Syringofibroadenoma	1
8400/0	Sweat gland adenoma	1
8400/0	Sweat gland tumor, benign	NULL
8400/0	Syringadenoma, NOS	NULL
8400/1	Sweat gland tumor, NOS	1
8400/3	Carcinoma of sweat gland origin	NULL
8400/3	Sweat gland adenocarcinoma	1
8400/3	Sweat gland carcinoma	NULL
8400/3	Sweat gland tumor, malignant	NULL
8401/0	Apocrine adenoma	1
8401/0	Apocrine cystadenoma	NULL
8401/3	Apocrine adenocarcinoma	1
8401/3	Apocrine carcinoma	NULL
8401/3	Apocrine gland carcinoma	NULL
8401/3	Carcinoma with apocrine differentiation	NULL
8402/0	Clear cell hidradenoma	NULL
8402/0	Eccrine acrospiroma	NULL
8402/0	Hidradenoma, NOS	1
8402/0	Nodular hidradenoma	NULL
8402/0	Solid cystic hidradenoma	NULL
8402/3	Hidradenocarcinoma	1
8402/3	Nodular hidradenoma, malignant	NULL
8403/0	Eccrine spiradenoma	NULL
8403/0	Spiradenoma, NOS	1
8403/3	Carcinoma ex cylindroma	NULL
8403/3	Carcinoma ex spiradenocylindroma	NULL
8403/3	Carcinoma ex spiradenoma	NULL
8403/3	Cylindrocarcinoma	NULL
8403/3	Malignant eccrine spiradenoma	1
8403/3	Malignant neoplasm arising from cylindroma	NULL
8403/3	Malignant neoplasm arising from pre-existing cylindroma	NULL
8403/3	Malignant neoplasm arising from pre-existing spiradenocylindroma	NULL
8403/3	Malignant neoplasm arising from pre-existing spiradenoma	NULL
8403/3	Malignant neoplasm arising from spiradenocylindroma	NULL
8403/3	Malignant neoplasm arising from spiradenoma	NULL
8403/3	Spiradenocarcinoma	NULL
8403/3	Spiradenocylindrocarcinoma	NULL
8404/0	Apocrine hidrocystoma	NULL
8404/0	Eccrine cystadenoma	NULL
8404/0	Eccrine hidrocystoma	NULL
8404/0	Hidrocystadenoma	NULL
8404/0	Hidrocystoma	1
8404/0	Hidrocystoma, ductal	NULL
8404/0	Hidrocystoma/cystadenoma	NULL
8405/0	Hidradenoma papilliferum	NULL
8405/0	Papillary hidradenoma	1
8406/0	Papillary syringadenoma	NULL
8406/0	Papillary syringocystadenoma	NULL
8406/0	Sialadenoma papilliferum	NULL
8406/0	Syringocystadenoma papilliferum	1
8406/3	Syringocystadenocarcinoma papilliferum	1
8407/0	Infiltrating syringomatous adenoma of nipple	NULL
8407/0	Syringoma, NOS	1
8407/0	Syringomatous adenoma of nipple	NULL
8407/0	Syringomatous tumor	NULL
8407/0	Syringomatous tumor of nipple	NULL
8407/3	Microcystic adnexal carcinoma	1
8407/3	Sclerosing microcystic adenocarcinoma	NULL
8407/3	Sclerosing sweat duct carcinoma	NULL
8407/3	Sclerosing sweat duct-like carcinoma	NULL
8407/3	Syringomatous adenocarcinoma	NULL
8407/3	Syringomatous carcinoma	NULL
8408/0	Eccrine papillary adenoma	1
8408/3	Aggressive digital papillary adenoma	NULL
8408/3	Digital papillary adenocarcinoma	1
8408/3	Digital papillary carcinoma	NULL
8408/3	Eccrine papillary adenocarcinoma	NULL
8409/0	Apocrine poroma	NULL
8409/0	Eccrine poroma, NOS	NULL
8409/0	Poroma	1
8409/2	Porocarcinoma in situ	1
8409/3	Eccrine poroma, malignant	NULL
8409/3	Porocarcinoma, NOS	1
8410/0	Sebaceoma	1
8410/0	Sebaceous adenoma	NULL
8410/0	Sebaceous epithelioma	NULL
8410/3	Meibomian gland carcinoma, periocular	NULL
8410/3	Sebaceous adenocarcinoma	NULL
8410/3	Sebaceous carcinoma	1
8413/3	Eccrine adenocarcinoma	1
8420/0	Ceruminous adenoma	1
8420/0	Ceruminous pleomorphic adenoma	NULL
8420/0	Ceruminous syringocystadenoma papilliferum	NULL
8420/3	Ceruminous adenocarcinoma	1
8420/3	Ceruminous adenoid cystic carcinoma	NULL
8420/3	Ceruminous carcinoma	NULL
8420/3	Ceruminous mucoepidermoid carcinoma	NULL
8430/1	Mucoepidermoid tumor	1
8430/3	Mucoepidermoid carcinoma	1
8430/3	Mucoepidermoid carcinoma, oncocytic	NULL
8430/3	Mucoepidermoid carcinoma, Warthin-like	NULL
8430/3	Oncocytic mucoepidermoid carcinoma	NULL
8430/3	Sclerosing mucoepidermoid carcinoma with eosinophilia	NULL
8430/3	Warthin-like mucoepidermoid carcinoma	NULL
8440/0	Cystadenoma of the epididymis	NULL
8440/0	Cystadenoma, NOS	1
8440/0	Cystadenoma, oncocytic	NULL
8440/0	Cystoma, NOS	NULL
8440/0	Oncocytic cystadenoma	NULL
8440/3	Cystadenocarcinoma, NOS	1
8441/0	Macrocystic (oligocystic) serous cystadenoma	NULL
8441/0	Microcystic serous adenoma	NULL
8441/0	Mixed serous-neuroendocrine neoplasm	NULL
8441/0	Papillary serous cystadenoma, NOS	NULL
8441/0	Serous cystadenoma, NOS	1
8441/0	Serous cystoma	NULL
8441/0	Serous microcystic adenoma	NULL
8441/0	Solid serous adenoma	NULL
8441/0	Von Hippel–Lindau syndrome–associated serous cystic neoplasm	NULL
8441/2	Serous endometrial intraepithelial carcinoma	NULL
8441/2	Serous endometrial intraepithelial carcinoma (SEIC)	NULL
8441/2	Serous intraepithelial carcinoma	NULL
8441/2	Serous tubal intraepithelial carcinoma (STIC)	NULL
8441/3	Malignant serous adenofibroma	NULL
8441/3	Malignant serous cystadenofibroma	NULL
8441/3	Mixed serous-neuroendocrine neoplasm	NULL
8441/3	Papillary serous adenocarcinoma	NULL
8441/3	Papillary serous cystadenocarcinoma	NULL
8441/3	Serous adenocarcinofibroma	NULL
8441/3	Serous adenocarcinoma, NOS	NULL
8441/3	Serous carcinoma, NOS	1
8441/3	Serous cystadenocarcinofibroma	NULL
8441/3	Serous cystadenocarcinoma, NOS	NULL
8441/3	Serous papillary adenocarcinoma, NOS	NULL
8441/3	Serous surface papillary carcinoma	NULL
8442/1	Atypical proliferative papillary serous tumor	NULL
8442/1	Papillary serous cystadenoma, borderline malignancy	NULL
8442/1	Papillary serous tumor of low malignant potential	NULL
8442/1	Serous adenofibroma of borderline malignancy	NULL
8442/1	Serous borderline tumor, NOS	1
8442/1	Serous cystadenofibroma of borderline malignancy	NULL
8442/1	Serous cystadenoma, borderline malignancy	NULL
8442/1	Serous papillary cystic tumor of borderline malignancy	NULL
8442/1	Serous surface papillary tumor of borderline malignancy	NULL
8442/1	Serous tumor, atypical proliferative	NULL
8442/1	Serous tumor, NOS, of low malignant potential	NULL
8443/0	Clear cell cystadenoma	1
8450/0	Papillary cystadenofibroma	NULL
8450/0	Papillary cystadenoma, NOS	1
8450/3	Papillary cystadenocarcinoma, NOS	1
8450/3	Papillocystic adenocarcinoma	NULL
8451/1	Papillary cystadenoma, borderline malignancy	1
8452/1	Papillary cystic tumor	NULL
8452/1	Solid and cystic tumor	NULL
8452/1	Solid and papillary epithelial neoplasm	NULL
8452/1	Solid pseudopapillary tumor	NULL
8452/1	Solid pseudopapillary tumor of ovary	1
8452/3	Papillary-cystic tumor	NULL
8452/3	Solid and papillary epithelial neoplasm	NULL
8452/3	Solid pseudopapillary carcinoma	NULL
8452/3	Solid pseudopapillary neoplasm	NULL
8452/3	Solid pseudopapillary neoplasm of pancreas	1
8452/3	Solid pseudopapillary neoplasm with high-grade carcinoma	NULL
8452/3	Solid-cystic tumor	NULL
8453/0	Intraductal papillary mucinous adenoma	1
8453/0	Intraductal papillary mucinous neoplasm (IPMN) with moderate dysplasia	NULL
8453/0	Intraductal papillary mucinous neoplasm with low-grade dysplasia	NULL
8453/0	Intraductal papillary mucinous tumor with intermediate dysplasia	NULL
8453/0	Intraductal papillary mucinous tumor with low-grade dysplasia	NULL
8453/0	Intraductal papillary mucinous tumor with moderate dysplasia	NULL
8453/0	IPMN with low-grade dysplasia	NULL
8453/2	Intraductal papillary mucinous carcinoma, non-invasive	NULL
8453/2	Intraductal papillary mucinous neoplasm (IPMN) with high-grade dysplasia	NULL
8453/2	Intraductal papillary mucinous neoplasm with high grade dysplasia	1
8453/2	IPMN with high-grade dysplasia	NULL
8453/3	Intraductal papillary mucinous carcinoma, invasive	NULL
8453/3	Intraductal papillary mucinous neoplasm (IPMN) with an associated invasive carcinoma	NULL
8453/3	Intraductal papillary mucinous neoplasm with an associated invasive carcinoma	1
8453/3	Intraductal papillary mucinous neoplasm with associated invasive carcinoma	NULL
8454/0	Cystic tumor of atrio-ventricular node	1
8454/0	Cystic tumor of the atrioventricular node	NULL
8455/2	Intraductal oncocytic papillary neoplasm, NOS	NULL
8455/2	Intraductal papillary mucinous neoplasm, oncocytic subtype	NULL
8455/2	IOPN	NULL
8455/3	Intraductal oncocytic papillary neoplasm with associated invasive carcinoma	NULL
8460/2	Serous borderline tumor, cribriform	NULL
8460/2	Serous borderline tumor, micropapillary	NULL
8460/2	Serous borderline tumor, micropapillary variant	1
8460/2	Serous carcinoma, non-invasive, low grade	NULL
8460/3	Invasive implants	NULL
8460/3	Low grade serous carcinoma	1
8460/3	Micropapillary serous carcinoma	NULL
8461/0	Serous surface papilloma	1
8461/2	Serous tubal intraepithelial carcinoma	NULL
8461/3	High grade serous carcinoma	1
8461/3	Primary serous papillary carcinoma of peritoneum	NULL
8470/0	Mucinous cystadenoma, NOS	1
8470/0	Mucinous cystic neoplasm with intermediate grade dysplasia	NULL
8470/0	Mucinous cystic neoplasm with intermediate grade intraepithelial neoplasia	NULL
8470/0	Mucinous cystic neoplasm with low-grade dysplasia	NULL
8470/0	Mucinous cystic neoplasm with low-grade intraepithelial neoplasia	NULL
8470/0	Mucinous cystic tumor with intermediate dysplasia	NULL
8470/0	Mucinous cystic tumor with low-grade dysplasia	NULL
8470/0	Mucinous cystic tumor with moderate dysplasia	NULL
8470/0	Mucinous cystoma	NULL
8470/0	Papillary mucinous cystadenoma, NOS	NULL
8470/0	Papillary pseudomucinous cystadenoma, NOS	NULL
8470/0	Pseudomucinous cystadenoma, NOS	NULL
8470/2	Mucinous cystadenocarcinoma, non-invasive	NULL
8470/2	Mucinous cystic neoplasm with high grade dysplasia	1
8470/2	Mucinous cystic neoplasm with high-grade intraepithelial neoplasia	NULL
8470/2	Mucinous cystic tumor with high-grade dysplasia	NULL
8470/3	Mucinous cystadenocarcinoma, NOS	1
8470/3	Mucinous cystic neoplasm with associated invasive carcinoma	NULL
8470/3	Mucinous cystic tumor with associated invasive carcinoma	NULL
8470/3	Papillary mucinous cystadenocarcinoma	NULL
8470/3	Papillary pseudomucinous cystadenocarcinoma	NULL
8470/3	Pseudomucinous adenocarcinoma	NULL
8470/3	Pseudomucinous cystadenocarcinoma, NOS	NULL
8472/1	Atypical proliferative mucinous tumor	NULL
8472/1	Mucinous adenofibroma of borderline malignancy	NULL
8472/1	Mucinous borderline tumor	NULL
8472/1	Mucinous cystadenofibroma of borderline malignancy	NULL
8472/1	Mucinous cystadenoma, borderline malignancy	NULL
8472/1	Mucinous cystic tumor of borderline malignancy	1
8472/1	Mucinous cystic tumor of low malignant potential	NULL
8472/1	Mucinous tumor, NOS, of low malignant potential	NULL
8472/1	Papillary mucinous cystadenoma, borderline malignancy	NULL
8472/1	Papillary mucinous tumor of low malignant potential	NULL
8472/1	Papillary pseudomucinous cystadenoma, borderline malignancy	NULL
8472/1	Pseudomucinous cystadenoma, borderline malignancy	NULL
8474/0	Seromucinous cystadenoma	1
8474/1	Seromucinous borderline tumor	1
8474/1	Seromucinous tumor, atypical proliferative	NULL
8474/3	Seromucinous carcinoma	1
8480/0	Mucinous adenoma	1
8480/0	Mucous gland adenoma	NULL
8480/2	HAMN	NULL
8480/2	High-grade appendiceal mucinous neoplasm	NULL
8480/2	High-grade appendiceal mucinous neoplasm (HAMN)	NULL
8480/2	LAMN	NULL
8480/2	Low grade appendiceal mucinous neoplasm	NULL
8480/3	Acinar adenocarcinoma, mucinous variant	NULL
8480/3	Appendiceal mucinous neoplasm with extra-appendiceal spread	NULL
8480/3	Colloid adenocarcinoma	NULL
8480/3	Colloid carcinoma	NULL
8480/3	Colloid carcinoma of lung	NULL
8480/3	Gelatinous adenocarcinoma	NULL
8480/3	Gelatinous carcinoma	NULL
8480/3	Mucinoid carcinoma	NULL
8480/3	Mucinous (colloid) acinar adenocarcinoma	NULL
8480/3	Mucinous (colloid) adenocarcinoma	NULL
8480/3	Mucinous adenocarcinoma	1
8480/3	Mucinous carcinoma	NULL
8480/3	Mucinous non-cystic carcinoma	NULL
8480/3	Mucinous tubular and spindle cell carcinoma	NULL
8480/3	Mucoid adenocarcinoma	NULL
8480/3	Mucoid carcinoma	NULL
8480/3	Mucous adenocarcinoma	NULL
8480/3	Mucous carcinoma	NULL
8480/3	Pseudomyxoma peritonei with unknown primary site	NULL
8480/6	Mucinous adenocarcinoma, metastatic	NULL
8480/6	Mucinous carcinoma peritonei	NULL
8480/6	Pseudomyxoma peritonei	1
8481/3	Carcinoma with mucin production	NULL
8481/3	Mucin-producing adenocarcinoma	1
8481/3	Mucin-producing carcinoma	NULL
8481/3	Mucin-rich salivary duct carcinoma	NULL
8481/3	Mucin-secreting adenocarcinoma	NULL
8481/3	Mucin-secreting carcinoma	NULL
8482/3	Adenocarcinoma, HPV-independent, gastric type	NULL
8482/3	Mucinous adenocarcinoma, endocervical type	NULL
8482/3	Mucinous carcinoma, gastric type	1
8483/2	Adenocarcinoma in situ, HPV-associated	NULL
8483/2	High-grade cervical glandular intraepithelial neoplasia	NULL
8483/3	Adenocarcinoma, HPV-associated	NULL
8483/3	HPV-associated multiphenotypic sinonasal carcinoma	NULL
8483/3	HPV-related multiphenotypic sinonasal carcinoma	NULL
8484/2	Adenocarcinoma in situ, HPV-independent, NOS	NULL
8484/2	Atypical lobular endocervical glandular hyperplasia	NULL
8484/2	Gastric-type adenocarcinoma in situ of cervix	NULL
8484/3	Adenocarcinoma, HPV-independent, NOS	NULL
8490/3	Acinar adenocarcinoma, signet-ring-like	NULL
8490/3	Mucinous carcinoma, signet-ring cell type	NULL
8490/3	Poorly cohesive carcinoma	NULL
8490/3	Poorly cohesive carcinoma with signet-ring cells	NULL
8490/3	Poorly cohesive carcinoma/signet-ring carcinoma	NULL
8490/3	Poorly cohesive carcinoma/signet-ring cell carcinoma	NULL
8490/3	Poorly cohesive cell carcinoma	NULL
8490/3	Signet ring cell adenocarcinoma	NULL
8490/3	Signet ring cell carcinoma	1
8490/3	Signet-ring cell / histiocytoid carcinoma	NULL
8490/3	Signet-ring cell–like acinar adenocarcinoma	NULL
8490/6	Krukenberg tumor	NULL
8490/6	Metastatic signet ring cell carcinoma	1
8500/2	Apocrine intraductal carcinoma	NULL
8500/2	Carcinoma in situ of male breast	NULL
8500/2	Cystic hypersecretory carcinoma, intraductal	NULL
8500/2	DCIS of high nuclear grade	NULL
8500/2	DCIS of intermediate nuclear grade	NULL
8500/2	DCIS of low nuclear grade	NULL
8500/2	DCIS, NOS	NULL
8500/2	DIN 3	NULL
8500/2	Ductal carcinoma in situ, NOS	NULL
8500/2	Ductal intraepithelial neoplasia 3	NULL
8500/2	Intercalated duct carcinoma	NULL
8500/2	Intercalated duct intraductal carcinoma	NULL
8500/2	Intraductal adenocarcinoma, noninfiltrating, NOS	NULL
8500/2	Intraductal carcinoma, apocrine	NULL
8500/2	Intraductal carcinoma, intercalated duct	NULL
8500/2	Intraductal carcinoma, mixed	NULL
8500/2	Intraductal carcinoma, noninfiltrating, NOS	1
8500/2	Intraductal carcinoma, NOS	NULL
8500/2	Intraductal carcinoma, oncocytic	NULL
8500/2	Low grade cribriform cystadenocarcinoma (LGCCC) 	NULL
8500/2	Mammary carcinoma, in situ  	NULL
8500/2	Mixed intraductal carcinoma	NULL
8500/2	Non-invasive mammary carcinoma 	NULL
8500/2	Oncocytic intraductal carcinoma	NULL
8500/3	Adenocarcinoma of anogenital mammary-like glands	NULL
8500/3	Adenocarcinoma of mammary gland type	NULL
8500/3	Basal-like carcinoma, NOS	NULL
8500/3	Basal-like salivary duct carcinoma	NULL
8500/3	Duct adenocarcinoma, NOS	NULL
8500/3	Duct carcinoma, NOS	NULL
8500/3	Duct cell adenocarcinoma	NULL
8500/3	Duct cell carcinoma	NULL
8500/3	Ductal adenocarcinoma	NULL
8500/3	Ductal carcinoma, NOS	NULL
8500/3	Infiltrating duct adenocarcinoma	NULL
8500/3	Infiltrating duct carcinoma, NOS	1
8500/3	Infiltrating ductal carcinoma, NOS	NULL
8500/3	Invasive breast carcinoma of no special type	NULL
8500/3	Invasive breast carcinoma, NOS	NULL
8500/3	Invasive carcinoma	NULL
8500/3	Invasive carcinoma of male breast	NULL
8500/3	Invasive carcinoma of no special type	NULL
8500/3	Invasive ductal carcinoma	NULL
8500/3	Primary ductal adenocarcinoma of lacrimal gland	NULL
8500/3	Salivary duct carcinoma	NULL
8501/2	Comedocarcinoma, noninfiltrating	1
8501/2	DCIS, comedo type	NULL
8501/2	Ductal carcinoma in situ, comedo type	NULL
8501/3	Comedocarcinoma, NOS	1
8502/3	Juvenile carcinoma of breast	NULL
8502/3	Mammary analogue secretory carcinoma	NULL
8502/3	Microsecretory adenocarcinoma	NULL
8502/3	Secretory carcinoma	1
8502/3	Secretory carcinoma of breast	NULL
8503/0	Duct adenoma, NOS	NULL
8503/0	Ductal adenoma	NULL
8503/0	Ductal papilloma	NULL
8503/0	Ductal papilloma, inverted	NULL
8503/0	Intra-ampullary papillary-tubular neoplasm, low-grade	NULL
8503/0	Intracholecystic papillary neoplasm with intermediate-grade intraepithelial neoplasia	NULL
8503/0	Intracholecystic papillary neoplasm with low-grade intraepithelial neoplasia	NULL
8503/0	Intracholecystic papillary neoplasm, low-grade	NULL
8503/0	Intracystic papillary neoplasm with intermediate grade intraepithelial neoplasia	NULL
8503/0	Intracystic papillary neoplasm with low-grade intraepithelial neoplasia	NULL
8503/0	Intraductal papillary neoplasm with intermediate grade neoplasia	NULL
8503/0	Intraductal papillary neoplasm with low-grade dysplasia	NULL
8503/0	Intraductal papillary neoplasm with low-grade intraepithelial neoplasia	NULL
8503/0	Intraductal papillary neoplasm, NOS	NULL
8503/0	Intraductal papilloma	1
8503/0	Intraductal papilloma with atypical ductal hyperplasia	NULL
8503/0	Large duct papilloma	NULL
8503/0	Major duct papilloma	NULL
8503/0	Microscopic papilloma	NULL
8503/0	Striated duct adenoma	NULL
8503/2	DCIS, papillary	NULL
8503/2	Ductal carcinoma in situ, papillary	NULL
8503/2	Intra-ampullary papillary-tubular neoplasm, high-grade	NULL
8503/2	Intracholecystic papillary neoplasm with high-grade intraepithelial neoplasia	NULL
8503/2	Intracholecystic papillary neoplasm, high-grade	NULL
8503/2	Intracystic papillary neoplasm with high-grade intraepithelial neoplasia	NULL
8503/2	Intracystic papillary tumor with high-grade dysplasia	NULL
8503/2	Intracystic papillary tumor with high-grade intraepithelial neoplasia	NULL
8503/2	Intraductal papillary adenocarcinoma, NOS	NULL
8503/2	Intraductal papillary carcinoma, NOS	NULL
8503/2	Intraductal papillary ductal carcinoma in situ	NULL
8503/2	Intraductal papillary neoplasm with high-grade dysplasia	NULL
8503/2	Intraductal papillary neoplasm with high-grade intraepithelial neoplasia	NULL
8503/2	Intraductal papillary tumor with high-grade dysplasia	NULL
8503/2	Intraductal papillary tumor with high-grade intraepithelial neoplasia	NULL
8503/2	Intraductal papilloma with DCIS	NULL
8503/2	Intraductal tubular-papillary neoplasm, high-grade	NULL
8503/2	Intraductal tubulopapillary neoplasm	NULL
8503/2	ITPN	NULL
8503/2	Noninfiltrating intraductal papillary adenocarcinoma	1
8503/2	Noninfiltrating intraductal papillary carcinoma	NULL
8503/2	Papillary carcinoma in situ of breast	NULL
8503/2	Papillary ductal carcinoma in situ	NULL
8503/3	Infiltrating and papillary adenocarcinoma	NULL
8503/3	Infiltrating and papillary adenocarcinoma of breast	NULL
8503/3	Infiltrating papillary adenocarcinoma	NULL
8503/3	Infiltrating papillary adenocarcinoma of breast	NULL
8503/3	Intracholecystic papillary neoplasm with associated invasive carcinoma	NULL
8503/3	Intracholestatic papillary neoplasm with associated invasive carcinoma	NULL
8503/3	Intracystic papillary neoplasm with associated invasive carcinoma	NULL
8503/3	Intraductal papillary adenocarcinoma with invasion	1
8503/3	Intraductal papillary neoplasm with associated invasive carcinoma	NULL
8503/3	Intraductal tubulopapillary neoplasm with associated invasive carcinoma	NULL
8503/3	Invasive papillary carcinoma	NULL
8503/3	Invasive papillary carcinoma of breast	NULL
8503/3	Papillary carcinoma of breast	NULL
8504/0	Intracystic papillary adenoma	1
8504/0	Intracystic papilloma	NULL
8504/2	Encapsulated papillary carcinoma	1
8504/2	Encysted papillary carcinoma, NOS	NULL
8504/2	Intracystic carcinoma, NOS	NULL
8504/2	Intracystic papillary adenocarcinoma	NULL
8504/2	Intracystic papillary carcinoma	NULL
8504/2	Noninfiltrating intracystic carcinoma	NULL
8504/3	Encapsulated papillary carcinoma with invasion	1
8504/3	Encysted papillary carcinoma with invasion	NULL
8504/3	Intracystic papillary carcinoma with invasion	NULL
8505/0	Diffuse intraductal papillomatosis	NULL
8505/0	Intraductal papillomatosis, NOS	1
8506/0	Adenoma of nipple	1
8506/0	Nipple adenoma	NULL
8506/0	Nipple duct adenoma	NULL
8506/0	Subareolar duct papillomatosis	NULL
8507/2	Ductal carcinoma in situ, micropapillary	NULL
8507/2	Intraductal carcinoma, clinging, high-grade	NULL
8507/2	Intraductal micropapillary carcinoma	1
8507/3	Micropapillary carcinoma of breast	NULL
8509/2	Breast carcinoma in situ, neuroendocrine	NULL
8509/2	Ductal carcinoma in situ, endocrine	NULL
8509/2	Ductal carcinoma in situ, neuroendocrine	NULL
8509/2	Ductal carcinoma in situ, spindle cell	NULL
8509/2	Endocrine mucin-producing sweat gland carcinoma in situ	NULL
8509/2	Solid papillary carcinoma in situ	1
8509/3	Endocrine mucin-producing sweat gland carcinoma	NULL
8509/3	Solid papillary carcinoma with invasion	1
8509/3	Tall cell carcinoma with reversed polarity	NULL
8510/3	Medullary adenocarcinoma	NULL
8510/3	Medullary-like carcinoma	NULL
8510/3	Renal medullary carcinoma, NOS	NULL
8510/3	SMARCB1-deficent dedifferentiated renal cell carcinoma of other specific subtypes	NULL
8510/3	SMARCB1-deficient dedifferentiated renal cell carcinoma	NULL
8510/3	SMARCB1-deficient medullary-like renal cell carcinoma	NULL
8510/3	SMARCB1-deficient renal medullary carcinoma	NULL
8510/3	SMARCB1-deficient undifferentiated renal cell carcinoma, NOS	NULL
8512/3	Adenocarcinoma with lymphoid stroma	NULL
8512/3	Carcinoma with lymphoid stroma	NULL
8512/3	Medullary carcinoma with lymphoid stroma	1
8513/3	Atypical medullary carcinoma	1
8514/3	Duct carcinoma, desmoplastic type	1
8519/2	LCIS, pleomorphic	NULL
8519/2	Lobular carcinoma in situ, pleomorphic	1
8520/2	Classic lobular carcinoma in situ	NULL
8520/2	Florid lobular carcinoma in situ	NULL
8520/2	Intraductal papilloma with lobular carcinoma in situ	NULL
8520/2	LCIS, NOS	NULL
8520/2	Lobular carcinoma in situ, classic	NULL
8520/2	Lobular carcinoma in situ, florid	NULL
8520/2	Lobular carcinoma in situ, NOS	1
8520/2	Lobular carcinoma, noninfiltrating	NULL
8520/3	Infiltrating lobular carcinoma, NOS	NULL
8520/3	Invasive lobular carcinoma	NULL
8520/3	Invasive lobular carcinoma, alveolar type	NULL
8520/3	Invasive lobular carcinoma, solid type	NULL
8520/3	Lobular adenocarcinoma	NULL
8520/3	Lobular carcinoma, NOS	1
8520/3	Lobular carcinoma, pleomorphic	NULL
8520/3	Tubulolobular carcinoma	NULL
8520/3	Tubulo-lobular carcinoma	NULL
8521/3	Infiltrating ductular carcinoma	1
8522/2	Intraductal carcinoma and lobular carcinoma in situ	1
8522/3	Infiltrating duct and lobular carcinoma	1
8522/3	Infiltrating duct and lobular carcinoma in situ	NULL
8522/3	Infiltrating ductal carcinoma and lobular carcinoma in situ	NULL
8522/3	Infiltrating lobular carcinoma and ductal carcinoma in situ	NULL
8522/3	Intraductal and lobular carcinoma	NULL
8522/3	Lobular and ductal carcinoma	NULL
8523/3	Infiltrating duct and apocrine carcinoma	NULL
8523/3	Infiltrating duct and colloid carcinoma	NULL
8523/3	Infiltrating duct and cribriform carcinoma	NULL
8523/3	Infiltrating duct and micropapillary carcinoma	NULL
8523/3	Infiltrating duct and mucinous carcinoma	NULL
8523/3	Infiltrating duct and tubular carcinoma	NULL
8523/3	Infiltrating duct mixed with other types of carcinoma	NULL
8524/3	Infiltrating lobular and apocrine carcinoma	NULL
8524/3	Infiltrating lobular and cribriform carcinoma	NULL
8524/3	Infiltrating lobular and micropapillary carcinoma	NULL
8524/3	Infiltrating lobular and mucinous carcinoma	NULL
8524/3	Infiltrating lobular mixed with other types of carcinoma	NULL
8525/3	Cribriform adenocarcinoma of salivary gland	NULL
8525/3	Cribriform polymorphous adenocarcinoma (cribriform adenocarcinoma of the salivary glands)	NULL
8525/3	Polymorphous adenocarcinoma	1
8525/3	Polymorphous adenocarcinoma, conventional subtype	NULL
8525/3	Polymorphous adenocarcinoma, cribriform subtype	NULL
8525/3	Polymorphous adenocarcinoma, cribriform subtype/cribriform adenocarcinoma of salivary glands	NULL
8525/3	Polymorphous carcinoma	NULL
8525/3	Polymorphous low grade adenocarcinoma	NULL
8525/3	Terminal duct adenocarcinoma	NULL
8530/3	Inflammatory adenocarcinoma	NULL
8530/3	Inflammatory carcinoma	1
8540/3	Mammary Paget disease	NULL
8540/3	Paget disease of breast	NULL
8540/3	Paget disease of the nipple	NULL
8540/3	Paget disease, mammary	1
8541/3	Paget disease and infiltrating duct carcinoma of breast	1
8541/3	Paget disease and infiltrating lobular carcinoma of breast	NULL
8541/3	Paget disease with infiltrating duct carcinoma and lobular carcinoma of breast	NULL
8542/3	Extramammary Paget disease	NULL
8542/3	Paget disease	NULL
8542/3	Paget disease with dermal/stromal invasion, extramammary	NULL
8542/3	Paget disease, extramammary	1
8543/3	Paget disease and intraductal carcinoma of breast	1
8550/0	Acinar adenoma	NULL
8550/0	Acinar cell adenoma	1
8550/0	Acinic cell adenoma	NULL
8550/1	Acinar cell tumor	1
8550/1	Acinic cell tumor	NULL
8550/3	Acinar carcinoma	NULL
8550/3	Acinar cell carcinoma	1
8550/3	Acinic cell adenocarcinoma	NULL
8550/3	Acinic cell carcinoma	NULL
8550/3	Pancreatic acinar cell carcinoma	NULL
8551/3	Acinar adenocarcinoma of lung	NULL
8551/3	Acinar cell cystadenocarcinoma	1
8552/3	Mixed acinar-ductal carcinoma	1
8560/0	Mixed papilloma	NULL
8560/0	Mixed squamous cell and glandular papilloma	1
8560/0	Tubulosquamous polyp	NULL
8560/3	Adenosquamous carcinoma	1
8560/3	Mixed adenocarcinoma and epidermoid carcinoma	NULL
8560/3	Mixed adenocarcinoma and squamous cell carcinoma	NULL
8560/3	Prostatic carcinoma with adenosquamous differentiation	NULL
8560/3	Squamoid eccrine ductal carcinoma	NULL
8561/0	Adenolymphoma	1
8561/0	Infarcted/metaplastic Warthin tumor	NULL
8561/0	Papillary cystadenoma lymphomatosum	NULL
8561/0	Warthin tumor	NULL
8561/0	Warthin tumor, infarcted/metaplastic	NULL
8562/3	Adenomyoepithelial carcinoma	NULL
8562/3	Epithelial-myoepithelial carcinoma	1
8563/0	Lymphadenoma	1
8563/0	Non-sebaceous lymphadenoma	NULL
8563/0	Sebaceous lymphadenoma	NULL
8570/3	Adenoacanthoma	NULL
8570/3	Adenocarcinoma with squamous metaplasia	1
8570/3	Endometrioid carcinoma with squamous differentiation	NULL
8570/3	Low grade adenosquamous carcinoma	NULL
8571/3	Adenocarcinoma with cartilaginous and osseous metaplasia	1
8571/3	Adenocarcinoma with cartilaginous metaplasia	NULL
8571/3	Adenocarcinoma with chondroid differentiation	NULL
8571/3	Adenocarcinoma with osseous metaplasia	NULL
8571/3	Carcinoma with osseous differentiation	NULL
8572/3	Acinar adenocarcinoma, sarcomatoid variant	NULL
8572/3	Adenocarcinoma with spindle cell metaplasia	1
8572/3	Fibromatosis-like metaplastic carcinoma	NULL
8572/3	Sarcomatoid acinar adenocarcinoma	NULL
8573/3	Adenocarcinoma with apocrine metaplasia	1
8573/3	Carcinoma with apocrine metaplasia	NULL
8574/3	Adenocarcinoma admixed with neuroendocrine carcinoma	NULL
8574/3	Adenocarcinoma with neuroendocrine differentiation	1
8574/3	Carcinoma with neuroendocrine differentiation	NULL
8574/3	Neuroendocrine carcinoma, treatment-related	NULL
8574/3	Treatment-related neuroendocrine prostatic carcinoma	NULL
8575/3	Carcinoma with other types mesenchymal differentiation	NULL
8575/3	Metaplastic carcinoma of no special type	NULL
8575/3	Metaplastic carcinoma with other types mesenchymal differentiation	NULL
8575/3	Metaplastic carcinoma, NOS	1
8576/3	AFP-producing carcinoma	NULL
8576/3	Alpha-feto protein-producing carcinoma	NULL
8576/3	Hepatoid adenocarcinoma	1
8576/3	Hepatoid carcinoma	NULL
8576/3	Paneth cell carcinoma	NULL
8580/0	Microscopic thymoma	NULL
8580/0	Thymoma, benign	NULL
8580/1	Micronodular thymoma with lymphoid stroma	1
8580/3	Intrapulmonary thymoma	NULL
8580/3	Metaplastic thymoma	NULL
8580/3	Sclerosing thymoma	NULL
8580/3	Thymoma, NOS	1
8581/3	Atypical type A thymoma	NULL
8581/3	Thymoma, medullary	NULL
8581/3	Thymoma, spindle cell	NULL
8581/3	Thymoma, type A	NULL
8581/3	Thymoma, type A, malignant	NULL
8582/3	Thymoma, mixed type	NULL
8582/3	Thymoma, type AB	NULL
8582/3	Thymoma, type AB, malignant	NULL
8583/3	Thymoma, lymphocyte-rich	NULL
8583/3	Thymoma, lymphocytic	NULL
8583/3	Thymoma, organoid	NULL
8583/3	Thymoma, predominantly cortical	NULL
8583/3	Thymoma, type B1	NULL
8583/3	Thymoma, type B1, malignant	NULL
8584/3	Thymoma, cortical	NULL
8584/3	Thymoma, type B2	NULL
8584/3	Thymoma, type B2, malignant	NULL
8585/3	Thymoma, atypical	NULL
8585/3	Thymoma, epithelial	NULL
8585/3	Thymoma, type B3	NULL
8585/3	Thymoma, type B3, malignant	NULL
8585/3	Well differentiated thymic carcinoma	NULL
8586/3	Thymic carcinoma, NOS	1
8586/3	Thymoma, type C	NULL
8587/0	Ectopic hamartomatous thymoma	1
8588/3	SETTLE	NULL
8588/3	Spindle epithelial tumor with thymus-like differentiation	NULL
8588/3	Spindle epithelial tumor with thymus-like element	1
8588/3	Spindle epithelial tumor with thymus-like elements	NULL
8589/3	Carcinoma showing thymus-like differentiation	NULL
8589/3	Carcinoma showing thymus-like element	NULL
8589/3	CASTLE	NULL
8589/3	Intrathyroid thymic carcinoma	1
8589/3	Intrathyroidal thymic carcinoma	NULL
8590/0	Microcystic stromal tumor	NULL
8590/0	Myoid gonadal stromal tumor	NULL
8590/0	Sex cord-stromal tumor, benign	NULL
8590/0	Signet-ring stromal tumor	NULL
8590/1	Gonadal stromal tumor, NOS	NULL
8590/1	Ovarian stromal tumor	NULL
8590/1	Sex cord stromal tumor	NULL
8590/1	Sex cord tumor, NOS	NULL
8590/1	Sex cord-gonadal stromal tumor, NOS	1
8590/1	Testicular stromal tumor	NULL
8590/1	Uterine tumor resembling ovarian sex cord tumor	NULL
8591/1	Sex cord-gonadal stromal tumor, incompletely differentiated	1
8591/1	Sex cord-stromal tumor not elsewhere classified	NULL
8591/1	Sex cord-stromal tumor, unclassified	NULL
8592/1	Mixed sex cord-stromal tumor	NULL
8592/1	Mixed sex cord-stromal tumor of testis	NULL
8592/1	Sex cord-gonadal stromal tumor, mixed	NULL
8592/1	Sex cord-gonadal stromal tumor, mixed forms	1
8593/1	Stromal tumor with minor sex cord elements	1
8594/1	Mixed germ cell–sex cord–stromal tumor NOS	1
8594/1	Mixed germ cell-sex cord-stromal tumor, unclassified	NULL
8600/0	Fibrothecoma	NULL
8600/0	Theca cell tumor	NULL
8600/0	Thecofibroma	NULL
8600/0	Thecoma, NOS	1
8600/3	Thecoma, malignant	1
8601/0	Luteinized thecoma associated with sclerosing peritonitis	NULL
8601/0	Thecoma, luteinized	1
8602/0	Sclerosing stromal tumor	1
8610/0	Luteinoma	NULL
8610/0	Luteoma, NOS	1
8610/0	Pregnancy luteoma	NULL
8620/1	Adult granulosa cell tumor of testis	NULL
8620/1	Granulosa cell tumor of testis, NOS	NULL
8620/3	Adult granulosa cell tumor	NULL
8620/3	Adult granulosa cell tumor of adrenal gland	NULL
8620/3	Adult granulosa cell tumor of ovary	NULL
8620/3	Granulosa cell carcinoma	NULL
8620/3	Granulosa cell tumor	NULL
8620/3	Granulosa cell tumor of ovary, NOS	NULL
8620/3	Granulosa cell tumor, adult type	NULL
8620/3	Granulosa cell tumor, sarcomatoid	NULL
8621/1	Granulosa cell-theca cell tumor	1
8621/1	Theca cell-granulosa cell tumor	NULL
8622/0	Granulosa cell tumor of testis, juvenile	NULL
8622/0	Juvenile granulosa cell tumor of testis	NULL
8622/1	Granulosa cell tumor of ovary, juvenile	NULL
8622/1	Granulosa cell tumor, juvenile	1
8622/1	Juvenile granulosa cell tumor	NULL
8622/1	Juvenile granulosa cell tumor of the ovary	NULL
8623/1	Sex cord tumor with annular tubules	1
8630/0	Androblastoma, benign	1
8630/0	Arrhenoblastoma, benign	NULL
8630/1	Androblastoma, NOS	1
8630/1	Arrhenoblastoma, NOS	NULL
8630/3	Androblastoma, malignant	1
8630/3	Arrhenoblastoma, malignant	NULL
8631/0	Sertoli-Leydig cell tumor, well differentiated	1
8631/1	Sertoli–Leydig cell tumor	NULL
8631/1	Sertoli-Leydig cell tumor of intermediate differentiation, NOS	1
8631/1	Sertoli–Leydig cell tumor, moderately differentiated	NULL
8631/3	Sertoli-Leydig cell tumor, poorly differentiated	1
8631/3	Sertoli-Leydig cell tumor, sarcomatoid	NULL
8632/1	Gynandroblastoma	1
8632/1	Mixed sex cord-stromal tumor of ovary	NULL
8633/1	Sertoli-Leydig cell tumor, retiform	1
8634/1	Sertoli-Leydig cell tumor, intermediate differentiation, with heterologous elements	1
8634/1	Sertoli-Leydig cell tumor, moderately differentiated, with heterologous elements	NULL
8634/1	Sertoli-Leydig cell tumor, retiform, with heterologous elements	NULL
8634/3	Sertoli-Leydig cell tumor, poorly differentiated, with heterologous elements	1
8640/1	Pick tubular adenoma	NULL
8640/1	Sertoli cell adenoma	NULL
8640/1	Sertoli cell tumor, NOS	1
8640/1	Testicular adenoma	NULL
8640/1	Tubular androblastoma, NOS	NULL
8640/3	Malignant Sertoli cell tumor	NULL
8640/3	Sertoli cell carcinoma	1
8640/3	Sertoli cell tumor, malignant	NULL
8641/0	Folliculome lipidique	NULL
8641/0	Lipid-rich Sertoli cell tumor	NULL
8641/0	Sertoli cell tumor with lipid storage	1
8641/0	Tubular androblastoma with lipid storage	NULL
8642/1	Large cell calcifying Sertoli cell tumor	1
8643/1	Intratubular large cell hyalinizing Sertoli cell neoplasia	1
8650/0	Leydig cell tumor of ovary, NOS	NULL
8650/0	Leydig cell tumor, benign	NULL
8650/1	Interstitial cell tumor, NOS	NULL
8650/1	Leydig cell tumor of adrenal gland	NULL
8650/1	Leydig cell tumor of testis, NOS	NULL
8650/1	Leydig cell tumor, NOS	NULL
8650/3	Interstitial cell tumor, malignant	NULL
8650/3	Leydig cell tumor, malignant	1
8650/3	Malignant Leydig cell tumor	NULL
8660/0	Hilar cell tumor	NULL
8660/0	Hilus cell tumor	1
8670/0	Lipid cell tumor of ovary	1
8670/0	Lipoid cell tumor of ovary	NULL
8670/0	Masculinovoblastoma	NULL
8670/0	Steroid cell tumor, NOS	NULL
8670/3	Steroid cell tumor, malignant	1
8671/0	Adrenal rest tumor	1
8680/3	Paraganglioma, NOS	1
8681/3	Sympathetic paraganglioma	1
8682/3	Head and neck paraganglioma	NULL
8682/3	Parasympathetic paraganglioma	1
8682/3	Parasympathetic paraganglioma (head and neck paraganglioma)	NULL
8683/0	Gangliocytic paraganglioma	1
8683/3	Composite gangliocytoma/neuroma and neuroendocrine tumor	NULL
8683/3	Gangliocytic neuroendocrine tumor	NULL
8683/3	Gangliocytic paraganglioma	NULL
8683/3	Mixed ganglioneuroma-neuroendocrine neoplasm (MiGNEN)	NULL
8690/3	Glomus jugulare tumor, NOS	NULL
8690/3	Jugular paraganglioma	NULL
8690/3	Jugulotympanic paraganglioma	NULL
8690/3	Middle ear paraganglioma	1
8691/3	Aortic body paraganglioma	NULL
8691/3	Aortic body tumor	1
8691/3	Aorticopulmonary paraganglioma	NULL
8692/3	Carotid body paraganglioma	1
8692/3	Carotid body tumor	NULL
8693/3	Cauda equina neuroendocrine tumor (previously paraganglioma)	NULL
8693/3	Cauda equina neuroendocrine tumour	NULL
8693/3	Cauda equina paraganglioma	NULL
8693/3	Chemodectoma	NULL
8693/3	CNS paraganglioma	NULL
8693/3	Composite paraganglioma	NULL
8693/3	Composite paraganglioma-ganglioneuroblastoma	NULL
8693/3	Composite paraganglioma-ganglioneuroma	NULL
8693/3	Composite paraganglioma-neuroblastoma	NULL
8693/3	Composite paraganglion tumor, extra-adrenal	NULL
8693/3	Extra-adrenal composite paraganglion tumors	NULL
8693/3	Extra-adrenal paraganglioma, malignant	NULL
8693/3	Extra-adrenal paraganglioma, NOS	1
8693/3	Head and neck paraganglioma	NULL
8693/3	Laryngeal paraganglioma	NULL
8693/3	Nonchromaffin paraganglioma, NOS	NULL
8693/3	Paraganglioma of cauda equina	NULL
8693/3	Vagal paraganglioma	NULL
8700/3	Adrenal composite paraganglion tumor	NULL
8700/3	Adrenal composite pheochromocytoma-paraganglioma	NULL
8700/3	Adrenal medullary paraganglioma	NULL
8700/3	Chromaffin paraganglioma	NULL
8700/3	Chromaffin tumor	NULL
8700/3	Chromaffinoma	NULL
8700/3	Composite paraganglion tumor, NOS	NULL
8700/3	Composite paraganglion tumors	NULL
8700/3	Composite pheochromocytoma	NULL
8700/3	Composite pheochromocytoma-ganglioneuroblastoma	NULL
8700/3	Composite pheochromocytoma-ganglioneuroma	NULL
8700/3	Composite pheochromocytoma–malignant peripheral nerve sheath tumor	NULL
8700/3	Composite pheochromocytoma-neuroblastoma	NULL
8700/3	Composite pheochromocytoma–peripheral nerve sheath tumor	NULL
8700/3	Paraganglioma, adrenal sympathetic	NULL
8700/3	Paraganglioma, adrenal, NOS	NULL
8700/3	Paraganglioma, intra-adrenal	NULL
8700/3	Pheochromoblastoma	NULL
8700/3	Pheochromocytoma, malignant	NULL
8700/3	Pheochromocytoma, NOS	1
8710/3	Glomangiosarcoma	1
8710/3	Glomoid sarcoma	NULL
8711/0	Classic glomus tumor	NULL
8711/0	Epithelioid glomus tumor	NULL
8711/0	Glomus tumor, benign	NULL
8711/0	Glomus tumor, classic	NULL
8711/0	Glomus tumor, epithelioid	NULL
8711/0	Glomus tumor, hyalinized	NULL
8711/0	Glomus tumor, myxoid	NULL
8711/0	Glomus tumor, NOS	1
8711/0	Glomus tumor, oncocytic	NULL
8711/0	Glomus tumor, signet-ring	NULL
8711/0	Glomus tumor, symplastic	NULL
8711/0	Hyalinized glomus tumor	NULL
8711/0	Myxoid glomus tumor	NULL
8711/0	Oncocytic glomus tumor	NULL
8711/0	Signet-ring glomus tumor	NULL
8711/0	Symplastic glomus tumor	NULL
8711/1	Glomangiomatosis	1
8711/1	Glomus tumor of uncertain malignant potential	NULL
8711/3	Glomangiosarcoma	NULL
8711/3	Glomoid sarcoma	NULL
8711/3	Glomus tumor, malignant	1
8711/3	Malignant glomus tumor	NULL
8712/0	Glomangioma	1
8713/0	Glomangiomyoma	1
8713/0	Glomuvenous malformation	NULL
8713/0	Glomuvenous malformation (glomangiomyoma)	NULL
8714/0	PEComa	NULL
8714/0	PEComa, benign	NULL
8714/0	Perivascular epithelioid cell tumor, benign	NULL
8714/0	Perivascular epithelioid tumor, benign	1
8714/0	Sclerosing PEComa	NULL
8714/1	PEComa, NOS	NULL
8714/1	PEComatosis	NULL
8714/1	Perivascular epithelioid cell tumor, NOS	NULL
8714/1	Perivascular epithelioid tumor, NOS	NULL
8714/3	Malignant PEComa	NULL
8714/3	PEComa, malignant	NULL
8714/3	Perivascular epithelioid cell tumor, malignant 	NULL
8714/3	Perivascular epithelioid tumor, malignant	1
8720/0	Acqiured melanocytic nevus	NULL
8720/0	Acquired melanocytic nevus	NULL
8720/0	Atypical genital nevus	NULL
8720/0	Atypical melanocytic nevus of genital type	NULL
8720/0	Atypical melanocytic nevus of special site	NULL
8720/0	Banal nevus	NULL
8720/0	Combined conventional and granular cell melanocytic nevus	NULL
8720/0	Combined nevus	NULL
8720/0	Common acquired nevus	NULL
8720/0	Conjunctival nevus	NULL
8720/0	Genital nevocytic nevus	NULL
8720/0	Genital nevus	NULL
8720/0	Hairy nevus	NULL
8720/0	Low-grade conjunctival melanocytic intraepithelial lesion	NULL
8720/0	Melanocytic nevus, NOS	NULL
8720/0	Meyerson nevus	NULL
8720/0	Nevus of genital tract	NULL
8720/0	Nevus spilus	NULL
8720/0	Nevus with dermal epithelioid component	NULL
8720/0	Nevus with phenotypic heterogeneity	NULL
8720/0	Nevus, biphenotypic	NULL
8720/0	Nevus, circumscribed	NULL
8720/0	Nevus, clonal	NULL
8720/0	Nevus, eczematous	NULL
8720/0	Nevus, NOS	NULL
8720/0	Nevus, speckled lentiginous	NULL
8720/0	Pigmented nevus, NOS	1
8720/0	Special-site nevi (of the breast, axilla, scalp, and ear)	NULL
8720/0	Special-site nevus	NULL
8720/1	BAP1-inactivated melanocytic tumor	NULL
8720/1	BAP1-inactivated melanocytoma	NULL
8720/1	BAP1-inactivated nevus	NULL
8720/1	Combined BAP1-inactivated melanocytoma	NULL
8720/1	Combined conventional melanocytic nevus and WNT-activated deep penetrating/plexiform melanocytoma (nevus)	NULL
8720/1	Deep penetrating melanocytoma (nevus)	NULL
8720/1	Deep penetrating nevus	NULL
8720/1	Low-grade conjunctival melanocytic intraepithelial lesion	NULL
8720/1	Melanocytic tumor of uncertain malignant potential (MELTUMP)	NULL
8720/1	Melanocytoma, deep penetrating	NULL
8720/1	Melanocytoma, plexiform spindle cell	NULL
8720/1	Melanocytoma, skin	NULL
8720/1	Nevus, diffuse	NULL
8720/1	Nevus, plexiform spindle cell	NULL
8720/1	Plexiform spindle cell melanocytoma (nevus)	NULL
8720/1	Superficial atypical melanocytic proliferation of uncertain significance (SAMPUS)	NULL
8720/1	WNT-activated deep penetrating / plexiform melanocytoma (nevus)	NULL
8720/2	Early/evolving melanoma in situ	NULL
8720/2	High-grade conjunctival melanocytic intraepithelial lesion	NULL
8720/2	In situ melanoma, early/evolving	NULL
8720/2	Melanoma in situ	1
8720/2	Melanoma in situ, early/evolving	NULL
8720/3	Adrenal melanoma, NOS	NULL
8720/3	Choroidal melanoma	NULL
8720/3	Ciliary body melanoma	NULL
8720/3	Conjunctival melanoma	NULL
8720/3	Diffuse melanoma	NULL
8720/3	Early/evolving invasive melanoma	NULL
8720/3	Iris melanoma	NULL
8720/3	Malignant melanoma, early/evolving	NULL
8720/3	Malignant melanoma, NOS	1
8720/3	Melanoma, malignant, early/evolving	NULL
8720/3	Melanoma, meningeal	NULL
8720/3	Melanoma, NOS	NULL
8720/3	Meningeal melanoma	NULL
8720/3	Mucosal melanoma	NULL
8720/3	Nevoid melanoma	NULL
8720/3	Retinoinvasive melanoma	NULL
8720/3	Ring melanoma	NULL
8720/3	Uveal melanoma	NULL
8720/6	Melanoma metastatic to other organs	NULL
8720/6	Melanoma metastatic to the skin	NULL
8720/6	Regional and distant lymph node metastases	NULL
8720/6	Visceral metastases	NULL
8721/3	Nodular melanoma	1
8721/3	Nodular mucosal melanoma	NULL
8722/0	Balloon cell nevus	1
8722/0	Combined conventional and balloon cell melanocytic nevus	NULL
8722/3	Balloon cell melanoma	1
8723/0	Halo nevus	1
8723/0	Regressing nevus	NULL
8723/0	Sutton nevus	NULL
8723/3	Malignant melanoma, regressing	1
8723/3	Melanoma, regressing	NULL
8725/0	Neuronevus	1
8726/0	Magnocellular nevus	1
8726/0	Melanocytoma of optic disc and optic nerve	NULL
8726/0	Melanocytoma, eyeball	NULL
8726/0	Melanocytoma, NOS	NULL
8726/0	Melanocytoma, uveal	NULL
8726/0	Melanocytoma, uveal/optic disc/optic nerve	NULL
8726/0	Uveal melanocytoma	NULL
8727/0	CCTMAM	NULL
8727/0	CCTMMC	NULL
8727/0	Clear Cell tumor with Melanocytic Differentiation and ACTIN::MITF Translocation	NULL
8727/0	Clear Cell tumor with Melanocytic Differentiation and MITF::CREM Translocation	NULL
8727/0	Dysplastic melanocytic nevus	NULL
8727/0	Dysplastic nevus	1
8727/0	MITF pathway-activated melanocytic tumor	NULL
8727/0	MITF pathway–activated melanocytic tumors	NULL
8727/0	Nevus with architectural and cytological atypia	NULL
8727/0	Nevus with architectural disorder and cytological atypia	NULL
8727/0	Nevus, dysplastic melanocytic	NULL
8728/0	Diffuse melanocytosis	NULL
8728/0	Meningeal melanocytosis	1
8728/1	Meningeal melanocytoma	1
8728/3	Meningeal melanomatosis	1
8730/0	Achromic nevus	NULL
8730/0	Nonpigmented nevus	1
8730/3	Amelanotic melanoma	1
8740/0	Conjunctival junctional / predominantly junctional nevus	NULL
8740/0	Intraepidermal nevus	NULL
8740/0	Junction nevus	NULL
8740/0	Junctional nevus, NOS	1
8740/0	Junctional/predominantly junctional nevus	NULL
8740/0	Lentiginous junctional nevus	NULL
8740/3	Malignant melanoma in junctional nevus	1
8740/3	Melanoma in junctional nevus	NULL
8741/2	Precancerous melanosis, NOS	1
8741/3	Malignant melanoma in precancerous melanosis	1
8741/3	Melanoma in precancerous melanosis	NULL
8742/0	Lentiginous melanocytic nevus	1
8742/0	Lentiginous nevus, NOS	NULL
8742/0	Lentigo simplex	NULL
8742/0	Simple lentigo	NULL
8742/0	Simple lentigo and lentiginous melanocytic nevus	NULL
8742/2	Hutchinson melanotic freckle, NOS	NULL
8742/2	Lentigo maligna	1
8742/2	Lentigo maligna melanoma in situ	NULL
8742/3	High cumulative sun damage melanoma	NULL
8742/3	High-CSD melanoma	NULL
8742/3	Lentigo maligna melanoma	1
8742/3	Malignant melanoma in Hutchinson melanotic freckle	NULL
8742/3	Melanoma in Hutchinson melanotic freckle	NULL
8743/2	Low cumulative sun damage melanoma in situ	NULL
8743/2	Low-CSD melanoma in situ	NULL
8743/2	Superficial spreading melanoma in situ	NULL
8743/3	Conventional low-CSD melanoma	NULL
8743/3	Low cumulative sun damage melanoma	1
8743/3	Low-CSD melanoma (including superficial spreading melanoma)	NULL
8743/3	Low-CSD melanoma, NOS	NULL
8743/3	Superficial spreading melanoma	NULL
8744/0	Acral nevus	1
8744/0	MANIAC	NULL
8744/0	Melanocytic acral nevus with intraepidermal ascent of cells	NULL
8744/0	Nail matrix nevus	NULL
8744/0	Nevus, nail matrix	NULL
8744/3	Acral lentiginous melanoma, malignant	NULL
8744/3	Acral lentiginous melanoma, NOS	NULL
8744/3	Acral melanoma	1
8744/3	Acral melanoma, desmoplastic	NULL
8744/3	Desmoplastic acral melanoma	NULL
8744/3	Melanoma, nail apparatus	NULL
8744/3	Melanoma, subungual	NULL
8744/3	Subungual melanoma	NULL
8745/3	Desmoplastic melanoma	1
8745/3	Desmoplastic melanoma, amelanotic	NULL
8745/3	Desmoplastic melanoma, combined	NULL
8745/3	Desmoplastic melanoma, malignant	NULL
8745/3	Desmoplastic melanoma, mixed	NULL
8745/3	Desmoplastic melanoma, pure	NULL
8745/3	Desmoplastic mucosal melanoma	NULL
8745/3	Desmoplastic neurotropic melanoma	NULL
8745/3	Mixed (combined) desmoplastic melanoma	NULL
8745/3	Neurotropic melanoma	NULL
8745/3	Neurotropic melanoma, malignant	NULL
8745/3	Pure desmoplastic melanoma	NULL
8746/3	Mucosal lentiginous melanoma	1
8750/0	Conjunctival subepithelial (stromal) nevus	NULL
8750/0	Dermal nevus	1
8750/0	Intradermal nevus	NULL
8750/0	Nevus, subepithelial	NULL
8750/0	Stromal nevus	NULL
8750/0	Subepithelial (stromal) nevus	NULL
8750/3	Dermal melanoma	NULL
8750/3	Melanoma, dermal	NULL
8760/0	Compound nevus	1
8760/0	Conjunctival compound nevus	NULL
8760/0	Dermal and epidermal nevus	NULL
8760/0	Lentiginous compound nevus	NULL
8761/0	Congenital melanocytic nevus NOS	1
8761/0	Congenital nevocytic nevus	NULL
8761/0	Congenital nevus	NULL
8761/0	Congenital nevus present at birth	NULL
8761/0	Congenital nevus syndrome	NULL
8761/0	Congenital nevus, late/tardive	NULL
8761/0	Late/tardive congenital nevus	NULL
8761/0	Neurocutaneous melanosis	NULL
8761/0	Small congenital nevus	NULL
8761/1	Giant nevus	NULL
8761/1	Giant pigmented nevus, NOS	1
8761/1	Intermediate and giant congenital nevus	NULL
8761/3	Congenital nevus–associated melanoma	NULL
8761/3	Malignant melanoma arising in giant congenital nevus	1
8761/3	Malignant melanoma in congenital melanocytic nevus	NULL
8761/3	Malignant melanoma in giant pigmented nevus	NULL
8761/3	Melanoma arising in giant congenital nevus	NULL
8761/3	Melanoma in congenital melanocytic nevus	NULL
8761/3	Melanoma in giant pigmented nevus	NULL
8761/3	Melanoma in large, bathing-trunk, or garment-like congenital nevus	NULL
8761/3	Melanoma, congenital nevus-associated	NULL
8762/1	Atypical proliferative nodules	NULL
8762/1	Proliferative dermal lesion in congenital nevus	1
8762/1	Proliferative nodules in congenital melanocytic nevus	NULL
8770/0	Angiomatoid Spitz nevus	NULL
8770/0	Atypical pigmented spindle cell tumor	NULL
8770/0	Balloon cell Spitz nevus	NULL
8770/0	Combined Spitz nevus	NULL
8770/0	Desmoplastic Spitz nevus	NULL
8770/0	Dysplastic Spitz nevus	NULL
8770/0	Epithelioid and spindle cell nevus	1
8770/0	Hyalinizing Spitz nevus	NULL
8770/0	Inflamed juvenile conjunctival nevus	NULL
8770/0	Inflamed juvenile nevus	NULL
8770/0	Intradermal Spitz nevus	NULL
8770/0	Juvenile melanoma	NULL
8770/0	Juvenile nevus	NULL
8770/0	Myxoid Spitz nevus	NULL
8770/0	Nevus of Reed	NULL
8770/0	Pagetoid Spitz nevus	NULL
8770/0	Pigmented epithelioid cell Spitz nevus	NULL
8770/0	Pigmented spindle cell nevus (Reed nevus)	NULL
8770/0	Pigmented spindle cell nevus of Reed	NULL
8770/0	Pigmented spindle cell nevus, NOS	NULL
8770/0	Pigmented spindle cell Spitz nevus	NULL
8770/0	Plexiform Spitz nevus	NULL
8770/0	Recurrent/persistent Spitz nevus	NULL
8770/0	Spitz nevus with ALK fusion	NULL
8770/0	Spitz nevus with BRAF fusion	NULL
8770/0	Spitz nevus with HRAS mutation	NULL
8770/0	Spitz nevus with MAP3K8 fusion	NULL
8770/0	Spitz nevus with NTRK1 fusion	NULL
8770/0	Spitz nevus with NTRK3 fusion	NULL
8770/0	Spitz nevus with PRKAR1A inactivation as a secondary event	NULL
8770/0	Spitz nevus with RET fusion	NULL
8770/0	Spitz nevus with ROS1 fusion	NULL
8770/0	Spitz nevus, NOS	NULL
8770/0	Tubular Spitz nevus	NULL
8770/1	Spitz melanocytoma (atypical Spitz tumor)	NULL
8770/1	Spitz melanocytoma with ALK fusion	NULL
8770/1	Spitz melanocytoma with BRAF fusion	NULL
8770/1	Spitz melanocytoma with HRAS mutation	NULL
8770/1	Spitz melanocytoma with MAP3K8 fusion	NULL
8770/1	Spitz melanocytoma with NTRK1 fusion	NULL
8770/1	Spitz melanocytoma with NTRK3 fusion	NULL
8770/1	Spitz melanocytoma with PRKAR1A inactivation as a secondary event	NULL
8770/1	Spitz melanocytoma with RET fusion	NULL
8770/1	Spitz melanocytoma with ROS1 fusion	NULL
8770/1	Spitz melanocytoma, NOS	NULL
8770/1	Spitz nevus, atypical	NULL
8770/1	Spitz tumor of uncertain malignant potential	NULL
8770/1	Spitz tumor, atypical	NULL
8770/3	Malignant Spitz tumor	1
8770/3	Mixed epithelioid and spindle cell melanoma	NULL
8770/3	Mixed epithelioid and spindle cell uveal melanoma	NULL
8770/3	Spitz melanoma	NULL
8770/3	Spitz melanoma with ALK fusion	NULL
8770/3	Spitz melanoma with BRAF fusion	NULL
8770/3	Spitz melanoma with HRAS mutation	NULL
8770/3	Spitz melanoma with MAP3K8 fusion	NULL
8770/3	Spitz melanoma with NTRK1 fusion	NULL
8770/3	Spitz melanoma with NTRK3 fusion	NULL
8770/3	Spitz melanoma with PRKAR1A inactivation as a secondary event	NULL
8770/3	Spitz melanoma with RET fusion	NULL
8770/3	Spitz melanoma with ROS1 fusion	NULL
8770/3	Spitzoid melanoma	NULL
8771/0	Epithelioid cell nevus	1
8771/3	Epithelioid cell melanoma	1
8771/3	Epithelioid cell uveal melanoma	NULL
8772/0	Spindle cell nevus, NOS	1
8772/3	Spindle cell melanoma, NOS	1
8772/3	Spindle cell uveal melanoma, NOS	NULL
8773/3	Spindle cell melanoma, type A	NULL
8773/3	Spindle cell uveal melanoma, type A	NULL
8774/3	Spindle cell melanoma, type B	NULL
8774/3	Spindle cell uveal melanoma, type B	NULL
8780/0	Blue nevus, dendritic	NULL
8780/0	Blue nevus, NOS	1
8780/0	Combined conventional and blue melanocytic nevus	NULL
8780/0	Common blue nevus	NULL
8780/0	Conjunctival blue nevus	NULL
8780/0	Dendritic blue nevus	NULL
8780/0	Dermal dendritic melanocytic nevus	NULL
8780/0	Jadassohn blue nevus	NULL
8780/0	Jadassohn-Tièche blue nevus	NULL
8780/0	Nevus of Jadassohn	NULL
8780/0	Tièche nevus	NULL
8780/1	Blue nevus, epithelioid	NULL
8780/1	Melanocytoma, PRKAR1A-inactivated	NULL
8780/1	Pigmented epithelioid melanocytoma	1
8780/3	Blue nevus, malignant	1
8780/3	Melanoma arising in blue nevus	NULL
8790/0	Cellular blue nevus	1
8800/0	Soft tissue tumor, benign	1
8800/1	Soft tissue tumor, uncertain if benign or malignant	NULL
8800/3	Mesenchymal tumor, malignant	NULL
8800/3	Sarcoma, NOS	1
8800/3	Soft tissue sarcoma	NULL
8800/3	Soft tissue tumor, malignant	NULL
8800/9	Sarcomatosis, NOS	1
8801/3	Spindle cell sarcoma	1
8801/3	Spindle cell sarcoma, undifferentiated	NULL
8801/3	Undifferentiated spindle cell sarcoma	NULL
8802/1	Pleomorphic hyalinizing angiectatic tumor	NULL
8802/1	Pleomorphic hyalinizing angiectatic tumor of soft parts	NULL
8802/3	Anaplastic sarcoma of the kidney	NULL
8802/3	DICER1 sarcoma of kidney	NULL
8802/3	Giant cell sarcoma	1
8802/3	Pleomorphic cell sarcoma, NOS	NULL
8802/3	Pleomorphic cell sarcoma, undifferentiated	NULL
8802/3	Pleomorphic dermal sarcoma	NULL
8802/3	Pleomorphic sarcoma	NULL
8802/3	Pleomorphic sarcoma, undifferentiated	NULL
8802/3	Undifferentiated pleomorphic sarcoma	NULL
8803/3	Round cell sarcoma, NOS	NULL
8803/3	Round cell sarcoma, undifferentiated	NULL
8803/3	Small cell sarcoma	1
8804/3	Classic epithelioid sarcoma	NULL
8804/3	Epithelioid cell sarcoma	NULL
8804/3	Epithelioid sarcoma, classic	NULL
8804/3	Epithelioid sarcoma, conventional	NULL
8804/3	Epithelioid sarcoma, distal	NULL
8804/3	Epithelioid sarcoma, distal-type	NULL
8804/3	Epithelioid sarcoma, large cell	NULL
8804/3	Epithelioid sarcoma, NOS	1
8804/3	Epithelioid sarcoma, proximal	NULL
8804/3	Epithelioid sarcoma, proximal-type	NULL
8804/3	Epithelioid sarcoma, undifferentiated	NULL
8804/3	Proximal epithelioid sarcoma	NULL
8804/3	Proximal or large cell epithelioid sarcoma	NULL
8804/3	Undifferentiated epithelioid sarcoma	NULL
8805/3	Undifferentiated sarcoma	1
8805/3	Undifferentiated uterine sarcoma	NULL
8806/3	Desmoplastic small round cell tumor	1
8806/3	Intra-abdominal desmoplastic round cell tumor	NULL
8806/3	Polyphenotypic small round cell tumor	NULL
8810/0	Acral fibroblastic spindle cell neoplasm	NULL
8810/0	Collagenous fibroma	NULL
8810/0	Desmoplastic fibroblastoma	NULL
8810/0	EWSR1::SMAD3-positive fibroblastic tumor	NULL
8810/0	EWSR1::SMAD3-rearranged fibroblastic tumor	NULL
8810/0	EWSR1-SMAD3–positive fibroblastic tumor (emerging)	NULL
8810/0	Fibroblastic connective tissue nevus	NULL
8810/0	Fibroma with heterotopic bone formation	NULL
8810/0	Fibroma with minor sex cord elements	NULL
8810/0	Fibroma, NOS	1
8810/0	Gardner fibroma	NULL
8810/0	Gardner-associated fibroma	NULL
8810/0	Medallion-like dermal dendrocyte hamartoma	NULL
8810/0	Nuchal fibroma	NULL
8810/0	Nuchal-type fibroma	NULL
8810/0	Onychomatricoma	NULL
8810/0	Onychomatrixoma	NULL
8810/0	Ovarian fibroma	NULL
8810/0	Plaque-like CD34-positive dermal fibroma	NULL
8810/0	Prepubertal fibroma	NULL
8810/0	SMAD3-rearranged fibroblastic tumor	NULL
8810/1	Cellular fibroma	1
8810/1	PRDM10-rearranged soft tissue tumor	NULL
8810/1	Superficial CD34-positive fibroblastic tumor	NULL
8810/3	Adult fibrosarcoma	NULL
8810/3	Fibrosarcoma, adult	NULL
8810/3	Fibrosarcoma, NOS	1
8810/3	Ovarian fibrosarcoma	NULL
8811/0	Acral fibromyxoma	NULL
8811/0	Digital fibromyxoma	NULL
8811/0	Fibromyxoma, NOS	1
8811/0	Myxofibroma, NOS	NULL
8811/0	Myxoid fibroma	NULL
8811/0	Plexiform angiomyxoid myofibroblastic tumor	NULL
8811/0	Plexiform fibromyxoma	NULL
8811/0	Superficial acral fibromyxoma	NULL
8811/1	Atypical myxoinflammatory fibroblastic tumor	NULL
8811/1	Hemosiderotic fibrohistiocytic lipomatous lesion	NULL
8811/1	Hemosiderotic fibrolipomatous tumor	NULL
8811/1	Myxoinflammatory fibroblastic sarcoma	1
8811/3	Epithelioid myxofibrosarcoma	NULL
8811/3	Fibromyxosarcoma	NULL
8811/3	Myxofibrosarcoma	1
8812/0	Periosteal fibroma	1
8812/3	Periosteal fibrosarcoma	1
8812/3	Periosteal sarcoma, NOS	NULL
8813/0	Fascial fibroma	NULL
8813/0	Fibroma of tendon sheath	1
8813/1	Dupuytren contracture	NULL
8813/1	Dupuytren disease	NULL
8813/1	Ledderhose disease	NULL
8813/1	Palmar fibromatosis	NULL
8813/1	Palmar/plantar fibromatoses	NULL
8813/1	Palmar/plantar fibromatosis	NULL
8813/1	Palmar/plantar-type fibromatosis	1
8813/1	Penile fibromatosis	NULL
8813/1	Peyronie disease	NULL
8813/1	Plantar fibromatosis	NULL
8813/1	Superficial fibromatosis	NULL
8813/3	Fascial fibrosarcoma	1
8814/0	Classic (digital) inclusion body fibromatosis	NULL
8814/0	Inclusion body fibromatosis	NULL
8814/0	Infantile digital fibrosis/fibroma	NULL
8814/0	Non-classic (extradigital) inclusion body fibromatosis	NULL
8814/0	Recurring digital fibrosis/fibrous tumor of childhood	NULL
8814/3	Cellular congenital mesoblastic nephroma	NULL
8814/3	Cellular mesoblastic nephroma	NULL
8814/3	Congenital fibrosarcoma	NULL
8814/3	Infantile fibrosarcoma	1
8814/3	Infantile fibrosarcoma-like tumor	NULL
8815/0	Hemangiopericytoma, benign	NULL
8815/0	Solitary fibrous tumor, benign	NULL
8815/0	Solitary fibrous tumor, grade 1	NULL
8815/0	Solitary fibrous tumor/Hemangiopericytoma, grade 1	1
8815/1	Fat-forming (lipomatous) solitary fibrous tumor	NULL
8815/1	Giant cell–rich solitary fibrous tumor	NULL
8815/1	Hemangiopericytic meningioma	NULL
8815/1	Hemangiopericytoma, NOS	NULL
8815/1	Lipomatous solitary fibrous tumor	NULL
8815/1	Localized fibrous tumor	NULL
8815/1	Solitary fibrous tumor, fat-forming	NULL
8815/1	Solitary fibrous tumor, giant cell-rich	NULL
8815/1	Solitary fibrous tumor, grade 2	NULL
8815/1	Solitary fibrous tumor, lipomatous	NULL
8815/1	Solitary fibrous tumor, NOS	1
8815/1	Solitary fibrous tumor/Hemangiopericytoma, grade 2	NULL
8815/3	Dedifferentiated (anaplastic) solitary fibrous tumor	NULL
8815/3	Dedifferentiated solitary fibrous tumor	NULL
8815/3	Hemangiopericytoma, malignant	NULL
8815/3	Solitary fibrous tumor, anaplastic	NULL
8815/3	Solitary fibrous tumor, dedifferentiated	NULL
8815/3	Solitary fibrous tumor, grade 3	NULL
8815/3	Solitary fibrous tumor, malignant	1
8815/3	Solitary fibrous tumor/Hemangiopericytoma, grade 3	NULL
8816/0	Aponeurotic fibroma	NULL
8816/0	Calcifying aponeurotic fibroma	1
8816/0	Juvenile aponeurotic fibroma	NULL
8817/0	Calcifying fibrous tumor	1
8818/0	Craniofacial fibrous dysplasia	NULL
8818/0	Fibrous dysplasia	1
8818/0	Fibrous dysplasia, craniofacial	NULL
8818/0	Fibrous dysplasia, monostotic	NULL
8818/0	Fibrous dysplasia, polyostotic	NULL
8818/0	Monostotic fibrous dysplasia	NULL
8818/0	Polyostotic fibrous dysplasia	NULL
8820/0	Elastofibroma	1
8820/0	Elastofibroma dorsi	NULL
8820/0	Fibroelastoma, papillary	NULL
8820/0	Papillary fibroelastoma	NULL
8821/1	Aggressive fibromatosis	1
8821/1	Aggressive/deep fibromatosis	NULL
8821/1	Desmoid fibromatosis	NULL
8821/1	Desmoid tumor, NOS	NULL
8821/1	Desmoid, NOS	NULL
8821/1	Desmoid-type fibromatosis	NULL
8821/1	Extra-abdominal desmoid	NULL
8821/1	Invasive fibroma	NULL
8821/1	Musculoaponeurotic fibromatosis	NULL
8822/1	Abdominal desmoid	NULL
8822/1	Abdominal fibromatosis	1
8822/1	Mesenteric fibromatosis	NULL
8822/1	Retroperitoneal fibromatosis	NULL
8823/0	Sclerotic fibroma	1
8823/0	Storiform collagenoma	NULL
8823/1	Desmoplastic fibroma	1
8823/1	Desmoplastic fibroma of bone	NULL
8824/0	Dermatomyofibroma	NULL
8824/0	Glomangiopericytoma	NULL
8824/0	Myofibroma	1
8824/0	Myopericytoma	NULL
8824/0	Myopericytomatosis	NULL
8824/0	Solitary myofibroma	NULL
8824/1	Congenital generalized fibromatosis	NULL
8824/1	Generalized myofibromatosis (with visceral involvement)	NULL
8824/1	Infantile myofibromatosis	NULL
8824/1	Intravascular myopericytoma	NULL
8824/1	Multicentric myofibromatosis	NULL
8824/1	Multicentric myopericytomatosis	NULL
8824/1	Myofibromatosis	1
8824/1	Myofibromatosis, multicentric	NULL
8824/1	Myopericytomatosis, NOS	NULL
8825/0	Intranodal palisaded myofibroblastoma	NULL
8825/0	Intranodal/nodal myofibroblastoma	NULL
8825/0	Myofibroblastoma	1
8825/0	Myofibroblastoma, mammary-type	NULL
8825/0	Myofibroblastoma, superficial	NULL
8825/0	Nodal myofibroblastoma	NULL
8825/0	Palisaded myofibroblastoma	NULL
8825/0	Superficial myofibroblastoma	NULL
8825/1	Epithelioid inflammatory myofibroblastic sarcoma	NULL
8825/1	Epithelioid inflammatory myofibroblastic tumor	NULL
8825/1	Epithelioid myofibroblastic sarcoma	NULL
8825/1	Inflammatory myofibroblastic tumor	NULL
8825/1	Inflammatory pseudotumor	NULL
8825/1	Myofibroblastic tumor, NOS	1
8825/3	Low-grade myofibroblastic sarcoma	NULL
8825/3	Myofibroblastic sarcoma	1
8825/3	Myofibroblastic sarcoma, low-grade	NULL
8825/3	Myofibrosarcoma	NULL
8826/0	Angiomyofibroblastoma	1
8827/1	Congenital peribronchial myofibroblastic tumor	NULL
8827/1	Myofibroblastic tumor, peribronchial	1
8828/0	Cranial fasciitis	NULL
8828/0	Intravascular fasciitis	NULL
8828/0	Nodular fasciitis	1
8828/0	Proliferative fasciitis	NULL
8828/0	Proliferative myositis	NULL
8830/0	Aneurysmal fibrous histiocytoma	NULL
8830/0	Benign fibrous histiocytoma, NOS	1
8830/0	Cellular fibrous histiocytoma	NULL
8830/0	Epithelioid cell histiocytoma	NULL
8830/0	Epithelioid fibrous histiocytoma	NULL
8830/0	Fibrous histiocytoma, NOS	NULL
8830/0	Fibroxanthoma, NOS	NULL
8830/0	Non-ossifying fibroma	NULL
8830/0	Xanthofibroma	NULL
8830/1	Atypical fibrous histiocytoma	1
8830/1	Atypical fibroxanthoma	NULL
8830/3	Fibrous histiocytoma, malignant	NULL
8830/3	Fibroxanthoma, malignant	NULL
8830/3	Malignant fibrous histiocytoma	1
8830/3	Undifferentiated high grade pleomorphic sarcoma of bone	NULL
8831/0	Deep benign fibrous histiocytoma	NULL
8831/0	Deep fibrous histiocytoma	NULL
8831/0	Deep histiocytoma	NULL
8831/0	Histiocytoma, NOS	1
8831/0	Juvenile histiocytoma	NULL
8831/0	Multicentric reticulohistiocytosis	NULL
8831/0	Multifocal reticulohistiocytosis	NULL
8831/0	Reticulohistiocytoma	NULL
8831/0	Reticulohistiocytosis, generalized cutaneous	NULL
8831/0	Reticulohistiocytosis, multicentric	NULL
8831/0	Reticulohistiocytosis, multifocal	NULL
8831/0	Reticulohistiocytosis, NOS	NULL
8831/0	Reticulohistiocytosis, single system/single focal	NULL
8831/0	Single system / single focal reticulohistiocytosis	NULL
8831/3	Reticulohistiocytosis with an associated hematological neoplasm	NULL
8832/0	Aneurysmal dermatofibroma	NULL
8832/0	Atypical dermatofibroma	NULL
8832/0	Cellular dermatofibroma	NULL
8832/0	Classic dermatofibroma	NULL
8832/0	Cutaneous histiocytoma, NOS	NULL
8832/0	Dermatofibroma (fibrous histiocytoma)	NULL
8832/0	Dermatofibroma lenticulare	NULL
8832/0	Dermatofibroma, aneurysmal	NULL
8832/0	Dermatofibroma, atypical	NULL
8832/0	Dermatofibroma, cellular	NULL
8832/0	Dermatofibroma, classic	NULL
8832/0	Dermatofibroma, NOS	1
8832/0	Pleomorphic fibroma	NULL
8832/0	Sclerosing hemangioma	NULL
8832/0	Sclerosing pneumocytoma	NULL
8832/0	Subepidermal nodular fibrosis	NULL
8832/1	Classic dermatofibrosarcoma protuberans	NULL
8832/1	Dermatofibrosarcoma protuberans with myoid differentiation	NULL
8832/1	Dermatofibrosarcoma protuberans, classic	NULL
8832/1	Dermatofibrosarcoma protuberans, NOS	1
8832/1	Dermatofibrosarcoma, NOS	NULL
8832/1	Myxoid dermatofibrosarcoma protuberans	NULL
8832/1	Plaque-like dermatofibrosarcoma protuberans	NULL
8832/3	Dermatofibrosarcoma protuberans with fibrosarcomatous transformation	NULL
8832/3	Dermatofibrosarcoma protuberans, fibrosarcomatous	1
8832/3	Dermatofibrosarcoma, sarcomatous	NULL
8833/1	Bednar tumor	NULL
8833/1	Pigmented dermatofibrosarcoma protuberans	1
8834/1	Giant cell fibroblastoma	1
8835/1	Plexiform fibrohistiocytic tumor	1
8836/1	Angiomatoid fibrous histiocytoma	1
8836/3	Angiomatoid malignant fibrous histiocytoma	NULL
8840/0	Cellular myxoma	NULL
8840/0	Intramuscular myxoma	NULL
8840/0	Intramuscular/juxta-articular myxoma	NULL
8840/0	Juxta-articular myxoma	NULL
8840/0	Myxoma, NOS	1
8840/0	Periarticular myxoma	NULL
8840/0	Sinonasal tract myxoma	NULL
8840/3	Low grade fibromyxoid sarcoma	NULL
8840/3	Myxosarcoma	1
8840/3	Sclerosing epithelioid fibrosarcoma	NULL
8841/0	Aggressive angiomyxoma	NULL
8841/0	Angiomyxoma, NOS	1
8841/0	Cutaneous myxoma (superficial angiomyxoma)	NULL
8841/0	Deep (aggressive) angiomyxoma	NULL
8841/0	Deep angiomyxoma	NULL
8841/0	Myxoma, cutaneous	NULL
8841/0	Superficial angiomyxoma	NULL
8842/0	Ossifying fibromyxoid tumor, NOS	1
8842/3	Ossifying fibromyxoid tumor, malignant	1
8842/3	Primary pulmonary myxoid sarcoma	NULL
8842/3	Pulmonary myxoid sarcoma with EWSR1::CREB1 fusion	NULL
8842/3	Pulmonary myxoid sarcoma with EWSR1::CREB1 translocation	NULL
8842/3	Pulmonary myxoid sarcoma with EWSR1-CREB1 fusion	NULL
8842/3	Pulmonary myxoid sarcoma with EWSR1-CREB1 translocation	NULL
8850/0	Lipoadenoma, oncocytic	NULL
8850/0	Lipoma, NOS	1
8850/0	Lipomatous hypertrophy of atrial septum	NULL
8850/0	Oncocytic lipoadenoma	NULL
8850/0	Sialolipoma	NULL
8850/0	Thymolipoma	NULL
8850/1	Atypical lipoma	NULL
8850/1	Atypical lipomatous tumor	1
8850/1	Liposarcoma, well-differentiated, superficial	NULL
8850/3	Fibroliposarcoma	NULL
8850/3	Liposarcoma, NOS	1
8851/0	Fibrolipoma	1
8851/1	Lipofibromatosis	1
8851/3	Inflammatory liposarcoma	NULL
8851/3	Lipoma-like liposarcoma	NULL
8851/3	Liposarcoma, differentiated	NULL
8851/3	Liposarcoma, well differentiated, NOS	1
8851/3	Sclerosing liposarcoma	NULL
8851/3	Well-differentiated liposarcoma	NULL
8852/0	Fibromyxolipoma	1
8852/0	Myxolipoma	NULL
8852/3	Myxoid liposarcoma	1
8852/3	Myxoliposarcoma	NULL
8852/3	Round cell liposarcoma	NULL
8853/3	Round cell liposarcoma	1
8854/0	Pleomorphic lipoma	1
8854/3	Epithelioid liposarcoma	NULL
8854/3	Epithelioid pleomorphic liposarcoma	NULL
8854/3	Pleomorphic liposarcoma	1
8854/3	Pleomorphic liposarcoma, epithelioid	NULL
8855/3	Mixed liposarcoma	1
8856/0	Angiolipoma, infiltrating	NULL
8856/0	Infiltrating angiolipoma	NULL
8856/0	Infiltrating lipoma	NULL
8856/0	Intramuscular lipoma	1
8857/0	Atypical spindle cell / pleomorphic lipomatous tumor	NULL
8857/0	Atypical spindle cell lipoma	NULL
8857/0	Pleomorphic lipoma	NULL
8857/0	Spindle cell / pleomorphic lipoma	NULL
8857/0	Spindle cell lipoma	1
8857/3	Fibroblastic liposarcoma	1
8858/3	Dedifferentiated liposarcoma	1
8859/3	Myxoid pleomorphic liposarcoma	NULL
8859/3	Pleomorphic myxoid liposarcoma	NULL
8860/0	Angiomyolipoma	1
8860/0	Angiomyolipoma with epithelial cysts	NULL
8860/0	Angiomyolipoma, inflammatory subtype	NULL
8860/0	Angiomyolipoma, oncocytic	NULL
8860/0	Inflammatory subtype of angiomyolipoma	NULL
8860/0	Oncocytic angiomyolipoma	NULL
8860/0	PEComa of kidney	NULL
8860/0	Sclerosing PEComa	NULL
8860/0	Sclerosing PEComa/angiomyolipoma	NULL
8860/1	Angiomyolipoma, epithelioid	1
8860/1	Angiomyolipoma, monotypic epithelioid	NULL
8860/1	Epithelioid angiomyolipoma	NULL
8860/1	Epithelioid PEComa of kidney	NULL
8860/3	Angiomyolipoma, epithelioid, malignant	NULL
8861/0	Angiolipoma, cellular	NULL
8861/0	Angiolipoma, NOS	1
8861/0	Cellular angiolipoma	NULL
8862/0	Chondroid lipoma	1
8862/0	Chondrolipoma	NULL
8862/0	Osteolipoma	NULL
8870/0	Adrenal myelolipoma	NULL
8870/0	Myelolipoma	1
8880/0	Brown fat tumor	NULL
8880/0	Fetal fat cell lipoma	NULL
8880/0	Hibernoma	1
8881/0	Diffuse (lipoblastomatosis)	NULL
8881/0	Fetal lipoma, NOS	NULL
8881/0	Fetal lipomatosis	NULL
8881/0	Lipoblastoma	NULL
8881/0	Lipoblastoma-like tumor	NULL
8881/0	Lipoblastoma-like tumor of the vulva	NULL
8881/0	Lipoblastomatosis	1
8881/0	Localized (lipoblastoma)	NULL
8890/0	Cotyledonoid leiomyoma	NULL
8890/0	Cotyledonoid/dissecting leiomyoma	NULL
8890/0	Cutaneous (pilar) leiomyoma	NULL
8890/0	Cutaneous leiomyomas	NULL
8890/0	Dissecting leiomyoma	NULL
8890/0	Fibroid uterus	NULL
8890/0	Fibromyoma	NULL
8890/0	Fumarate hydratase-deficient leiomyoma	NULL
8890/0	Leiomyofibroma	NULL
8890/0	Leiomyoma of the breast parenchyma	NULL
8890/0	Leiomyoma of the nipple/areola (muscularis mamillae and areolae)	NULL
8890/0	Leiomyoma, apoplectic	NULL
8890/0	Leiomyoma, hydropic	NULL
8890/0	Leiomyoma, NOS	1
8890/0	Lipoleiomyoma	NULL
8890/0	Lipomatous leiomyoma	NULL
8890/0	Mesectodermal leiomyoma	NULL
8890/0	Mesoectodermal leiomyoma	NULL
8890/0	Mitotically active leiomyoma	NULL
8890/0	Myolipoma	NULL
8890/0	Piloleiomyoma	NULL
8890/0	Plexiform leiomyoma	NULL
8890/0	Seedling leiomyomas	NULL
8890/1	Diffuse leiomyomatosis	NULL
8890/1	Disseminated peritoneal leiomyomatosis	NULL
8890/1	Intravascular leiomyomatosis	NULL
8890/1	Intravenous leiomyomatosis	NULL
8890/1	Leiomyomatosis peritonealis disseminata	NULL
8890/1	Leiomyomatosis, diffuse	NULL
8890/1	Leiomyomatosis, NOS	1
8890/3	Deep leiomyosarcoma	NULL
8890/3	Inflammatory leiomyosarcoma	NULL
8890/3	Leiomyosarcoma, inflammatory	NULL
8890/3	Leiomyosarcoma, NOS	1
8890/3	Spindle leiomyosarcoma	NULL
8890/3	Superficial leiomyosarcoma	NULL
8891/0	Epithelioid leiomyoma	1
8891/0	Leiomyoblastoma	NULL
8891/1	Epithelioid smooth muscle tumor of uncertain malignant potential	NULL
8891/1	Smooth muscle tumor of uncertain malignant potential, epithelioid	NULL
8891/3	Epithelioid leiomyosarcoma	1
8892/0	Cellular leiomyoma	1
8893/0	Atypical leiomyoma	NULL
8893/0	Bizarre leiomyoma	1
8893/0	Leiomyoma with bizarre nuclei	NULL
8893/0	Pleomorphic leiomyoma	NULL
8893/0	Symplastic leiomyoma	NULL
8894/0	Angioleiomyoma	1
8894/0	Angioleiomyoma, cavernous	NULL
8894/0	Angioleiomyoma, solid	NULL
8894/0	Angioleiomyoma, venous	NULL
8894/0	Angiomyoma	NULL
8894/0	Cavernous angioleiomyoma	NULL
8894/0	Solid angioleiomyoma	NULL
8894/0	Vascular leiomyoma	NULL
8894/0	Venous angioleiomyoma	NULL
8894/3	Angiomyosarcoma	1
8895/0	Myoma	1
8895/3	Myosarcoma	1
8896/0	Myxoid leiomyoma	1
8896/1	Myxoid smooth muscle tumor of uncertain malignant potential	NULL
8896/1	Smooth muscle tumor of uncertain malignant potential, myxoid	NULL
8896/3	Myxoid leiomyosarcoma	1
8897/1	Atypical intradermal smooth muscle neoplasm	NULL
8897/1	EBV-associated smooth muscle tumor	NULL
8897/1	Leiomyosarcoma, cutaneous	NULL
8897/1	Piloleiomyosarcoma	NULL
8897/1	Smooth muscle tumor of uncertain malignant potential	1
8897/1	Smooth muscle tumor, atypical	NULL
8897/1	Smooth muscle tumor, NOS	NULL
8897/1	Spindle smooth muscle tumor of uncertain malignant potential	NULL
8898/1	Metastasizing leiomyoma	1
8900/0	Cardiac rhabdomyoma	NULL
8900/0	Rhabdomyoma, extracardiac	NULL
8900/0	Rhabdomyoma, NOS	1
8900/3	Rhabdomyosarcoma with TFCP2 rearrangement	NULL
8900/3	Rhabdomyosarcoma, NOS	1
8900/3	Rhabdosarcoma	NULL
8900/3	Rhabdosarcoma with TFCP2 rearrangement	NULL
8901/3	Pleomorphic rhabdomyosarcoma, adult type	1
8901/3	Pleomorphic rhabdomyosarcoma, NOS	NULL
8901/3	Rhabdomyosarcoma, pleomorphic-type	NULL
8902/3	Mixed embryonal rhabdomyosarcoma and alveolar rhabdomyosarcoma	NULL
8902/3	Mixed type rhabdomyosarcoma	NULL
8903/0	Fetal rhabdomyoma	1
8903/0	Fetal-type rhabdomyoma	NULL
8904/0	Adult cellular rhabdomyoma	1
8904/0	Adult rhabdomyoma	NULL
8904/0	Adult-type rhabdomyoma	NULL
8904/0	Glycogenic rhabdomyoma	NULL
8905/0	Genital rhabdomyoma	1
8910/3	Anaplastic embryonal rhabdomyosarcoma	NULL
8910/3	Botryoid rhabdomyosarcoma	NULL
8910/3	Botryoid sarcoma	NULL
8910/3	Embryonal rhabdomyosarcoma, anaplastic	NULL
8910/3	Embryonal rhabdomyosarcoma, NOS	1
8910/3	Embryonal rhabdomyosarcoma, pleomorphic	NULL
8910/3	Rhabdomyosarcoma, embryonal type	NULL
8910/3	Rhabdopoietic sarcoma	NULL
8910/3	Sarcoma botryoides	NULL
8912/3	Congenital spindle cell rhabdomyosarcoma with VGLL2/NCOA2/CITED2 rearrangements	NULL
8912/3	Intraosseous spindle cell rhabdomyosarcoma (with TFCP2/NCOA2 rearrangements)	NULL
8912/3	Intraosseous spindle cell rhabdomyosarcoma with TFCP2/NCOA2 rearrangements	NULL
8912/3	MYOD1-mutant spindle cell/sclerosing rhabdomyosarcoma	NULL
8912/3	Rhabdomyosarcoma, spindle cell/sclerosing type	NULL
8912/3	Sclerosing rhabdomyosarcoma	NULL
8912/3	Spindle cell / sclerosing rhabdomyosarcoma	NULL
8912/3	Spindle cell rhabdomyosarcoma	1
8920/3	Alveolar rhabdomyosarcoma	1
8920/3	Monomorphous round cell rhabdomyosarcoma	NULL
8921/3	Ectomesenchymoma	1
8921/3	Rhabdomyosarcoma with ganglionic differentiation	NULL
8930/0	Benign endometrial stromal tumor	NULL
8930/0	Endometrial stromal nodule	1
8930/3	Endometrial sarcoma, NOS	NULL
8930/3	Endometrial stromal sarcoma, high grade	NULL
8930/3	Endometrial stromal sarcoma, NOS	1
8930/3	Endometrioid stromal sarcoma, high-grade	NULL
8930/3	High-grade endometrial stromal sarcoma	NULL
8930/3	High-grade endometrioid stromal sarcoma	NULL
8931/3	Endolymphatic stromal myosis	NULL
8931/3	Endometrial stromal sarcoma, low grade	1
8931/3	Endometrial stromatosis	NULL
8931/3	Endometrioid stromal sarcoma, low-grade	NULL
8931/3	Low-grade endometrial stromal sarcoma	NULL
8931/3	Low-grade endometrioid stromal sarcoma	NULL
8931/3	Stromal endometriosis	NULL
8931/3	Stromal myosis, NOS	NULL
8932/0	Adenomyoma, endocervical-type	NULL
8932/0	Adenomyoma, mesonephric-type	NULL
8932/0	Adenomyoma, NOS	1
8932/0	Adenomyomatous polyp	NULL
8932/0	Atypical polypoid adenomyofibroma	NULL
8932/0	Atypical polypoid adenomyoma	NULL
8932/0	Bartholin gland adenomyoma	NULL
8932/0	Endocervical-type adenomyoma	NULL
8932/0	Endometrioid-type adenomyoma	NULL
8932/0	Mesonephric-type adenomyoma	NULL
8932/0	Polypoid adenomyoma	NULL
8933/3	Adenosarcoma	1
8933/3	Adenosarcoma with stromal overgrowth	NULL
8933/3	Adenosarcoma, mesodermal	NULL
8933/3	Adenosarcoma, Müllerian	NULL
8933/3	Mullerian adenosarcoma	NULL
8934/3	Carcinofibroma	1
8935/0	Stromal tumor, benign	1
8935/1	Metanephric stromal tumor	NULL
8935/1	Stromal tumor of uncertain malignant potential	NULL
8935/1	Stromal tumor, NOS	1
8935/3	Stromal sarcoma, NOS	1
8936/3	Extragastrointestinal stromal tumor	NULL
8936/3	GANT	NULL
8936/3	Gastrointestinal autonomic nerve tumor	NULL
8936/3	Gastrointestinal pacemaker cell tumor	NULL
8936/3	Gastrointestinal stromal sarcoma	NULL
8936/3	Gastrointestinal stromal tumor	1
8936/3	GIST	NULL
8936/3	Succinate dehydrogenase–deficient gastrointestinal stromal tumor	NULL
8940/0	Chondroid syringoma, NOS	NULL
8940/0	Mixed tumor of vagina	NULL
8940/0	Mixed tumor, apocrine	NULL
8940/0	Mixed tumor, eccrine	NULL
8940/0	Mixed tumor, NOS	NULL
8940/0	Mixed tumor, salivary gland type, NOS	NULL
8940/0	Oncocytic pleomorphic adenoma	NULL
8940/0	Pleomorphic adenoma	1
8940/3	Malignant chondroid syringoma	NULL
8940/3	Malignant mixed tumor	NULL
8940/3	Malignant mixed tumor, salivary gland type	NULL
8940/3	Metastasizing pleomorphic adenoma	NULL
8940/3	Mixed tumor, malignant, NOS	1
8940/3	Mixed tumor, salivary gland type, malignant	NULL
8941/3	Adenocarcinoma ex pleomorphic adenoma	NULL
8941/3	Basal cell carcinoma ex pleomorphic adenoma	NULL
8941/3	Carcinoma ex benign mixed tumor.	NULL
8941/3	Carcinoma ex pleomorphic adenoma	1
8941/3	Carcinoma in pleomorphic adenoma	NULL
8941/3	Carcinosarcoma ex pleomorphic adenoma	NULL
8941/3	Epithelial-myoepithelial carcinoma ex pleomorphic adenoma	NULL
8941/3	Mucoepidermoid carcinoma ex pleomorphic adenoma	NULL
8941/3	Myoepithelial carcinoma ex pleomorphic adenoma	NULL
8941/3	Salivary duct carcinoma ex pleomorphic adenoma	NULL
8950/3	Mullerian mixed tumor	1
8951/3	Mesodermal mixed tumor	1
8959/0	Adult cystic nephroma	NULL
8959/0	Benign cystic nephroma	1
8959/0	Mixed epithelial and stromal tumor	NULL
8959/0	pediatric cystic nephroma	NULL
8959/0	Renal epithelial and stromal tumor	NULL
8959/1	Cystic partially differentiated nephroblastoma	1
8959/3	Malignant cystic nephroma	1
8959/3	Malignant multilocular cystic nephroma	NULL
8960/1	Cellular congenital mesoblastic nephroma	NULL
8960/1	Cellular mesoblastic nephroma	NULL
8960/1	Classic congenital mesoblastic nephroma	NULL
8960/1	Classic mesoblastic nephroma	NULL
8960/1	Congenital mesoblastic nephroma	NULL
8960/1	Congenital mesoblastic nephroma, classic	NULL
8960/1	Congenital mesoblastic nephroma, mixed	NULL
8960/1	Mesoblastic nephroma	1
8960/1	Mesoblastic nephroma, classic	NULL
8960/1	Mesoblastic nephroma, mixed	NULL
8960/1	Mixed congenital mesoblastic nephroma	NULL
8960/1	Mixed mesoblastic nephroma	NULL
8960/3	Nephroblastoma, NOS	1
8960/3	Nephroma, NOS	NULL
8960/3	Wilms tumor	NULL
8963/3	Atypical teratoid/rhabdoid tumor of kidney	NULL
8963/3	Extrarenal rhabdoid tumor	NULL
8963/3	Malignant rhabdoid tumor	NULL
8963/3	Malignant rhabdoid tumor of the kidney	NULL
8963/3	Rhabdoid sarcoma	NULL
8963/3	Rhabdoid tumor of soft tissue	NULL
8963/3	Rhabdoid tumor, NOS	1
8964/3	Clear cell sarcoma of kidney	1
8966/0	Medullary fibroma	NULL
8966/0	Renomedullary fibroma	NULL
8966/0	Renomedullary interstitial cell tumor	1
8967/0	Ossifying renal tumor	1
8967/0	Ossifying renal tumor of infancy	NULL
8970/3	Cholangioblastic hepatoblastoma	NULL
8970/3	Embryonal hepatoblastoma	NULL
8970/3	Embryonal hepatoma	NULL
8970/3	Epithelial macrotrabecular pattern of hepatoblastoma	NULL
8970/3	Epithelial mixed hepatoblastoma	NULL
8970/3	Fetal hepatoblastoma, mitotically active (crowded fetal hepatoblastoma)	NULL
8970/3	Hepatoblastoma, epithelioid	NULL
8970/3	Hepatoblastoma, mixed epithelial-mesenchymal	NULL
8970/3	Hepatoblastoma, NOS	1
8970/3	Mixed epithelial and mesenchymal hepatoblastoma with teratoid features	NULL
8970/3	Mixed epithelial and mesenchymal hepatoblastoma without teratoid features	NULL
8970/3	Pleomorphic hepatoblastoma, poorly differentiated	NULL
8970/3	Pure fetal hepatoblastoma with low mitotic activity (well-differentiated fetal hepatoblastoma)	NULL
8970/3	Small cell undifferentiated hepatoblastoma, SMARCB1 (INI1) lost (negative)	NULL
8970/3	Small cell undifferentiated hepatoblastoma, SMARCB1 (INI1) retained (positive)	NULL
8970/3	Thyroblastoma	NULL
8971/3	Pancreatoblastoma	1
8972/3	Pneumoblastoma	NULL
8972/3	Pulmonary blastoma	1
8973/3	Pleuropulmonary blastoma	1
8973/3	Pleuropulmonary blastoma, type I	NULL
8973/3	Pleuropulmonary blastoma, type II	NULL
8973/3	Pleuropulmonary blastoma, type III	NULL
8973/3	Pleuropulmonary blastoma, type Ir	NULL
8973/3	Pleuropulmonary blastoma, type Ir (type I regressed)	NULL
8974/1	Sialoblastoma	1
8975/1	Calcifying nested stromal-epithelial tumor	1
8975/1	Desmoplastic nested spindle cell tumor	NULL
8975/1	Nested stromal-epithelial tumor	NULL
8975/1	Ossifying malignant mixed epithelial and stromal tumor	NULL
8975/1	Ossifying stromal-epithelial tumor	NULL
8976/3	Gastroblastoma	NULL
8976/3	Gastroblastoma, malignant	NULL
8980/3	Carcinosarcoma of salivary gland	NULL
8980/3	Carcinosarcoma, NOS	1
8981/3	Carcinosarcoma, embryonal	1
8982/0	Ectomesenchymal chondromyxoid tumor	NULL
8982/0	Myoepithelial adenoma	NULL
8982/0	Myoepithelial tumor	NULL
8982/0	Myoepithelioma, NOS	1
8982/0	Syncytial myoepithelioma	NULL
8982/3	Malignant myoepithelioma	NULL
8982/3	Myoepithelial carcinoma	1
8982/3	Myoepithelioma, infiltrating	NULL
8983/0	Adenomyoepithelioma, benign	NULL
8983/0	Adenomyoepithelioma, NOS	1
8983/3	Adenomyoepithelioma with carcinoma	1
8983/3	Malignant adenomyoepithelioma	NULL
8990/0	Mesenchymoma, benign	1
8990/0	Phosphaturic mesenchymal tumor	NULL
8990/0	Phosphaturic mesenchymal tumor, benign	NULL
8990/0	Phosphaturic mesenchymal tumor, mixed connective tissue type	NULL
8990/1	Dermal non-neural granular cell tumor	NULL
8990/1	Fibrocartilaginous mesenchymoma	NULL
8990/1	Mesenchymoma, fibrocartilaginous	NULL
8990/1	Mesenchymoma, NOS	1
8990/1	Mixed mesenchymal tumor	NULL
8990/1	Non-neural granular cell tumor	NULL
8990/1	Primitive non-neural granular cell tumor	NULL
8990/1	Primitive polypoid granular cell tumor	NULL
8990/3	Mesenchymoma, malignant	1
8990/3	Mixed mesenchymal sarcoma	NULL
8990/3	Phosphaturic mesenchymal tumor, malignant	NULL
8991/3	Embryonal sarcoma	1
8991/3	Embryonal sarcoma of the liver	NULL
8991/3	Embryonal sarcoma, undifferentiated	NULL
8991/3	Undifferentiated sarcoma of liver	NULL
8992/0	Fibrous hamartoma of infancy	NULL
8992/0	Pulmonary hamartoma	1
9000/0	Brenner tumor, NOS	1
9000/1	Borderline Brenner tumor	NULL
9000/1	Brenner tumor, atypical proliferative	NULL
9000/1	Brenner tumor, borderline malignancy	1
9000/1	Brenner tumor, proliferating	NULL
9000/3	Brenner tumor, malignant	1
9000/3	Malignant Brenner tumor	NULL
9010/0	Fibroadenoma, NOS	1
9010/0	Lipofibroadenoma	NULL
9011/0	Intracanalicular fibroadenoma	1
9012/0	Pericanalicular fibroadenoma	1
9013/0	Adenofibroma, NOS	1
9013/0	Biliary adenofibroma	NULL
9013/0	Cystadenofibroma, NOS	NULL
9013/0	Metanephric adenofibroma	NULL
9013/0	Nephrogenic adenofibroma	NULL
9013/0	Papillary adenofibroma	NULL
9014/0	Seromucinous adenofibroma	NULL
9014/0	Serous adenofibroma, NOS	1
9014/0	Serous cystadenofibroma, NOS	NULL
9014/1	Serous adenofibroma of borderline malignancy	1
9014/1	Serous cystadenofibroma of borderline malignancy	NULL
9014/3	Malignant serous adenofibroma	NULL
9014/3	Malignant serous cystadenofibroma	NULL
9014/3	Serous adenocarcinofibroma	1
9014/3	Serous cystadenocarcinofibroma	NULL
9015/0	Mucinous adenofibroma, NOS	1
9015/0	Mucinous cystadenofibroma, NOS	NULL
9015/1	Mucinous adenofibroma of borderline malignancy	1
9015/1	Mucinous cystadenofibroma of borderline malignancy	NULL
9015/3	Malignant mucinous adenofibroma	NULL
9015/3	Malignant mucinous cystadenofibroma	NULL
9015/3	Mucinous adenocarcinofibroma	1
9015/3	Mucinous cystadenocarcinofibroma	NULL
9016/0	Giant fibroadenoma	1
9020/0	Cystosarcoma phyllodes, benign	NULL
9020/0	Phyllodes tumor, benign	1
9020/1	Cystosarcoma phyllodes, NOS	NULL
9020/1	Periductal stromal tumor	NULL
9020/1	Periductal stromal tumor, low-grade	NULL
9020/1	Phyllodes tumor, borderline	1
9020/1	Phyllodes tumor, NOS	NULL
9020/3	Cystosarcoma phyllodes, malignant	NULL
9020/3	Periductal stromal tumor, low grade	NULL
9020/3	Phyllodes tumor, malignant	1
9030/0	Giant juvenile fibroadenoma	NULL
9030/0	Juvenile fibroadenoma	1
9040/0	Synovioma, benign	1
9040/3	Poorly differentiated synovial sarcoma	NULL
9040/3	Synovial sarcoma, NOS	1
9040/3	Synovial sarcoma, poorly differentiated	NULL
9040/3	Synovioma, malignant	NULL
9040/3	Synovioma, NOS	NULL
9041/3	Monophasic synovial sarcoma	NULL
9041/3	Synovial sarcoma, monophasic	NULL
9041/3	Synovial sarcoma, monophasic fibrous	NULL
9041/3	Synovial sarcoma, monophasic spindle cell	NULL
9041/3	Synovial sarcoma, spindle cell	1
9042/3	Synovial sarcoma, epithelioid cell	1
9043/3	Biphasic synovial sarcoma	NULL
9043/3	Synovial sarcoma, biphasic	1
9044/3	Clear cell sarcoma of soft tissue	NULL
9044/3	Clear cell sarcoma of tendons and aponeuroses	NULL
9044/3	Clear cell sarcoma, NOS	1
9044/3	CRTC1::TRIM11 cutaneous tumor	NULL
9044/3	Dermal clear cell sarcoma	NULL
9044/3	Gastrointestinal clear cell sarcoma / malignant gastrointestinal neuroectodermal tumor	NULL
9044/3	Malignant gastrointestinal neuroectodermal tumor	NULL
9044/3	Malignant melanoma of soft parts	NULL
9044/3	Melanoma of soft parts	NULL
9045/3	Biphenotypic sinonasal sarcoma	1
9050/0	Mesothelioma, benign	1
9050/2	Mesothelioma in situ	NULL
9050/3	Diffuse mesothelioma, NOS	NULL
9050/3	Diffuse pleural mesothelioma	NULL
9050/3	Localized mesothelioma	NULL
9050/3	Localized pleural mesothelioma	NULL
9050/3	Mesothelioma, diffuse	NULL
9050/3	Mesothelioma, malignant	1
9050/3	Mesothelioma, NOS	NULL
9051/0	Fibrous mesothelioma, benign	1
9051/3	Desmoplastic mesothelioma	NULL
9051/3	Fibrous mesothelioma, malignant	1
9051/3	Fibrous mesothelioma, NOS	NULL
9051/3	Sarcomatoid mesothelioma	NULL
9051/3	Spindled mesothelioma	NULL
9052/0	Epithelioid mesothelioma, benign	1
9052/0	Mesothelial papilloma	NULL
9052/0	Well-differentiated papillary mesothelial tumor	NULL
9052/0	Well-differentiated papillary mesothelioma, NOS	NULL
9052/1	Well-differentiated papillary mesothelial tumor of pleura	NULL
9052/1	Well-differentiated papillary mesothelioma of pleura	NULL
9052/3	Epithelioid mesothelioma, malignant	1
9052/3	Epithelioid mesothelioma, NOS	NULL
9053/3	Biphasic mesothelioma	NULL
9053/3	Mesothelioma, biphasic, malignant	1
9053/3	Mesothelioma, biphasic, NOS	NULL
9054/0	Adenomatoid tumor, NOS	1
9055/0	Cystic mesothelioma	NULL
9055/0	Multicystic mesothelioma	NULL
9055/0	Multilocular peritoneal inclusion cysts	NULL
9055/0	Peritoneal inclusion cysts	1
9060/3	Dysgerminoma	1
9060/3	Dysgerminoma with syncytiotrophoblast cells	NULL
9060/3	Germinoma of ovary	NULL
9061/2	Intratubular seminoma	NULL
9061/2	Intratubular trophoblast	NULL
9061/3	Germinoma of testis	NULL
9061/3	Seminoma with syncytiotrophoblast cells	NULL
9061/3	Seminoma with syncytiotrophoblastic cells	NULL
9061/3	Seminoma, NOS	1
9062/3	Seminoma with high mitotic index	NULL
9062/3	Seminoma, anaplastic	1
9063/3	Spermatocytic seminoma	1
9063/3	Spermatocytic tumor	NULL
9063/3	Spermatocytic tumor with sarcomatous differentiation	NULL
9063/3	Spermatocytoma	NULL
9064/2	Germ cell neoplasia in situ	NULL
9064/2	Intratubular germ cell neoplasia	NULL
9064/2	Intratubular germ cell neoplasia (male gonadal)	NULL
9064/2	Intratubular malignant germ cells	1
9064/2	Specific forms of intratubular germ cell neoplasia	NULL
9064/3	Germ cell tumor, NOS	NULL
9064/3	Germinoma	1
9064/3	Germinoma with syncytiotrophoblast cells	NULL
9065/3	Germ cell tumor, nonseminomatous	1
9070/2	Intratubular embryonal carcinoma	NULL
9070/3	Embryonal adenocarcinoma	NULL
9070/3	Embryonal carcinoma, NOS	1
9071/2	Intratubular yolk-sac tumor	NULL
9071/3	Embryonal carcinoma, infantile	NULL
9071/3	Endodermal sinus tumor	NULL
9071/3	Hepatoid yolk sac tumor	NULL
9071/3	Orchioblastoma	NULL
9071/3	Polyvesicular vitelline tumor	NULL
9071/3	Postpubertal (type II) yolk sac tumor	NULL
9071/3	Prepubertal (type I) yolk sac tumor	NULL
9071/3	Yolk sac tumor, NOS	1
9071/3	Yolk sac tumor, postpubertal (type II)	NULL
9071/3	Yolk sac tumor, postpubertal-type	NULL
9071/3	Yolk sac tumor, prepubertal (type I)	NULL
9071/3	Yolk sac tumor, pre-pubertal type	NULL
9071/3	Yolk sac tumor, prepubertal-type	NULL
9072/3	Embryonal carcinoma, polyembryonal type	NULL
9072/3	Polyembryoma	1
9073/1	Dissecting gonadoblastoma	NULL
9073/1	Gonadoblastoma	1
9073/1	Gonocytoma	NULL
9073/1	Undifferentiated gonadal tissue	NULL
9080/0	Adult cystic teratoma	NULL
9080/0	Adult teratoma, NOS	NULL
9080/0	Cystic teratoma, NOS	NULL
9080/0	Mature cystic teratoma	NULL
9080/0	Mature teratoma, NOS	NULL
9080/0	Monodermal cystic teratoma	NULL
9080/0	Teratoma, benign	1
9080/0	Teratoma, differentiated	NULL
9080/1	Germ cell tumor, burnt-out	NULL
9080/1	Germ cell tumor, regressed	NULL
9080/1	Immature teratoma of lung	NULL
9080/1	Immature teratoma of mediastinum	NULL
9080/1	Immature teratoma of orbit/eye	NULL
9080/1	Immature teratoma of thymus	NULL
9080/1	Immature teratoma of thyroid	NULL
9080/1	Regressed germ cell tumors	NULL
9080/1	Solid teratoma	NULL
9080/1	Teratoma, NOS	1
9080/2	Intratubular teratoma	NULL
9080/3	Embryonal teratoma	NULL
9080/3	Immature teratoma, malignant	NULL
9080/3	Immature teratoma, NOS	NULL
9080/3	Postpubertal-type teratoma	NULL
9080/3	Teratoblastoma, malignant	NULL
9080/3	Teratoma, malignant, NOS	1
9080/3	Teratoma, postpubertal-type	NULL
9081/3	Mixed embryonal carcinoma and teratoma	NULL
9081/3	Teratocarcinoma	1
9081/3	Teratocarcinosarcoma	NULL
9082/3	Malignant teratoma, anaplastic	NULL
9082/3	Malignant teratoma, undifferentiated	1
9083/3	Malignant teratoma, intermediate	1
9084/0	Benign postpubertal testicular teratoma	NULL
9084/0	Dermoid cyst, NOS	1
9084/0	Dermoid, NOS	NULL
9084/0	Epidermoid cyst	NULL
9084/0	Prepubertal-type teratoma	NULL
9084/0	Prepubertal-type testicular teratoma	NULL
9084/0	Teratoma, mature, prepubertal-type	NULL
9084/0	Teratoma, prepubertal-type	NULL
9084/0	Type I germ cell tumor of testis	NULL
9084/3	Dermoid cyst with malignant transformation	NULL
9084/3	Dermoid cyst with secondary tumor	NULL
9084/3	Germ cell tumor with somatic-type solid malignancy	NULL
9084/3	Immature teratoma with somatic type malignancy	NULL
9084/3	Mature teratoma with somatic type malignancy	NULL
9084/3	Neuroectodermal-type tumors	NULL
9084/3	Somatic neoplasm arising from teratoma	NULL
9084/3	Somatic neoplasms arising from teratomas	NULL
9084/3	Somatic-type tumor derived from teratoma	NULL
9084/3	Teratoma with carcinoid (neuroendocrine tumor)	NULL
9084/3	Teratoma with malignant transformation	1
9084/3	Teratoma with secondary malignant component	NULL
9084/3	Teratoma with somatic-type malignancy	NULL
9084/3	Testicular neuroendocrine tumor, prepubertal-type	NULL
9084/3	Well-differentiated neuroendocrine tumor (monodermal teratoma)	NULL
9085/3	Diffuse embryoma	NULL
9085/3	Malignant mixed germ cell tumors	NULL
9085/3	Mixed germ cell tumor	1
9085/3	Mixed germ cell tumor consisting of germinoma or teratoma with a small portion of malignant element	NULL
9085/3	Mixed germ cell tumors	NULL
9085/3	Mixed germinoma and teratoma	NULL
9085/3	Mixed teratoma and seminoma	NULL
9085/3	Mixed teratoma and yolk sac tumor, prepubertal-type	NULL
9085/3	Mixed teratoma and yolk-sac tumor	NULL
9085/3	Mixed teratoma–yolk sac tumor	NULL
9085/3	Mixed teratoma-yolk sac tumor, prepubertal-type	NULL
9085/3	Mixed tumor consisting mainly of choriocarcinoma, embryonal carcinoma, or yolk sac tumor	NULL
9086/3	Germ cell tumor with associated hematological malignancy	1
9090/0	Struma ovarii, NOS	1
9090/3	Proliferative struma ovarii	NULL
9090/3	Struma ovarii, malignant	1
9090/3	Thyroid carcinoma arising in struma ovarii	NULL
9091/1	Ovarian carcinoid	NULL
9091/1	Ovarian neuroendocrine tumor	NULL
9091/1	Struma ovarii and carcinoid	NULL
9091/1	Strumal carcinoid	1
9091/1	Teratoma with carcinoid (neuroendocrine tumor) of ovary	NULL
9091/1	Well-differentiated neuroendocrine tumor (monodermal teratoma) of ovary	NULL
9100/0	Complete hydatidiform mole	NULL
9100/0	Complete molar pregnancy	NULL
9100/0	Complete mole	NULL
9100/0	Hydatid mole	NULL
9100/0	Hydatidiform mole, NOS	1
9100/1	Chorioadenoma destruens	NULL
9100/1	Chorioadenoma, NOS	NULL
9100/1	Invasive hydatidiform mole	1
9100/1	Invasive mole, NOS	NULL
9100/1	Malignant hydatidiform mole	NULL
9100/3	Choriocarcinoma (non-gestational)	NULL
9100/3	Choriocarcinoma, NOS	1
9100/3	Chorioepithelioma	NULL
9100/3	Chorionepithelioma	NULL
9100/3	Gestational choriocarcinoma	NULL
9100/3	Non-gestational choriocarcinoma	NULL
9101/3	Choriocarcinoma combined with embryonal carcinoma	NULL
9101/3	Choriocarcinoma combined with other germ cell elements	1
9101/3	Choriocarcinoma combined with teratoma	NULL
9101/3	Mixed trophoblastic tumor	NULL
9102/3	Malignant teratoma, trophoblastic	1
9103/0	Partial hydatidiform mole	1
9103/0	Partial molar pregnancy	NULL
9103/0	Partial mole	NULL
9104/1	Placental site trophoblastic tumor	1
9104/3	Placental site trophoblastic tumor of testis	NULL
9104/3	Placental site trophoblastic tumor, malignant	NULL
9105/3	Cystic trophoblastic tumor	NULL
9105/3	Epithelioid trophoblastic tumor	NULL
9105/3	Trophoblastic tumor, epithelioid	1
9110/0	Adenoma of rete ovarii	1
9110/0	Cystadenoma of rete ovarii	NULL
9110/0	Mesonephric adenoma	NULL
9110/0	Mesonephroma, benign	NULL
9110/0	Wolffian duct adenoma	NULL
9110/1	Female adnexal tumor of probable Wolffian origin	NULL
9110/1	Mesonephric tumor	NULL
9110/1	Wolffian adenoma, NOS	NULL
9110/1	Wolffian adenoma, retiform	NULL
9110/1	Wolffian adnexal tumor	NULL
9110/1	Wolffian duct tumor	NULL
9110/1	Wolffian tumor	1
9110/3	Adenocarcinoma of rete ovarii	NULL
9110/3	Adenocarcinoma, HPV-independent, mesonephric type	NULL
9110/3	Mesonephric adenocarcinoma	NULL
9110/3	Mesonephroma, malignant	1
9110/3	Mesonephroma, NOS	NULL
9110/3	Wolffian duct carcinoma	NULL
9111/3	Mesonephric-like adenocarcinoma	NULL
9111/3	Mesonephric-like carcinoma	NULL
9120/0	Acquired elastotic hemangioma	NULL
9120/0	Anastomising hemangioma	NULL
9120/0	Anastomosing hemangioma	NULL
9120/0	Angiodysplasia	NULL
9120/0	Angioma, NOS	NULL
9120/0	Angiomatosis	NULL
9120/0	Cherry hemangioma	NULL
9120/0	Chorioangioma	NULL
9120/0	Cystic angiomatosis	NULL
9120/0	Dieulafoy lesion	NULL
9120/0	Diffuse hepatic hemangiomatosis	NULL
9120/0	Gastric antral vascular ectasia (GAVE)	NULL
9120/0	Glomeruloid hemangioma	NULL
9120/0	Gorham-Stout syndrome	NULL
9120/0	Hemangioma of bone	NULL
9120/0	Hemangioma, anastomosing	NULL
9120/0	Hemangioma, NOS	1
9120/0	Hepatic small vessel neoplasm	NULL
9120/0	Hobnail hemangioma	NULL
9120/0	Littoral cell angioma	NULL
9120/0	Massive osteolysis	NULL
9120/0	Microvenular hemangioma	NULL
9120/0	Papillary hemangioma	NULL
9120/0	Perilobular hemangioma	NULL
9120/0	Poikilodermatous plaque-like hemangioma	NULL
9120/0	Sinusoidal hemangioma	NULL
9120/0	Sinusoidal venous malformation	NULL
9120/0	Spindle cell hemangioma	NULL
9120/0	Synovial hemangioma	NULL
9120/3	Angiosarcoma	NULL
9120/3	Angiosarcoma, lymphedema-associated	NULL
9120/3	Angiosarcoma, primary	NULL
9120/3	Angiosarcoma, secondary	NULL
9120/3	Cutaneous angiosarcoma	NULL
9120/3	Epithelioid angiosarcoma	NULL
9120/3	Hemangiosarcoma	1
9120/3	Hepatic angiosarcoma	NULL
9120/3	Lymphoedema-associated angiosarcoma	NULL
9120/3	Post radiation angiosarcoma of the breast	NULL
9120/3	Postradiation angiosarcoma	NULL
9120/3	Postradiation hemangiosarcoma	NULL
9120/3	Postradiation lympangiosarcoma	NULL
9120/3	Primary angiosarcoma	NULL
9120/3	Primary cutaneous angiosarcoma	NULL
9121/0	Cavernoma	NULL
9121/0	Cavernous angioma	NULL
9121/0	Cavernous hemangioma	1
9121/0	Cavernous malformation	NULL
9121/0	Cavernous vascular malformation	NULL
9122/0	Venous hemangioma	1
9122/0	Venous malformation	NULL
9123/0	Angiodysplasia	NULL
9123/0	Angiomatosis (involving multiple tissue planes)	NULL
9123/0	Arteriovenous hemangioma	NULL
9123/0	Arteriovenous malformation	NULL
9123/0	Arteriovenous malformation occurring in capillary malformation–arteriovenous malformation	NULL
9123/0	Arteriovenous malformation occurring in hereditary hemorrhagic telangiectasia	NULL
9123/0	Arteriovenous malformation occurring in Parkes Weber syndrome	NULL
9123/0	Arteriovenous malformation, cutaneous	NULL
9123/0	Arteriovenous malformation, deep-seated	NULL
9123/0	Arteriovenous malformation/hemangioma	NULL
9123/0	Cutaneous arteriovenous malformation	NULL
9123/0	Cutaneous AVM/H	NULL
9123/0	Deep-seated arteriovenous malformation	NULL
9123/0	Deep-seated AVM/H	NULL
9123/0	Racemose hemangioma	1
9123/0	Sporadic arteriovenous malformation	NULL
9124/3	Kupffer cell sarcoma	1
9125/0	Atypical epithelioid hemangioma	NULL
9125/0	Cellular epithelioid hemangioma	NULL
9125/0	Cutaneous epithelioid angiomatoid nodule	NULL
9125/0	Cutaneous epithelioid angiomatous nodule	NULL
9125/0	Epithelioid hemangioma	1
9125/0	Epithelioid hemangioma, atypical	NULL
9125/0	Epithelioid hemangioma, cellular	NULL
9125/0	Epithelioid hemangioma, intravascular	NULL
9125/0	Histiocytoid hemangioma	NULL
9125/0	Intravascular epithelioid hemangioma	NULL
9125/0	Sclerosing angiomatoid nodular transformation (SANT) of spleen	NULL
9126/0	Atypical vascular lesion	1
9126/0	Atypical vascular lesions	NULL
9126/0	Atypical vascular proliferation	NULL
9126/0	Lymphatic atypical vascular lesion, resembling lymphangioma	NULL
9126/0	Postradiation atypical vascular lesion	NULL
9126/0	Vascular atypical vascular lesion, resembling hemangioma or hobnail hemangioma	NULL
9130/0	Hemangioendothelioma, benign	1
9130/1	Angioendothelioma	NULL
9130/1	Hemangioendothelioma, NOS	1
9130/1	Kaposiform hemangioendothelioma	NULL
9130/3	Hemangioendothelial sarcoma	NULL
9130/3	Hemangioendothelioma, malignant	1
9131/0	Capillary hemangioma	1
9131/0	Congenital hemangioma	NULL
9131/0	Congenital hemangioma, non-involuting	NULL
9131/0	Congenital hemangioma, partially involuting	NULL
9131/0	Congenital hemangioma, rapidly involuting, NOS	NULL
9131/0	Diffuse infantile hemangioma	NULL
9131/0	Disseminated lobular capillary hemangioma	NULL
9131/0	Hemangioma simplex	NULL
9131/0	Hepatic congenital hemangioma	NULL
9131/0	Hepatic infantile hemangioendothelioma	NULL
9131/0	Hepatic infantile hemangioma	NULL
9131/0	Infantile hemangioma	NULL
9131/0	Intravascular lobular capillary hemangioma	NULL
9131/0	Juvenile hemangioma	NULL
9131/0	Lobular capillary hemangioma	NULL
9131/0	Lobular capillary hemangioma / pyogenic granuloma	NULL
9131/0	Multifocal infantile hemangioma	NULL
9131/0	Non-involuting congenital hemangioma	NULL
9131/0	Partially involuted congenital hemangioma	NULL
9131/0	Partially involuting congenital hemangioma	NULL
9131/0	Plexiform hemangioma	NULL
9131/0	Pyogenic granuloma	NULL
9131/0	Rapidly involuting congenital hemangioma	NULL
9131/0	Rapidly involuting congenital hemangioma with fetal involution	NULL
9131/0	Reticular infantile hemangioma	NULL
9131/0	Single infantile hemangioma	NULL
9131/0	Subcutaneous lobular capillary hemangioma	NULL
9132/0	Intramuscular angioma	NULL
9132/0	Intramuscular hemangioma	1
9133/3	Epithelioid hemangioendothelioma with WWTR1::CAMTA1 fusion	NULL
9133/3	Epithelioid hemangioendothelioma with WWTR1-CAMTA1 fusion	NULL
9133/3	Epithelioid hemangioendothelioma with YAP1::TFE3 fusion	NULL
9133/3	Epithelioid hemangioendothelioma with YAP1-TFE3 fusion	NULL
9133/3	Epithelioid hemangioendothelioma, malignant	NULL
9133/3	Epithelioid hemangioendothelioma, NOS	1
9133/3	Intravascular bronchial alveolar tumor	NULL
9133/3	Intravascular bronchioloalveolar tumor	NULL
9135/1	Dabska tumor	NULL
9135/1	Endovascular papillary angioendothelioma	NULL
9135/1	Papillary intralymphatic angioendothelioma	1
9136/1	Composite hemangioendothelioma	NULL
9136/1	Hobnail hemangioendothelioma	NULL
9136/1	Neuroendocrine composite hemangioendothelioma	NULL
9136/1	Retiform hemangioendothelioma	NULL
9136/1	Spindle cell angioendothelioma	NULL
9136/1	Spindle cell hemangioendothelioma	1
9137/0	Myointimoma	1
9137/3	Intimal sarcoma	1
9137/3	Pulmonary artery intimal sarcoma 	NULL
9138/1	Pseudomyogenic (epithelioid sarcoma-like) hemangioendothelioma	1
9138/1	Pseudomyogenic hemangioendothelioma	NULL
9140/3	AIDS-associated Kaposi sarcoma	NULL
9140/3	Classic indolent Kaposi sarcoma	NULL
9140/3	Endemic African Kaposi sarcoma	NULL
9140/3	Endemic Kaposi sarcoma	NULL
9140/3	Epidemic Kaposi sarcoma	NULL
9140/3	Iatrogenic Kaposi sarcoma	NULL
9140/3	Iatrogenic/transplantation-related Kaposi sarcoma	NULL
9140/3	Kaposi sarcoma	1
9140/3	Multiple hemorrhagic sarcoma	NULL
9140/3	Sporadic/immunodeficiency-related Kaposi sarcoma	NULL
9140/3	Transplantation-related Kaposi sarcoma	NULL
9141/0	Angiokeratoma	1
9141/0	Angiokeratoma corporis diffusum	NULL
9141/0	Angiokeratoma of Fordyce	NULL
9141/0	Angiokeratoma of Mibelli	NULL
9141/0	Angiokeratoma, solitary	NULL
9141/0	Solitary angiokeratoma	NULL
9142/0	Verrucous keratotic hemangioma	1
9142/0	Verrucous venous malformation	NULL
9150/3	GL1-altered soft tissue tumor	NULL
9150/3	GLI1-altered soft tissue tumor	NULL
9160/0	Angiofibroma of soft tissue	NULL
9160/0	Angiofibroma, nasopharyngeal	NULL
9160/0	Angiofibroma, NOS	1
9160/0	Angiofibroma, sinonasal	NULL
9160/0	Angiofibroma, sinonasal tract	NULL
9160/0	Cellular angiofibroma	NULL
9160/0	Fibrous papule	NULL
9160/0	Fibrous papule of nose	NULL
9160/0	Giant cell angiofibroma	NULL
9160/0	Involuting nevus	NULL
9160/0	Juvenile angiofibroma	NULL
9160/0	Multinucleate cell angiohistiocytoma	NULL
9160/0	Sinonasal angiofibroma	NULL
9160/0	Sinonasal tract angiofibroma	NULL
9161/0	Acquired tufted hemangioma	1
9161/0	Tufted angioma	NULL
9161/0	Tufted hemangioma	NULL
9161/1	Angioblastoma	NULL
9161/1	Clear cell (hemangioblastoma-like) stromal tumor of lung	NULL
9161/1	Hemangioblastoma	1
9170/0	Combined lymphatic-venous malformation	NULL
9170/0	Hemangiolymphangioma	NULL
9170/0	Lymphangioendothelioma, NOS	NULL
9170/0	Lymphangioma (superficial lymphatic malformation)	NULL
9170/0	Lymphangioma, macrocystic	NULL
9170/0	Lymphangioma, microcystic	NULL
9170/0	Lymphangioma, NOS	1
9170/0	Lymphatic malformation	NULL
9170/0	Mixed lymphangioma	NULL
9170/3	Diffuse lymphangiomatosis	NULL
9170/3	Diffuse pulmonary lymphangiomatosis	NULL
9170/3	Lymphangioendothelial sarcoma	NULL
9170/3	Lymphangioendothelioma, malignant	NULL
9170/3	Lymphangiomatosis, diffuse	NULL
9170/3	Lymphangiosarcoma	1
9171/0	Capillary lymphangioma	1
9172/0	Cavernous lymphangioma	1
9173/0	Cystic hygroma	NULL
9173/0	Cystic lymphangioma	1
9173/0	Hygroma, NOS	NULL
9173/0	Lymphangioma circumscriptum	NULL
9173/0	Macrocystic lymphangioma	NULL
9173/0	Microcystic lymphangioma	NULL
9174/0	Lymphangiomyoma	1
9174/3	Lymphangioleiomyomatosis	NULL
9174/3	Lymphangiomyomatosis	NULL
9175/0	Hemolymphangioma	1
9180/0	Central (endosteal) osteoma	NULL
9180/0	Exostosis (osteoma)	NULL
9180/0	Exostosis, NOS	NULL
9180/0	Fibro-osseous tumor of digits	NULL
9180/0	Osteoma, NOS	1
9180/0	Surface (periosteal) osteoma	NULL
9180/3	Osteoblastic sarcoma	NULL
9180/3	Osteochondrosarcoma	NULL
9180/3	Osteogenic sarcoma, NOS	NULL
9180/3	Osteosarcoma, extraosseus	NULL
9180/3	Osteosarcoma, extraskeletal	NULL
9180/3	Osteosarcoma, NOS	1
9181/3	Chondroblastic osteosarcoma	1
9182/3	Fibroblastic osteosarcoma	1
9182/3	Osteofibrosarcoma	NULL
9183/3	Telangiectatic osteosarcoma	1
9184/3	Implant-related osteosarcoma	NULL
9184/3	Infarct-related osteosarcoma	NULL
9184/3	Osteosarcoma due to chronic osteomyelitis	NULL
9184/3	Osteosarcoma in Paget disease of bone	1
9184/3	Osteosarcoma secondary to early postzygotic disorders such as fibrous dysplasia	NULL
9184/3	Osteosarcoma, implant-related	NULL
9184/3	Osteosarcoma, infarct-related	NULL
9184/3	Paget sarcoma	NULL
9184/3	Radiation-associated osteosarcoma	NULL
9184/3	Radiation-associated sarcoma	NULL
9184/3	Radiation-induced osteosarcoma	NULL
9184/3	Secondary osteosarcoma	NULL
9185/3	Round cell osteosarcoma	NULL
9185/3	Small cell osteosarcoma	1
9186/3	Central osteosarcoma, NOS	1
9186/3	Conventional central osteosarcoma	NULL
9186/3	Conventional osteosarcoma	NULL
9186/3	Intramedullary osteosarcoma, NOS	NULL
9186/3	Medullary osteosarcoma	NULL
9186/3	Osteosarcoma, conventional	NULL
9187/3	Intraosseous low grade osteosarcoma	NULL
9187/3	Intraosseous well differentiated osteosarcoma	NULL
9187/3	Low grade central osteosarcoma	1
9187/3	Low grade intramedullary osteosarcoma	NULL
9187/3	Well-differentiated intramedullary osteosarcoma	NULL
9191/0	Osteoid osteoma, NOS	1
9192/3	Juxtacortical osteosarcoma	NULL
9192/3	Parosteal osteosarcoma	1
9193/3	Periosteal osteosarcoma	1
9194/3	High grade surface osteosarcoma	1
9195/3	Intracortical osteosarcoma	1
9200/0	Giant osteoid osteoma	NULL
9200/1	Aggressive osteoblastoma	1
9200/1	Giant osteoid osteoma	NULL
9200/1	Osteoblastoma, epithelioid	NULL
9200/1	Osteoblastoma, NOS	NULL
9210/0	Cartilaginous exostosis	NULL
9210/0	Ecchondroma	NULL
9210/0	Osteocartilaginous exostosis	NULL
9210/0	Osteochondroma	1
9210/1	Ecchondrosis	NULL
9210/1	Multiple osteochondromas	NULL
9210/1	Osteochondromatosis, NOS	1
9211/0	Osteochondromyxoma	1
9212/0	Bizarre parosteal osteochondromatous proliferation	1
9213/0	Subungual exostosis	1
9220/0	Chondroblastoma-like soft tissue chondroma	NULL
9220/0	Chondroma of soft parts	NULL
9220/0	Chondroma, chondroblastoma-like soft tissue	NULL
9220/0	Chondroma, NOS	1
9220/0	Enchondroma	NULL
9220/0	Extraskeletal chondroma	NULL
9220/1	Chondromatosis, extra-articular synovial	NULL
9220/1	Chondromatosis, NOS	1
9220/1	Chondromatosis, synovial NOS	NULL
9220/1	Chondromatosis, tenosynovial	NULL
9220/1	Enchondromatosis	NULL
9220/1	Enchondromatosis in Maffucci syndrome	NULL
9220/1	Enchondromatosis in Ollier disease	NULL
9220/1	Extra-articular synovial chondromatosis (tenosynovial chondromatosis)	NULL
9220/1	Synovial chondromatosis	NULL
9220/3	Central chondrosarcoma, grade 2	NULL
9220/3	Central chondrosarcoma, grade 3	NULL
9220/3	Chondrosarcoma, grade 2	NULL
9220/3	Chondrosarcoma, grade 3	NULL
9220/3	Chondrosarcoma, NOS	1
9220/3	Fibrochondrosarcoma	NULL
9220/3	Secondary peripheral chondrosarcoma, grade 2	NULL
9220/3	Secondary peripheral chondrosarcoma, grade 3	NULL
9221/0	Juxtacortical chondroma	NULL
9221/0	Periosteal chondroma	1
9221/3	Juxtacortical chondrosarcoma	NULL
9221/3	Periosteal chondrosarcoma	1
9222/1	Atypical cartilaginous tumor	1
9222/1	Central atypical cartilaginous tumor	NULL
9222/1	Secondary peripheral atypical cartilaginous tumor	NULL
9222/3	Central chondrosarcoma, grade 1	NULL
9222/3	Chondrosarcoma, grade 1	NULL
9222/3	Chondrosarcoma, low-grade central	NULL
9222/3	Chondrosarcoma, low-grade peripheral	NULL
9222/3	Secondary peripheral chondrosarcoma, grade 1	NULL
9230/0	Chondroblastoma, NOS	NULL
9230/0	Chondromatous giant cell tumor	NULL
9230/0	Codman tumor	NULL
9230/3	Chondroblastoma, malignant	1
9231/3	Extraskeletal myxoid chondrosarcoma	NULL
9231/3	Myxoid chondrosarcoma	1
9240/3	Mesenchymal chondrosarcoma	1
9241/0	Chondromyxoid fibroma	1
9242/3	Clear cell chondrosarcoma	1
9243/3	Dedifferentiated chondrosarcoma	1
9250/1	Conventional giant cell tumor of bone	NULL
9250/1	Giant cell tumor	NULL
9250/1	Giant cell tumor of bone, conventional	NULL
9250/1	Giant cell tumor of bone, NOS	1
9250/1	Osteoclastoma, NOS	NULL
9250/3	Giant cell sarcoma of bone	NULL
9250/3	Giant cell tumor of bone, dedifferentiated	NULL
9250/3	Giant cell tumor of bone, malignant	1
9250/3	Osteoclastoma, malignant	NULL
9251/1	Giant cell tumor of soft parts, NOS	1
9251/3	Malignant giant cell tumor of soft parts	1
9252/0	Fibrous histiocytoma of tendon sheath	NULL
9252/0	Giant cell tumor of tendon sheath, NOS	NULL
9252/0	Tenosynovial giant cell tumor, localised	NULL
9252/0	Tenosynovial giant cell tumor, NOS	1
9252/1	Pigmented villonodular synovitis	NULL
9252/1	Tenosynovial giant cell tumor, diffuse	1
9252/3	Giant cell tumor of tendon sheath, malignant	NULL
9252/3	Malignant tenosynovial giant cell tumor	1
9260/0	Aneurysmal bone cyst	1
9261/0	Osteofibrous dysplasia	NULL
9261/1	Osteofibrous dysplasia-like adamantinoma	NULL
9261/3	Adamantinoma	NULL
9261/3	Adamantinoma of long bones	1
9261/3	Classic adamantinoma	NULL
9261/3	Classic adamantinoma (malignant)	NULL
9261/3	Dedifferentiated adamantinoma	NULL
9261/3	Tibial adamantinoma	NULL
9262/0	Fibro-osteoma	NULL
9262/0	Juvenile psammomatoid ossifying fibroma	NULL
9262/0	Juvenile trabecular ossifying fibroma	NULL
9262/0	Ossifying fibroma	1
9262/0	Osteofibroma	NULL
9262/0	Psammomatoid ossifying fibroma	NULL
9270/0	Odontogenic tumor, benign	1
9270/1	Odontogenic tumor, NOS	1
9270/3	Ameloblastic carcinoma	NULL
9270/3	Central intraosseous mucoepidermoid carcinoma	NULL
9270/3	Central intraosseous mucoepidermoid tumor	NULL
9270/3	Odontogenic carcinoma	NULL
9270/3	Odontogenic sarcoma	NULL
9270/3	Odontogenic tumor, malignant	1
9270/3	Primary intraosseous carcinoma	NULL
9270/3	Primary intraosseous squamous cell carcinoma	NULL
9270/3	Sclerosing odontogenic carcinoma	NULL
9271/0	Ameloblastic fibrodentinoma	1
9271/0	Dentinoma	NULL
9272/0	Cementoma, NOS	1
9272/0	Periapical cemental dysplasia	NULL
9272/0	Periapical cemento-osseous dysplasia	NULL
9273/0	Cementoblastoma	NULL
9273/0	Cementoblastoma, benign	1
9274/0	Cementifying fibroma	NULL
9274/0	Cemento-ossifying fibroma	1
9275/0	Florid osseous dysplasia	NULL
9275/0	Gigantiform cementoma	1
9280/0	Odontoma, NOS	1
9281/0	Compound odontoma	1
9282/0	Complex odontoma	1
9290/0	Ameloblastic fibro-odontoma	1
9290/0	Fibroameloblastic odontoma	NULL
9290/3	Ameloblastic fibrodentinosarcoma	NULL
9290/3	Ameloblastic fibro-odontosarcoma	NULL
9290/3	Ameloblastic odontosarcoma	1
9300/0	Adenoameloblastoma	NULL
9300/0	Adenomatoid odontogenic tumor	1
9301/0	Calcifying odontogenic cyst	1
9302/0	Dentinogenic ghost cell tumor	1
9302/0	Odontogenic ghost cell tumor	NULL
9302/3	Ghost cell odontogenic carcinoma	1
9310/0	Acanthomatous ameloblastoma	NULL
9310/0	Adamantinoma, NOS	NULL
9310/0	Adenoid ameloblastoma	NULL
9310/0	Adenoid ameloblastoma with dentinoid	NULL
9310/0	Ameloblastoma, adenoid	NULL
9310/0	Ameloblastoma, conventional	NULL
9310/0	Ameloblastoma, extraosseous/peripheral	NULL
9310/0	Ameloblastoma, NOS	1
9310/0	Ameloblastoma, solid/multicystic	NULL
9310/0	Ameloblastoma, unicystic, NOS	NULL
9310/0	Basal cell ameloblastoma	NULL
9310/0	Desmoplastic ameloblastoma	NULL
9310/0	Extraosseous ameloblastoma	NULL
9310/0	Follicular ameloblastoma	NULL
9310/0	Granular cell ameloblastoma	NULL
9310/0	Intraluminal ameloblastoma, unicystic	NULL
9310/0	Intraluminal unicystic ameloblastoma	NULL
9310/0	Luminal ameloblastoma, unicystic	NULL
9310/0	Luminal unicystic ameloblastoma	NULL
9310/0	Mural ameloblastoma, unicystic	NULL
9310/0	Mural unicystic ameloblastoma	NULL
9310/0	Plexiform ameloblastoma	NULL
9310/0	Sinonasal ameloblastoma	NULL
9310/0	Unicystic ameloblastoma	NULL
9310/3	Adamantinoma, malignant	NULL
9310/3	Ameloblastoma, malignant	NULL
9310/3	Ameloblastoma, metastasizing	1
9310/3	Metastasizing ameloblastoma	NULL
9311/0	Odontoameloblastoma	1
9312/0	Squamous odontogenic tumor	1
9320/0	Odontogenic fibromyxoma	NULL
9320/0	Odontogenic myxofibroma	NULL
9320/0	Odontogenic myxoma	1
9321/0	Central odontogenic fibroma	NULL
9321/0	Hybrid odontogenic fibroma with central giant cell granuloma	NULL
9321/0	Odontogenic fibroma, amyloid subtype	NULL
9321/0	Odontogenic fibroma, granular cell subtype	NULL
9321/0	Odontogenic fibroma, NOS	1
9322/0	Peripheral odontogenic fibroma	1
9330/0	Ameloblastic fibroma	1
9330/3	Ameloblastic fibrodentinosarcoma	NULL
9330/3	Ameloblastic fibro-odontosarcoma	NULL
9330/3	Ameloblastic fibrosarcoma	1
9330/3	Ameloblastic sarcoma	NULL
9330/3	Odontogenic fibrosarcoma	NULL
9330/3	Odontogenic sarcoma, NOS	NULL
9330/3	Odontogenic sarcomas	NULL
9340/0	Calcifying epithelial odontogenic tumor	1
9340/0	Calcifying epithelial odontogenic tumor, clear cell	NULL
9340/0	Calcifying epithelial odontogenic tumor, macrocystic/microcystic	NULL
9340/0	Calcifying epithelial odontogenic tumor, non-calcifying/Langerhans cell-rich	NULL
9340/0	Clear cell calcifying epithelial odontogenic tumor	NULL
9340/0	Cystic/microcystic calcifying epithelial odontogenic tumor	NULL
9340/0	Non-calcifying / Langerhans cell–rich calcifying epithelial odontogenic tumor	NULL
9340/0	Pindborg tumor	NULL
9341/3	Clear cell odontogenic carcinoma	1
9341/3	Clear cell odontogenic tumor	NULL
9342/3	Odontogenic carcinosarcoma	1
9350/1	Craniopharyngioma, NOS	1
9350/1	Rathke pouch tumor	NULL
9351/1	Adamantinomatous craniopharyngioma	NULL
9351/1	Craniopharyngioma, adamantinomatous	1
9352/1	Craniopharyngioma, papillary	1
9352/1	Papillary craniopharyngioma	NULL
9360/1	Pinealoma	1
9361/1	Pineocytoma	1
9362/3	Mixed pineal tumor	NULL
9362/3	Mixed pineocytoma-pineoblastoma	NULL
9362/3	Pineal parenchymal tumor of intermediate differentiation	NULL
9362/3	Pineoblastoma	1
9362/3	Pineoblastoma with lobules	NULL
9362/3	Pineoblastoma, miRNA processing-altered_1	NULL
9362/3	Pineoblastoma, miRNA processing-altered_2	NULL
9362/3	Pineoblastoma, MYC/FOXR2-activated	NULL
9362/3	Pineoblastoma, RB1-altered (pineal retinoblastoma)	NULL
9362/3	Pineocytoma with anaplasia	NULL
9362/3	Pineocytoma, malignant	NULL
9362/3	Transitional pineal tumor	NULL
9363/0	Melanoameloblastoma	NULL
9363/0	Melanotic neuroectodermal tumor	1
9363/0	Melanotic progonoma	NULL
9363/0	Retinal anlage tumor	NULL
9363/1	Melanoameloblastoma	NULL
9363/1	Melanotic neuroectodermal tumor of infancy	NULL
9363/1	Melanotic neuroectodermal tumor, NOS	NULL
9363/1	Melanotic progonoma	NULL
9363/1	Retinal anlage tumor	NULL
9363/3	Melanotic neuroectodermal tumor of infancy, malignant	NULL
9363/3	Melanotic neuroectodermal tumor, malignant	NULL
9364/3	Adamantinoma-like Ewing sarcoma	NULL
9364/3	Askin tumor	NULL
9364/3	Ewing sarcoma	1
9364/3	Ewing tumor	NULL
9364/3	Neuroectodermal tumor, NOS	NULL
9364/3	Neuroectodermal-type tumor	NULL
9364/3	Peripheral neuroectodermal tumor	NULL
9364/3	Peripheral primitive neuroectodermal tumor	NULL
9364/3	PPNET	NULL
9364/3	Renal Ewing sarcoma	NULL
9365/3	Askin tumor	1
9366/3	Round cell sarcoma with EWSR1/FUS::NFATC2	NULL
9366/3	Round cell sarcoma with EWSR1::non-ETS fusions	NULL
9366/3	Round cell sarcoma with EWSR1::PATZ1	NULL
9366/3	Round cell sarcoma with EWSR1-non-ETS fusions	NULL
9367/3	CIC::DUX4 sarcoma	NULL
9367/3	CIC::NUTM1 sarcoma	NULL
9367/3	CIC-rearranged sarcoma	NULL
9367/3	CNS Ewing family tumor with CIC alteration	NULL
9368/3	BCOR::CCNB3 sarcoma	NULL
9368/3	BCOR-rearranged sarcoma	NULL
9368/3	Primitive myxoid mesenchymal tumor of infancy	NULL
9368/3	Round cell sarcoma, infantile undifferentiated	NULL
9368/3	Sarcoma with BCOR genetic alterations	NULL
9370/0	Benign notochordal cell tumor	NULL
9370/0	Benign notochordal tumor	1
9370/3	Chordoma, NOS	1
9370/3	Conventional chordoma	NULL
9370/3	Poorly differentiated chordoma	NULL
9371/3	Chondroid chordoma	1
9372/3	Dedifferentiated chordoma	1
9373/0	Parachordoma	1
9380/1	Glioma, low-grade	NULL
9380/3	Glioma, grade 2	NULL
9380/3	Glioma, grade 3	NULL
9380/3	Glioma, high-grade	NULL
9380/3	Glioma, malignant	1
9380/3	Glioma, NOS	NULL
9381/3	Gliomatosis cerebri	1
9382/3	Anaplastic oligoastrocytoma	NULL
9382/3	Mixed glioma	NULL
9382/3	Oligoastrocytoma, NOS	1
9383/1	Mixed subependymoma-ependymoma	NULL
9383/1	Subependymal astrocytoma, NOS	NULL
9383/1	Subependymal glioma	NULL
9383/1	Subependymoma	1
9384/1	Acquired retinal astrocytoma	NULL
9384/1	Astrocytic hamartoma of retina	NULL
9384/1	Giant cell astrocytoma of retina	NULL
9384/1	Retinal astrocytic hamartoma	NULL
9384/1	Subependymal giant cell astrocytoma	1
9385/3	Diffuse hemispheric glioma, H3 G34-mutant	NULL
9385/3	Diffuse intrinsic pontine glioma, H3 K27M-mutant	NULL
9385/3	Diffuse intrinsic pontine glioma, NOS	NULL
9385/3	Diffuse midline glioma, EGFR-mutant	NULL
9385/3	Diffuse midline glioma, H3 K27-altered	NULL
9385/3	Diffuse midline glioma, H3 K27M-mutant	1
9385/3	Diffuse midline glioma, H3.1 or H3.2 K27–mutant	NULL
9385/3	Diffuse midline glioma, H3.3 K27–mutant	NULL
9385/3	Diffuse midline glioma, H3-wildtype with EZHIP overexpression	NULL
9385/3	Diffuse midline glioma, NOS	NULL
9385/3	Diffuse pediatric-type high-grade glioma MYCN	NULL
9385/3	Diffuse pediatric-type high-grade glioma RTK1	NULL
9385/3	Diffuse pediatric-type high-grade glioma RTK2	NULL
9385/3	Diffuse pediatric-type high-grade glioma, H3-wildtype and IDH-wildtype	NULL
9385/3	Infant-type hemispheric glioma	NULL
9385/3	Infant-type hemispheric glioma, ALK-altered	NULL
9385/3	Infant-type hemispheric glioma, MET-altered	NULL
9385/3	Infant-type hemispheric glioma, NTRK-altered	NULL
9385/3	Infant-type hemispheric glioma, ROS1-altered	NULL
9390/0	Choroid plexus papilloma, NOS	1
9390/1	Atypical choroid plexus papilloma	1
9390/3	Choroid plexus carcinoma	1
9390/3	Choroid plexus papilloma, anaplastic	NULL
9390/3	Choroid plexus papilloma, malignant	NULL
9391/1	Ependymal pituicytoma	NULL
9391/1	Pituicytoma with ependymal features	NULL
9391/1	Sellar ependymoma	NULL
9391/3	Cellular ependymoma	NULL
9391/3	Clear cell ependymoma	NULL
9391/3	Ependymoma, NOS	1
9391/3	Ependymoma, posterior fossa	NULL
9391/3	Ependymoma, spinal	NULL
9391/3	Ependymoma, supratentorial	NULL
9391/3	Epithelial ependymoma	NULL
9391/3	Posterior fossa ependymoma, NOS	NULL
9391/3	Sellar ependymoma	NULL
9391/3	Spinal ependymoma, NOS	NULL
9391/3	Supratentorial ependymoma, NOS	NULL
9391/3	Tanycytic ependymoma	NULL
9392/3	Ependymoblastoma	NULL
9392/3	Ependymoma, anaplastic	1
9393/3	Papillary ependymoma	1
9394/1	Myxopapillary ependymoma	1
9395/3	Papillary tumor of pineal region	1
9396/3	Ependymoma, RELA fusion positive	1
9396/3	Posterior fossa group A (PFA) ependymoma	NULL
9396/3	Posterior fossa group B (PFB) ependymoma	NULL
9396/3	Spinal ependymoma, MYCN-amplified	NULL
9396/3	Supratentorial ependymoma, YAP1 fusion-positive	NULL
9396/3	Supratentorial ependymoma, ZFTA fusion-positive	NULL
9400/3	Astrocytic glioma	NULL
9400/3	Astrocytoma, grade 2	NULL
9400/3	Astrocytoma, IDH-mutant, grade 2	NULL
9400/3	Astrocytoma, IDH-mutant, NOS	NULL
9400/3	Astrocytoma, IDH-wildtype, NOS	NULL
9400/3	Astrocytoma, low grade	NULL
9400/3	Astrocytoma, NOS	1
9400/3	Astroglioma	NULL
9400/3	Cystic astrocytoma	NULL
9400/3	Diffuse astrocytoma, grade 2	NULL
9400/3	Diffuse astrocytoma, IDH-mutant	NULL
9400/3	Diffuse astrocytoma, IDH-wildtype	NULL
9400/3	Diffuse astrocytoma, low grade	NULL
9400/3	Diffuse astrocytoma, NOS	NULL
9401/3	Astrocytoma, anaplastic, IDH-mutant	NULL
9401/3	Astrocytoma, anaplastic, IDH-wildtype	NULL
9401/3	Astrocytoma, anaplastic, NOS	1
9401/3	Astrocytoma, grade 3, NOS	NULL
9401/3	Astrocytoma, IDH-mutant, grade 3	NULL
9410/3	Protoplasmic astrocytoma	1
9411/3	Gemistocytic astrocytoma, IDH-mutant	NULL
9411/3	Gemistocytic astrocytoma, NOS	1
9411/3	Gemistocytoma	NULL
9412/1	Desmoplastic infantile astrocytoma	1
9412/1	Desmoplastic infantile ganglioglioma	NULL
9413/0	Dysembryoplastic neuroepithelial tumor	1
9413/0	Polymorphous low-grade neuroepithelial tumor of the young	NULL
9413/0	Polymorphous low-grade neuroepithelial tumor of young (PLNTY)	NULL
9420/3	Fibrillary astrocytoma	1
9420/3	Fibrous astrocytoma	NULL
9421/1	Diffuse astrocytoma, MYB- or MYBL1-altered	NULL
9421/1	Diffuse astrocytoma, MYB-altered	NULL
9421/1	Diffuse astrocytoma, MYBL1-altered	NULL
9421/1	Diffuse low-grade glioma, BRAF p.V600E–mutant	NULL
9421/1	Diffuse low-grade glioma, FGFR1 tyrosine kinase domain–duplicated	NULL
9421/1	Diffuse low-grade glioma, FGFR1-mutant	NULL
9421/1	Diffuse low-grade glioma, MAPK pathway–altered	NULL
9421/1	Juvenile astrocytoma	NULL
9421/1	Oligodendroglioma, pediatric-type	NULL
9421/1	Pilocytic astrocytoma	1
9421/1	Pilocytic astrocytoma with histological features of anaplasia	NULL
9421/1	Piloid astrocytoma	NULL
9421/1	Spongioblastoma, NOS	NULL
9421/3	High-grade astrocytoma with piloid features	NULL
9423/3	Polar spongioblastoma	1
9423/3	Primitive polar spongioblastoma	NULL
9423/3	Spongioblastoma polare	NULL
9424/3	Anaplastic pleomorphic xanthoastrocytoma	NULL
9424/3	Pleomorphic xanthoastrocytoma, grade 2	NULL
9424/3	Pleomorphic xanthoastrocytoma, grade 3	NULL
9424/3	Pleomorphic xanthoastrocytoma, NOS	1
9425/3	Pilomyxoid astrocytoma	1
9430/3	Astroblastoma	1
9430/3	Astroblastoma, MN1-altered	NULL
9431/1	Angiocentric glioma	1
9432/1	Pituicytoma	1
9440/3	Epithelioid glioblastoma	NULL
9440/3	Glioblastoma multiforme	NULL
9440/3	Glioblastoma, IDH-wildtype	NULL
9440/3	Glioblastoma, NOS	1
9440/3	Glioblastoma, primary, NOS	NULL
9440/3	Spongioblastoma multiforme	NULL
9441/3	Giant cell glioblastoma	1
9441/3	Monstrocellular sarcoma	NULL
9442/1	Gliofibroma	1
9442/3	Glioblastoma with sarcomatous component	NULL
9442/3	Gliosarcoma	1
9444/1	Chordoid glioma	1
9444/1	Chordoid glioma of third ventricle	NULL
9445/3	Astrocytoma, IDH-mutant, grade 4	NULL
9445/3	Glioblastoma, IDH-mutant	1
9445/3	Glioblastoma, primary, IDH-mutant	NULL
9445/3	Glioblastoma, secondary, IDH-mutant	NULL
9445/3	Glioblastoma, secondary, NOS	NULL
9450/3	Oligodendroglioma, IDH-mutant and 1p/19q-codeleted	NULL
9450/3	Oligodendroglioma, IDH-mutant and 1p/19q-codeleted, grade 2	NULL
9450/3	Oligodendroglioma, IDH-mutant and 1p/19q-codeleted, low-grade	NULL
9450/3	Oligodendroglioma, NOS	1
9451/3	Oligodendroglioma, anaplastic, IDH-mutant and 1p/19q codeleted	NULL
9451/3	Oligodendroglioma, anaplastic, NOS	1
9451/3	Oligodendroglioma, high-grade, IDH-mutant and 1p/19q codeleted	NULL
9451/3	Oligodendroglioma, high-grade/grade 3, NOS	NULL
9451/3	Oligodendroglioma, IDH-mutant and 1p/19q-codeleted, grade 3	NULL
9460/3	Oligodendroblastoma	1
9470/3	Classic medulloblastoma	NULL
9470/3	Medulloblastoma, histologically defined	NULL
9470/3	Medulloblastoma, NOS	1
9470/3	Melanotic medulloblastoma	NULL
9471/3	Circumscribed arachnoidal cerebellar sarcoma	NULL
9471/3	Desmoplastic medulloblastoma, NOS	NULL
9471/3	Desmoplastic nodular medulloblastoma	1
9471/3	Medulloblastoma with extensive nodularity	NULL
9471/3	Medulloblastoma, SHH activated, NOS	NULL
9471/3	Medulloblastoma, SHH-activated and TP53-wildtype	NULL
9472/3	Medullomyoblastoma	1
9473/3	Central primitive neuroectodermal tumor	NULL
9473/3	Central primitive neuroectodermal tumor / CNS embryonal tumor	NULL
9473/3	CNS embryonal tumor, NEC/NOS	NULL
9473/3	CNS embryonal tumor, NOS	1
9473/3	CPNET	NULL
9473/3	PNET, NOS	NULL
9473/3	Primitive neuroectodermal tumor, NOS	NULL
9473/3	Supratentorial PNET	NULL
9474/3	Anaplastic medulloblastoma	NULL
9474/3	Large cell medulloblastoma	1
9475/3	Medulloblastoma, WNT-activated, anaplastic type	NULL
9475/3	Medulloblastoma, WNT-activated, classic	NULL
9475/3	Medulloblastoma, WNT-activated, large cell type	NULL
9475/3	Medulloblastoma, WNT-activated, NOS	NULL
9476/3	Medulloblastoma, SHH-activated and TP53-mutant	1
9477/3	Medulloblastoma, group 3	NULL
9477/3	Medulloblastoma, group 4	NULL
9477/3	Medulloblastoma, non-WNT/non-SHH	1
9478/3	Embryonal tumor with multilayered rosettes with C19MC-alteration	NULL
9478/3	Embryonal tumor with multilayered rosettes, C19MC-altered	NULL
9478/3	Embryonal tumor with multilayered rosettes, DICER1-mutated	NULL
9478/3	Embryonal tumor with multilayered rosettes, NOS	NULL
9480/3	Cerebellar sarcoma, NOS	1
9480/3	Primary intracranial sarcoma, DICER1-mutant	NULL
9490/0	Ganglioneuroma	1
9490/0	Ganglioneuroma of the choroid	NULL
9490/0	Mature ganglioneuroma	NULL
9490/0	Maturing ganglioneuroma	NULL
9490/3	CNS ganglioneuroblastoma	NULL
9490/3	Ganglioneuroblastoma	1
9490/3	Ganglioneuroblastoma, intermixed	NULL
9490/3	Ganglioneuroblastoma, nodular	NULL
9490/3	Schwannian stroma-rich intermixed tumor	NULL
9491/0	Ganglioneuromatosis	1
9492/0	Gangliocytoma, NOS	1
9492/0	Mixed gangliocytoma–PitNET/adenoma	NULL
9493/0	Dysplastic cerebellar gangliocytoma (Lhermitte–Duclos disease)	NULL
9493/0	Dysplastic gangliocytoma of cerebellum (Lhermitte-Duclos disease)	NULL
9493/0	Dysplastic gangliocytoma of cerebellum (Lhermitte-Duclos)	1
9500/3	Central neuroblastoma	NULL
9500/3	CNS neuroblastoma, FOXR2-activated	NULL
9500/3	CNS neuroblastoma, NOS	NULL
9500/3	CNS tumor with BCCR internal tandem duplication	NULL
9500/3	CNS tumor with BCOR internal tandem duplication	NULL
9500/3	Differentiating neuroblastoma	NULL
9500/3	Neuroblastoma, differentiating	NULL
9500/3	Neuroblastoma, NOS	1
9500/3	Neuroblastoma, poorly differentiated	NULL
9500/3	Neuroblastoma, undifferentiated	NULL
9500/3	Poorly differentiated neuroblastoma	NULL
9500/3	Sympathicoblastoma	NULL
9500/3	Undifferentiated neuroblastoma	NULL
9501/0	Benign non-teratoid medulloepithelioma	NULL
9501/0	Diktyoma, benign	NULL
9501/0	Medulloepithelioma, benign	1
9501/0	Non-teratoid medulloepithelioma, benign	NULL
9501/3	Diktyoma, malignant	NULL
9501/3	Malignant non-teratoid medulloepithelioma	NULL
9501/3	Medulloepithelioma, malignant	NULL
9501/3	Medulloepithelioma, NOS	1
9501/3	Non-teratoid medulloepithelioma, malignant	NULL
9502/0	Benign teratoid medulloepithelioma	NULL
9502/0	Teratoid medulloepithelioma, benign	1
9502/3	Malignant teratoid medulloepithelioma	NULL
9502/3	Teratoid medulloepithelioma, malignant	NULL
9502/3	Teratoid medulloepithelioma, NOS	1
9503/3	Neuroepithelioma, NOS	1
9504/3	Spongioneuroblastoma	1
9505/1	Ganglioglioma, NOS	1
9505/1	Glioneuroma	NULL
9505/1	Neuroastrocytoma	NULL
9505/3	Ganglioglioma, anaplastic	1
9506/1	Central neurocytoma	1
9506/1	Cerebellar liponeurocytoma	NULL
9506/1	Extraventricular neurocytoma	NULL
9506/1	Hypothalamic neurocytoma	NULL
9506/1	Lipomatous medulloblastoma	NULL
9506/1	Medullocytoma	NULL
9506/1	Neurocytoma of sellar region	NULL
9506/1	Neurocytoma, NOS	NULL
9506/1	Neurolipocytoma	NULL
9506/1	Sellar neurocytoma	NULL
9507/0	Pacinian tumor	1
9508/3	Atypical teratoid/rhabdoid tumor	1
9508/3	Atypical teratoid/rhabdoid tumor MYC	NULL
9508/3	Atypical teratoid/rhabdoid tumor SHH	NULL
9508/3	Atypical teratoid/rhabdoid tumor TYR	NULL
9508/3	CNS Embryonal tumor with rhabdoid features	NULL
9508/3	Embryonal tumor with rhabdoid features	NULL
9509/0	Multinodular and vacuolating neuronal tumor	NULL
9509/1	Glioneuronal tumor, NOS	NULL
9509/1	Myxoid glioneuronal tumor	NULL
9509/1	Papillary glioneuronal tumor	1
9509/1	Rosette-forming glioneuronal tumor	NULL
9509/3	Diffuse leptomeningeal glioneuronal tumor	NULL
9509/3	Diffuse leptomeningeal glioneuronal tumor with 1q gain	NULL
9509/3	Diffuse leptomeningeal glioneuronal tumor, methylation class 1 (DLGNT-MC-1)	NULL
9509/3	Diffuse leptomeningeal glioneuronal tumor, methylation class 2 (DLGNT-MC-2)	NULL
9510/0	Retinocytoma	1
9510/3	Bilateral retinoblastoma	NULL
9510/3	Retinoblastoma, NOS	1
9510/3	Trilateral retinoblastoma	NULL
9510/3	Unilateral retinoblastoma	NULL
9511/3	Retinoblastoma, differentiated	1
9512/3	Retinoblastoma, undifferentiated	1
9513/3	Retinoblastoma, diffuse	1
9514/1	Retinoblastoma, spontaneously regressed	1
9520/3	Olfactory neurogenic tumor	1
9521/3	Esthesioneurocytoma	NULL
9521/3	Olfactory neurocytoma	1
9522/3	Esthesioneuroblastoma	NULL
9522/3	Olfactory neuroblastoma	1
9523/3	Esthesioneuroepithelioma	NULL
9523/3	Olfactory neuroepithelioma	1
9530/0	Calvarial meningioma	NULL
9530/0	Ectopic meningioma	NULL
9530/0	Extracranial/extraspinal meningioma	NULL
9530/0	Extradural meningioma	NULL
9530/0	Extraneuraxial meningioma	NULL
9530/0	Heterotopic meningioma	NULL
9530/0	Intraosseous meningioma	NULL
9530/0	Lymphoplasmacyte-rich meningioma	NULL
9530/0	Meningioma, NOS	1
9530/0	Metaplastic meningioma	NULL
9530/0	Microcystic meningioma	NULL
9530/0	Secretory meningioma	NULL
9530/1	Diffuse meningiomatosis	NULL
9530/1	Meningiomatosis, NOS	NULL
9530/1	Multiple meningiomas	NULL
9530/3	Anaplastic (malignant) meningioma	NULL
9530/3	Leptomeningeal sarcoma	NULL
9530/3	Meningeal sarcoma	NULL
9530/3	Meningioma, anaplastic	NULL
9530/3	Meningioma, grade 3	NULL
9530/3	Meningioma, malignant	1
9530/3	Meningothelial sarcoma	NULL
9531/0	Endotheliomatous meningioma	NULL
9531/0	Meningothelial meningioma	1
9531/0	Syncytial meningioma	NULL
9532/0	Fibroblastic meningioma	NULL
9532/0	Fibrous meningioma	1
9533/0	Psammomatous meningioma	1
9534/0	Angiomatous meningioma	1
9535/0	Angioblastic meningioma	NULL
9535/0	Hemangioblastic meningioma	1
9537/0	Mixed meningioma	NULL
9537/0	Transitional meningioma	1
9538/1	Chordoid meningioma	NULL
9538/1	Clear cell meningioma	1
9538/3	Papillary meningioma	1
9538/3	Rhabdoid meningioma	NULL
9539/1	Atypical meningioma	1
9539/3	Meningeal sarcomatosis	1
9540/0	Ancient neurofibroma	NULL
9540/0	Cellular neurofibroma	NULL
9540/0	Diffuse neurofibroma	NULL
9540/0	Massive soft tissue neurofibroma	NULL
9540/0	Neurofibroma, ancient	NULL
9540/0	Neurofibroma, NOS	1
9540/0	Nodular neurofibroma	NULL
9540/0	Solitary neurofibroma	NULL
9540/1	Atypical neurofibroma	NULL
9540/1	Atypical neurofibroma / atypical neurofibromatous neoplasm of uncertain biological potential	NULL
9540/1	Atypical neurofibromatous neoplasm of uncertain biological potential	NULL
9540/1	Multiple neurofibromatosis	NULL
9540/1	Neurofibromatosis, NOS	NULL
9540/1	von Recklinghausen disease (except of bone)	NULL
9540/3	Malignant melanotic nerve sheath tumor	NULL
9540/3	Malignant melanotic Schwannian tumor	NULL
9540/3	Malignant peripheral nerve sheath tumor, NOS	1
9540/3	Melanotic MPNST	NULL
9540/3	Melanotic psammomatous MPNST	NULL
9540/3	Melanotic schwannoma	NULL
9540/3	MPNST with glandular differentiation	NULL
9540/3	MPNST with mesenchymal differentiation	NULL
9540/3	MPNST with perineurial differentiation	NULL
9540/3	MPNST, NOS	NULL
9540/3	Neurofibrosarcoma	NULL
9540/3	Neurogenic sarcoma	NULL
9540/3	Neurosarcoma	NULL
9540/3	Perineurial malignant peripheral nerve sheath tumor	NULL
9540/3	Pigmented schwannoma	NULL
9540/3	Schwannoma, psammomatous melanotic	NULL
9541/0	Melanotic neurofibroma	1
9541/0	Neurofibroma, melanotic	NULL
9542/3	Epithelioid malignant peripheral nerve sheath tumor  	NULL
9542/3	Epithelioid MPNST	NULL
9542/3	Malignant peripheral nerve sheath tumor, epithelioid	1
9550/0	Neurofibroma, plexiform	NULL
9550/0	Plexiform neurofibroma	1
9550/0	Plexiform neuroma	NULL
9560/0	Acoustic neuroma	NULL
9560/0	Ancient schwannoma	NULL
9560/0	Cellular schwannoma	NULL
9560/0	Degenerated schwannoma	NULL
9560/0	Epithelioid schwannoma	NULL
9560/0	Microcystic/reticular schwannoma	NULL
9560/0	Mucosal Schwann cell hamartoma	NULL
9560/0	Neurilemoma, NOS	NULL
9560/0	Neurinoma	NULL
9560/0	Neuroblastoma-like schwannoma	NULL
9560/0	Plexiform schwannoma	NULL
9560/0	Psammomatous schwannoma	NULL
9560/0	Schwannoma, NOS	1
9560/0	Vestibular schwannoma	NULL
9560/1	Melanotic schwannoma	1
9560/1	Pigmented schwannoma	NULL
9560/3	Malignant schwannoma, NOS	NULL
9560/3	Neurilemmosarcoma	NULL
9560/3	Neurilemoma, malignant	1
9560/3	Neurilemosarcoma	NULL
9561/3	Malignant peripheral nerve sheath tumor with rhabdomyoblastic differentiation	1
9561/3	Malignant Schwannoma with rhabdomyoblastic differentiation	NULL
9561/3	MPNST with rhabdomyoblastic differentiation	NULL
9561/3	Triton tumor, malignant	NULL
9562/0	Cellular neurothekeoma	NULL
9562/0	Dermal nerve sheath myxoma	NULL
9562/0	Nerve sheath myxoma	1
9562/0	Neurothekeoma	NULL
9563/0	Benign nerve sheath tumor, NOS	NULL
9563/0	Benign peripheral nerve sheath tumor, NOS	NULL
9563/0	Dermal hyperneury / epithelial sheath neuroma	NULL
9563/0	Dermal hyperneury, NOS	NULL
9563/0	Dermal hyperneury/epithelial sheath neuroma, sporadic	NULL
9563/0	Dermal hyperneury/epithelial sheath neuroma, syndromic	NULL
9563/0	Epithelial sheath neuroma, NOS	NULL
9563/0	Hybrid nerve sheath tumor	NULL
9563/0	Hybrid nerve sheath tumors	NULL
9563/0	Lipofibromatosis-like neural tumor	NULL
9563/0	Nerve sheath tumor, NOS	1
9563/0	Neurofibroma/perineurioma	NULL
9563/0	Neurofibroma/schwannoma	NULL
9563/0	NTRK-positive tumor resembling peripheral nerve sheath tumor	NULL
9563/0	NTRK-rearranged spindle cell neoplasm	NULL
9563/0	Perineurioma/neurofibroma	NULL
9563/0	Perineurioma/schwannoma	NULL
9563/0	Schwannoma/neurofibroma	NULL
9563/0	Schwannoma/perineurioma	NULL
9563/0	Sporadic dermal hyperneury / epithelial sheath neuroma	NULL
9563/0	Syndromic dermal hyperneury / epithelial sheath neuroma	NULL
9570/0	Neuroma, NOS	1
9570/0	Neuroma, plexiform solitary circumscribed	NULL
9570/0	Palisaded and encapsulated neuroma	NULL
9570/0	Palisaded encapsulated neuroma	NULL
9570/0	Plexiform solitary circumscribed neuroma	NULL
9570/0	Solitary circumscribed neuroma	NULL
9571/0	Fibroblastic polyp, benign	NULL
9571/0	Intraneural perineurioma	NULL
9571/0	Perineurioma, NOS	1
9571/0	Reticular perineurioma	NULL
9571/0	Sclerosing perineurioma	NULL
9571/0	Soft tissue perineurioma	NULL
9571/3	Malignant perineurioma	NULL
9571/3	Perineurial MPNST	NULL
9571/3	Perineurioma, malignant	1
9580/0	Granular cell myoblastoma, NOS	NULL
9580/0	Granular cell tumor, NOS	1
9580/3	Granular cell myoblastoma, malignant	NULL
9580/3	Granular cell tumor, malignant	1
9581/3	Alveolar soft part sarcoma	1
9582/0	Granular cell pituicytoma	NULL
9582/0	Granular cell tumor of sellar region	1
9582/0	Granular cell tumor of the sellar region / granular cell pituicytoma	NULL
9582/0	Pituicytoma with granular features	NULL
9590/3	Lymphoma, NOS	NULL
9590/3	Malignant lymphoma, NOS	1
9590/3	Microglioma	NULL
9591/1	Monoclonal B-cell lymphocytosis, non-chronic lymphocytic leukemia type	NULL
9591/1	Monoclonal B-cell lymphocytosis, non-CLL type	NULL
9591/1	Monoclonal B-cell lymphocytosis, non-CLL/SLL type	NULL
9591/1	Monoclonal B-cell lymphocytosis, NOS	1
9591/3	B-cell lymphoma, low-grade	NULL
9591/3	B-cell lymphoma, NOS	NULL
9591/3	Hairy cell leukemia variant	NULL
9591/3	Lymphosarcoma, diffuse	NULL
9591/3	Lymphosarcoma, NOS	NULL
9591/3	Malignant lymphoma, cleaved cell, NOS	NULL
9591/3	Malignant lymphoma, diffuse, NOS	NULL
9591/3	Malignant lymphoma, lymphocytic, intermediate differentiation, nodular	NULL
9591/3	Malignant lymphoma, lymphocytic, poorly differentiated, diffuse	NULL
9591/3	Malignant lymphoma, non-cleaved cell, NOS	NULL
9591/3	Malignant lymphoma, non-Hodgkin, NOS	1
9591/3	Malignant lymphoma, small cell, noncleaved, diffuse	NULL
9591/3	Malignant lymphoma, small cleaved cell, diffuse	NULL
9591/3	Malignant lymphoma, small cleaved cell, NOS	NULL
9591/3	Malignant lymphoma, undifferentiated cell type, NOS	NULL
9591/3	Malignant lymphoma, undifferentiated cell, non-Burkitt	NULL
9591/3	Non-Hodgkin lymphoma, NOS	NULL
9591/3	Reticulosarcoma, diffuse	NULL
9591/3	Reticulosarcoma, NOS	NULL
9591/3	Reticulum cell sarcoma, diffuse	NULL
9591/3	Reticulum cell sarcoma, NOS	NULL
9591/3	Splenic B-cell lymphoma/leukemia with prominent nuclei	NULL
9591/3	Splenic B-cell lymphoma/Leukemia with prominent nucleoli	NULL
9591/3	Splenic B-cell lymphoma/leukemia, unclassifiable	NULL
9591/3	Splenic diffuse red pulp small B-cell lymphoma	NULL
9596/3	B-cell lymphoma, unclassifiable, with features intermediate between diffuse large B-cell lymphoma and classic Hodgkin lymphoma	NULL
9596/3	Composite Hodgkin and non-Hodgkin lymphoma	1
9596/3	Mediastinal gray zone lymphoma	NULL
9597/3	Primary cutaneous follicle center lymphoma	1
9650/3	Classic Hodgkin lymphoma	NULL
9650/3	Classical Hodgkin lymphoma post-transplant lymphoproliferative disease	NULL
9650/3	Hodgkin disease, NOS	NULL
9650/3	Hodgkin lymphoma, NOS	1
9650/3	Malignant lymphoma, Hodgkin	NULL
9651/3	Classic Hodgkin lymphoma, lymphocyte-rich	NULL
9651/3	Classical Hodgkin lymphoma, lymphocyte-rich	NULL
9651/3	Hodgkin disease, lymphocyte predominance, diffuse	NULL
9651/3	Hodgkin disease, lymphocyte predominance, NOS	NULL
9651/3	Hodgkin disease, lymphocytic-histiocytic predominance	NULL
9651/3	Hodgkin lymphoma, lymphocyte-rich	1
9651/3	Lymphocyte-rich CHL	NULL
9652/3	Classic Hodgkin lymphoma, mixed cellularity	NULL
9652/3	Classical Hodgkin lymphoma, mixed cellularity, NOS	NULL
9652/3	Hodgkin lymphoma, mixed cellularity, NOS	1
9652/3	Mixed-cellularity CHL	NULL
9653/3	Classic Hodgkin lymphoma, lymphocyte depletion	NULL
9653/3	Classic Hodgkin lymphoma, lymphocyte-depleted	NULL
9653/3	Classical Hodgkin lymphoma, lymphocyte depletion, NOS	NULL
9653/3	Hodgkin lymphoma, lymphocyte depletion, NOS	1
9653/3	Lymphocyte-depleted CHL	NULL
9655/3	Classical Hodgkin lymphoma, lymphocyte depletion, reticular	NULL
9655/3	Hodgkin lymphoma, lymphocyte depletion, reticular	1
9659/3	Hodgkin lymphoma, nodular lymphocyte predominant	1
9659/3	Hodgkin paragranuloma, nodular	NULL
9659/3	Hodgkin paragranuloma, NOS	NULL
9659/3	Nodular lymphocyte predominant B-cell lymphoma	NULL
9659/3	Nodular lymphocyte-predominant Hodgkin lymphoma	NULL
9663/3	Classic Hodgkin lymphoma, nodular sclerosis	NULL
9663/3	Classical Hodgkin lymphoma, nodular sclerosis, NOS	NULL
9663/3	Hodgkin disease, nodular sclerosis, NOS	NULL
9663/3	Hodgkin lymphoma, nodular sclerosis, NOS	1
9663/3	Nodular sclerosis CHL	NULL
9671/3	Immunocytoma	NULL
9671/3	Lymphoplasmacytic lymphoma	1
9671/3	Malignant lymphoma, lymphoplasmacytoid type	NULL
9671/3	Malignant lymphoma, plasmacytoid	NULL
9671/3	Plasmacytic lymphoma	NULL
9673/1	In situ mantle cell lymphoma	NULL
9673/1	In situ mantle cell neoplasia	1
9673/1	In situ mantle cell neoplasm	NULL
9673/3	Conventional mantle cell lymphoma	NULL
9673/3	Cyclin D1–negative mantle cell lymphoma	NULL
9673/3	Cyclin D1-negative MCL	NULL
9673/3	Cyclin D1–positive mantle cell lymphoma	NULL
9673/3	Cyclin D1-positive MCL	NULL
9673/3	Leukemic non-nodal mantle cell lymphoma	NULL
9673/3	Malignant lymphoma, centrocytic	NULL
9673/3	Malignant lymphoma, lymphocytic, intermediate differentiation, diffuse	NULL
9673/3	Malignant lymphomatous polyposis	NULL
9673/3	Mantle cell lymphoma	1
9673/3	Mantle cell lymphoma, conventional	NULL
9673/3	Mantle cell lymphoma, Cyclin D1-negative	NULL
9673/3	Mantle cell lymphoma, Cyclin D1-positive	NULL
9673/3	Mantle zone lymphoma	NULL
9678/3	Extracavitary primary effusion lymphoma	NULL
9678/3	Fibrin-associated diffuse large B-cell lymphoma	NULL
9678/3	Fibrin-associated large B-cell lymphoma	NULL
9678/3	Fluid overload-associated large B-cell lymphoma	NULL
9678/3	Fluid-overload effusion lymphoma	NULL
9678/3	KSHV/HHV8-negative effusion-based lymphoma	NULL
9678/3	Primary effusion lymphoma	1
9679/3	Mediastinal large B-cell lymphoma	1
9679/3	Primary mediastinal large B-cell lymphoma	NULL
9679/3	Thymic large B-cell lymphoma	NULL
9680/1	EBV positive mucocutaneous ulcer	1
9680/1	Epstein–Barr virus (EBV)-positive mucocutaneous ulcer	NULL
9680/3	AIDS-related diffuse large B-cell lymphoma	NULL
9680/3	Anaplastic large B-cell lymphoma	NULL
9680/3	B-cell lymphoma, unclassifiable, with features intermediate between diffuse large B-cell lymphoma and Burkitt lymphoma	NULL
9680/3	Diffuse large B-cell lymphoma associated with chronic inflammation	NULL
9680/3	Diffuse large B-cell lymphoma with MYC and BCL6 rearrangements	NULL
9680/3	Diffuse large B-cell lymphoma, activated B-cell subtype	NULL
9680/3	Diffuse large B-cell lymphoma, activated B-cell-like subtype	NULL
9680/3	Diffuse large B-cell lymphoma, anaplastic subtype	NULL
9680/3	Diffuse large B-cell lymphoma, centroblastic subtype	NULL
9680/3	Diffuse large B-cell lymphoma, germinal center B-cell subtype	NULL
9680/3	Diffuse large B-cell lymphoma, germinal-center B-cell-like subtype	NULL
9680/3	Diffuse large B-cell lymphoma, NOS	1
9680/3	Diffuse large B-cell lymphoma/high-grade B-cell lymphoma with MYC and BCL2 rearrangements (with or without BCL6 rearrangement) with TdT expression	NULL
9680/3	Diffuse large B-cell lymphoma/high-grade B-cell lymphoma with MYC and BCL2 rearrangements with BCL6 rearrangement	NULL
9680/3	Diffuse large B-cell lymphoma/high-grade B-cell lymphoma with MYC and BCL2 rearrangements without BCL6 rearrangement	NULL
9680/3	Diffuse large B-cell lymphoma/high-grade B-cell lymphoma with MYC and BCL2 rearrangements, NOS	NULL
9680/3	Diffuse large B-cell lymphoma/high-grade B-cell lymphoma with MYC and BCL6 rearrangement	NULL
9680/3	DLBCL, activated B-cell subtype	NULL
9680/3	DLBCL, germinal-center B-cell subtype	NULL
9680/3	DLBCL/HGBCL-MYC/BCL2 (with or without BCL6 rearrangement) with TdT expression	NULL
9680/3	DLBCL/HGBCL-MYC/BCL2 with BCL6 rearrangement	NULL
9680/3	DLBCL/HGBCL-MYC/BCL2 without BCL6 rearrangement	NULL
9680/3	DLBCL/HGBL-MYC/BCL2 (with or without BCL6 rearrangement) with TdT expression	NULL
9680/3	DLBCL/HGBL-MYC/BCL2 with BCL6 rearrangement	NULL
9680/3	DLBCL/HGBL-MYC/BCL2 without BCL6 rearrangement	NULL
9680/3	EBV-positive diffuse large B-cell lymphoma	NULL
9680/3	Fibrin-associated diffuse B-cell lymphoma	NULL
9680/3	Fibrin-associated diffuse large B-cell lymphoma	NULL
9680/3	High grade B-cell lymphoma with MYC and BCL6 rearrangement	NULL
9680/3	High-grade B-cell lymphoma NOS with MYC and BCL6 rearrangements	NULL
9680/3	High-grade B-cell lymphoma with MYC and BCL2 and/or BCL6 rearrangements	NULL
9680/3	High-grade B-cell lymphoma with MYC and BCL2 rearrangements	NULL
9680/3	High-grade B-cell lymphoma with MYC, BCL2, and BCL6 rearrangements	NULL
9680/3	High-grade B-cell lymphoma, NOS	NULL
9680/3	Histiocyte-rich large B-cell lymphoma	NULL
9680/3	Immunodeficiency-associated lymphoproliferative disorders	NULL
9680/3	Malignant lymphoma, centroblastic, diffuse	NULL
9680/3	Malignant lymphoma, centroblastic, NOS	NULL
9680/3	Malignant lymphoma, histiocytic, diffuse	NULL
9680/3	Malignant lymphoma, histiocytic, NOS	NULL
9680/3	Malignant lymphoma, large B-cell, diffuse, centroblastic, NOS	NULL
9680/3	Malignant lymphoma, large B-cell, diffuse, NOS	NULL
9680/3	Malignant lymphoma, large B-cell, NOS	NULL
9680/3	Malignant lymphoma, large cell, cleaved and noncleaved	NULL
9680/3	Malignant lymphoma, large cell, cleaved, diffuse	NULL
9680/3	Malignant lymphoma, large cell, cleaved, NOS	NULL
9680/3	Malignant lymphoma, large cell, diffuse, NOS	NULL
9680/3	Malignant lymphoma, large cell, noncleaved, diffuse	NULL
9680/3	Malignant lymphoma, large cell, noncleaved, NOS	NULL
9680/3	Malignant lymphoma, large cell, NOS	NULL
9680/3	Malignant lymphoma, noncleaved, diffuse, NOS	NULL
9680/3	Malignant lymphoma, noncleaved, NOS	NULL
9680/3	Primary central nervous system lymphoma	NULL
9680/3	Primary cutaneous diffuse large B-cell lymphoma	NULL
9680/3	Primary cutaneous diffuse large B-cell lymphoma, leg type	NULL
9680/3	Primary diffuse large B-cell lymphoma of the CNS	NULL
9680/3	Primary diffuse large B-cell lymphoma of the testis	NULL
9680/3	Primary diffuse large B-cell lymphoma of the vitreoretina	NULL
9680/3	Primary large B-cell lymphoma of immune privileged sites	NULL
9680/3	Primary large B-cell lymphoma of the CNS	NULL
9680/3	Primary large B-cell lymphoma of the testis	NULL
9680/3	Primary large B-cell lymphoma of vitreoretina	NULL
9680/3	Primary vitreoretinal large B-cell lymphoma	NULL
9680/3	Pyothorax-associated lymphoma	NULL
9680/3	Vitreoretinal lymphoma	NULL
9687/3	Acute leukemia, Burkitt type	NULL
9687/3	Acute lymphoblastic leukemia, mature B-cell type	NULL
9687/3	B-ALL	NULL
9687/3	Burkitt cell leukemia	NULL
9687/3	Burkitt lymphoma, EBV-associated	NULL
9687/3	Burkitt lymphoma, EBV-negative	NULL
9687/3	Burkitt lymphoma, endemic	NULL
9687/3	Burkitt lymphoma, immunodeficiency-associated	NULL
9687/3	Burkitt lymphoma, NOS	1
9687/3	Burkitt lymphoma, sporadic	NULL
9687/3	Burkitt tumor	NULL
9687/3	Burkitt-like lymphoma with 11q aberration	NULL
9687/3	Burkitt-like lymphoma, NOS	NULL
9687/3	Endemic Burkitt lymphoma	NULL
9687/3	FAB L3	NULL
9687/3	High-grade B-cell lymphoma with 11q aberration	NULL
9687/3	Immunodeficiency-associated Burkitt lymphoma	NULL
9687/3	Large B-cell lymphoma with 11q aberration	NULL
9687/3	Malignant lymphoma, small noncleaved, Burkitt type	NULL
9687/3	Malignant lymphoma, undifferentiated, Burkitt type	NULL
9687/3	Sporadic Burkitt lymphoma	NULL
9688/3	Diffuse large B-cell lymphoma associated with chronic inflammation	NULL
9688/3	Histiocyte-rich large B-cell lymphoma	NULL
9688/3	T-cell histiocyte-rich large B-cell lymphoma	1
9688/3	T-cell rich large B-cell lymphoma	NULL
9688/3	T-cell/histiocyte rich large B-cell lymphoma	1
9688/3	T-cell/histiocyte-rich large B-cell lymphoma progressed from nodular lymphocyte-predominant Hodgkin lymphoma	NULL
9688/3	T-cell/histiocyte-rich large B-cell lymphoma, de novo	NULL
9689/3	Splenic lymphoma with villous lymphocytes	NULL
9689/3	Splenic marginal zone B-cell lymphoma	1
9689/3	Splenic marginal zone lymphoma, NOS	NULL
9690/3	BCL2-R-negative CD23-positive follicle centre lymphoma	NULL
9690/3	Classic Follicular Lymphoma	NULL
9690/3	Follicular lymphoma with a predominantly diffuse growth pattern	NULL
9690/3	Follicular lymphoma with uncommon features	NULL
9690/3	Follicular lymphoma with unusual cytological features	NULL
9690/3	Follicular lymphoma, classic	NULL
9690/3	Follicular lymphoma, NOS	1
9690/3	Follicular lymphoma, pediatric type	NULL
9690/3	Follicular lymphoma, pediatric-type	NULL
9690/3	Malignant lymphoma, centroblastic-centrocytic, follicular	NULL
9690/3	Malignant lymphoma, follicle center, follicular	NULL
9690/3	Malignant lymphoma, follicle center, NOS	NULL
9690/3	Malignant lymphoma, follicular, NOS	NULL
9690/3	Malignant lymphoma, lymphocytic, nodular, NOS	NULL
9690/3	Malignant lymphoma, nodular, NOS	NULL
9690/3	Pediatric follicular lymphoma	NULL
9690/3	pediatric-type follicular lymphoma	NULL
9691/3	Follicular lymphoma, grade 2	1
9691/3	Malignant lymphoma, mixed cell type, follicular	NULL
9691/3	Malignant lymphoma, mixed cell type, nodular	NULL
9691/3	Malignant lymphoma, mixed lymphocytic-histiocytic, nodular	NULL
9691/3	Malignant lymphoma, mixed small cleaved and large cell, follicular	NULL
9695/1	In situ follicular B-cell neoplasm	NULL
9695/1	In situ follicular lymphoma	NULL
9695/1	In situ follicular neoplasia	1
9695/3	Duodenal-type follicular lymphoma	NULL
9695/3	Follicular lymphoma, duodenal type	NULL
9695/3	Follicular lymphoma, duodenal-type	NULL
9695/3	Follicular lymphoma, grade 1	1
9695/3	Follicular lymphoma, small cleaved cell	NULL
9695/3	Malignant lymphoma, lymphocytic, poorly differentiated, nodular	NULL
9695/3	Malignant lymphoma, small cleaved cell, follicular	NULL
9695/3	Primary intestinal follicular lymphoma	NULL
9698/3	Follicular large B-cell lymphoma	NULL
9698/3	Follicular lymphoma, grade 3	1
9698/3	Follicular lymphoma, grade 3A	NULL
9698/3	Follicular lymphoma, grade 3B	NULL
9698/3	Large B-cell lymphoma with IRF4 rearrangement	NULL
9698/3	Malignant lymphoma, centroblastic, follicular	NULL
9698/3	Malignant lymphoma, histiocytic, nodular	NULL
9698/3	Malignant lymphoma, large cell, follicular, NOS	NULL
9698/3	Malignant lymphoma, large cell, noncleaved, follicular	NULL
9698/3	Malignant lymphoma, large cleaved cell, follicular	NULL
9698/3	Malignant lymphoma, lymphocytic, well differentiated, nodular	NULL
9698/3	Malignant lymphoma, noncleaved cell, follicular, NOS	NULL
9699/3	BALT lymphoma	NULL
9699/3	Bronchus-associated lymphoid tissue lymphoma	NULL
9699/3	Extranodal marginal zone lymphoma	NULL
9699/3	Extranodal marginal zone lymphoma of MALT	NULL
9699/3	Extranodal marginal zone lymphoma of mucosa-associated lymphoid tissue	NULL
9699/3	Extranodal marginal zone lymphoma of mucosa-associated lymphoid tissue (MALT lymphoma)	NULL
9699/3	Heavy chain class-switched subtype of primary cutaneous marginal zone lymphoma	NULL
9699/3	IgM-positive non–class-switched subtype of primary cutaneous marginal zone lymphoma	NULL
9699/3	MALT lymphoma	NULL
9699/3	MALT lymphoma of the dura	NULL
9699/3	Marginal zone B-cell lymphoma, NOS	1
9699/3	Marginal zone lymphoma, NOS	NULL
9699/3	Monocytoid B-cell lymphoma	NULL
9699/3	Mucosa-associated lymphoid tissue lymphoma	NULL
9699/3	Nodal marginal zone lymphoma	NULL
9699/3	pediatric nodal marginal zone lymphoma	NULL
9699/3	Primary choroidal lymphoma	NULL
9699/3	Primary cutaneous marginal zone lymphoma	NULL
9699/3	Primary cutaneous marginal zone lymphoma (PCMZL)	NULL
9699/3	Primary cutaneous marginal zone lymphoma, heavy chain class-switched form	NULL
9699/3	Primary cutaneous marginal zone lymphoma, heavy chain class-switched form (IgG+, IgA+, or IgE+)	NULL
9699/3	Primary cutaneous marginal zone lymphoma, heavy chain class-switched subtype	NULL
9699/3	Primary cutaneous marginal zone lymphoma, IgM-positive non-class-switched subtype	NULL
9699/3	Primary cutaneous marginal zone lymphoma, non-class-switched form	NULL
9699/3	Primary cutaneous marginal zone lymphoma, non-class-switched form (IgM+)	NULL
9699/3	Primary cutaneous marginal zone lymphoproliferative disorder	NULL
9699/3	SALT lymphoma	NULL
9699/3	Skin-associated lymphoid tissue lymphoma	NULL
9700/3	Adnexotropic (folliculotropic and/or syringotropic) mycosis fungoides	NULL
9700/3	Folliculotropic mycosis fungoides	NULL
9700/3	Granulomatous slack skin disease	NULL
9700/3	Hypopigmented mycosis fungoides	NULL
9700/3	Mycosis fungoides	1
9700/3	Pagetoid reticulosis	NULL
9700/3	Pagetoid reticulosis (Woringer–Kolopp type)	NULL
9701/3	Sezary disease	NULL
9701/3	Sézary disease	NULL
9701/3	Sezary syndrome	1
9701/3	Sézary syndrome	NULL
9702/1	Atypical NK-cell proliferation of the gastrointestinal tract	NULL
9702/1	Indolent clonal T-cell lymphoproliferative disorder of the gastrointestinal tract	NULL
9702/1	Indolent NK-cell lymphoproliferative disorder of the gastrointestinal tract	NULL
9702/1	Indolent T-cell lymphoma of gastrointestinal tract	NULL
9702/1	Indolent T-cell lymphoproliferative disorder of gastrointestinal tract	1
9702/1	Lymphomatoid gastropathy	NULL
9702/1	NK-cell enteropathy	NULL
9702/3	EBV-positive nodal T- and NK-cell lymphoma	NULL
9702/3	Follicular helper T-cell lymphoma NOS	NULL
9702/3	Follicular helper T-cell lymphoma, follicular type	NULL
9702/3	Follicular T-cell lymphoma	NULL
9702/3	Lennert lymphoma	NULL
9702/3	Lymphoepithelioid lymphoma	NULL
9702/3	Mature T-cell lymphoma, NOS	1
9702/3	Nodal EBV+ cytotoxic T-cell lymphoma	NULL
9702/3	Nodal peripheral T-cell lymphoma with T follicular helper phenotype	NULL
9702/3	Nodal peripheral T-cell lymphoma with TFH phenotype	NULL
9702/3	Nodal peripheral T-cell lymphoma, EBV+ positive	NULL
9702/3	Nodal peripheral T-cell lymphoma, EBV-positive	NULL
9702/3	Nodal T follicular helper cell lymphoma, follicular type	NULL
9702/3	Nodal T follicular helper cell lymphoma, follicular type (nTFHL-F)	NULL
9702/3	Nodal T follicular helper cell lymphoma, NOS	NULL
9702/3	Nodal T follicular helper cell lymphoma, NOS (nTFHL)	NULL
9702/3	Peripheral T-cell lymphoma with TFH phenotype	NULL
9702/3	Peripheral T-cell lymphoma, large cell	NULL
9702/3	Peripheral T-cell lymphoma, NOS	NULL
9702/3	Peripheral T-cell lymphoma, pleomorphic medium and large cell	NULL
9702/3	Peripheral T-cell lymphoma, pleomorphic small cell	NULL
9702/3	Primary nodal EBV-positive T/NK-cell lymphoma	NULL
9702/3	T-cell lymphoma, NOS	NULL
9702/3	T-zone lymphoma	NULL
9705/3	Angioimmunoblastic lymphoma	NULL
9705/3	Angioimmunoblastic T-cell lymphoma	1
9705/3	Follicular helper T-cell lymphoma, angioimmunoblastic type	NULL
9705/3	Nodal T follicular helper cell lymphoma, angioimmunoblastic type	NULL
9705/3	Nodal T follicular helper cell lymphoma, angioimmunoblastic type (nTFHL-AL)	NULL
9705/3	Peripheral T-cell lymphoma, AILD (Angioimmunoblastic Lymphadenopathy with Dysproteinemia)	NULL
9708/3	Subcutaneous panniculitis-like T-cell lymphoma	1
9709/1	Primary cutaneous CD4 positive small/medium T-cell lymphoma	NULL
9709/1	Primary cutaneous CD4 positive small/medium T-cell lymphoproliferative disorder	1
9709/1	Primary cutaneous CD4-positive small or medium T-cell lymphoproliferative disorder	NULL
9709/3	Cutaneous lymphoma, NOS	NULL
9709/3	Cutaneous T-cell lymphoma, NOS	1
9709/3	Primary cutaneous acral CD8 positive T-cell lymphoma	NULL
9709/3	Primary cutaneous acral CD8-positive T-cell lymphoproliferative disorder	NULL
9709/3	Primary cutaneous CD8-positive aggressive epidermotropic cytotoxic T-cell lymphoma	NULL
9709/3	Primary cutaneous peripheral T-cell lymphoma, NOS	NULL
9709/3	Primary cutaneous peripheral T-cell lymphoma, unspecified	NULL
9712/3	Angioendotheliomatosis	NULL
9712/3	Angiotropic lymphoma	NULL
9712/3	Classic intravascular (large) B-cell lymphoma (Classic IVLBCL)	NULL
9712/3	Classic intravascular large B-cell lymphoma	NULL
9712/3	Cutaneous intravascular large B-cell lymphoma	NULL
9712/3	Hemophagocytic intravascular large B-cell lymphoma	NULL
9712/3	Intravascular B-cell lymphoma	NULL
9712/3	Intravascular large B-cell lymphoma	1
9712/3	Intravascular large B-cell lymphoma, classic	NULL
9712/3	Intravascular large B-cell lymphoma, cutaneous	NULL
9712/3	Intravascular large B-cell lymphoma, hemophagocytic	NULL
9714/3	ALK positive anaplastic large cell lymphoma, Composite	NULL
9714/3	ALK positive anaplastic large cell lymphoma, Hodgkin like	NULL
9714/3	ALK positive anaplastic large cell lymphoma, lymphohistiocytic	NULL
9714/3	ALK positive anaplastic large cell lymphoma, small cell	NULL
9714/3	ALK-positive anaplastic large cell lymphoma	NULL
9714/3	ALK-positive anaplastic large cell lymphoma, common	NULL
9714/3	Anaplastic large cell lymphoma (ALK+/ALK-)	NULL
9714/3	Anaplastic large cell lymphoma, ALK-positive	NULL
9714/3	Anaplastic large cell lymphoma, CD30 positive	NULL
9714/3	Anaplastic large cell lymphoma, NOS	NULL
9714/3	Anaplastic large cell lymphoma, T-cell and Null-cell type	1
9714/3	Common ALK+ ALCL	NULL
9714/3	Composite ALK+ ALCL	NULL
9714/3	Hodgkin-like ALK+ ALCL	NULL
9714/3	Large cell (Ki-1 positive) lymphoma	NULL
9714/3	Lymphohistiocytic ALK+ ALCL	NULL
9714/3	Small cell ALK+ ALCL	NULL
9714/3	Systemic anaplastic large cell lymphoma, ALK-positive	NULL
9715/3	Anaplastic large cell lymphoma, ALK negative	1
9715/3	Breast implant-associated anaplastic large cell lymphoma	NULL
9715/3	Seroma-associated anaplastic large cell lymphoma	NULL
9715/3	Systemic anaplastic large cell lymphoma, ALK-negative	NULL
9716/3	Hepatosplenic gamma-delta cell lymphoma	NULL
9716/3	Hepatosplenic T-cell lymphoma	1
9717/3	Enteropathy type intestinal T-cell lymphoma	NULL
9717/3	Enteropathy-associated T-cell lymphoma	NULL
9717/3	Enteropathy-associated T-cell lymphoma, type 1	NULL
9717/3	Enteropathy-associated T-cell lymphoma, type 2	NULL
9717/3	Enteropathy-associated T-cell lymphoma, type I	NULL
9717/3	Enteropathy-associated T-cell lymphoma, type II	NULL
9717/3	Enteropathy-type intestinal T-cell lymphoma	NULL
9717/3	Intestinal T-cell lymphoma	1
9717/3	Monomorphic epitheliotropic intestinal T-cell lymphoma	NULL
9718/1	CD30-positive T-cell lymphoproliferative disorder	NULL
9718/1	Lymphomatoid papulosis A, B, C, D, and E	NULL
9718/1	Lymphomatoid papulosis type A	NULL
9718/1	Lymphomatoid papulosis type B	NULL
9718/1	Lymphomatoid papulosis type C	NULL
9718/1	Lymphomatoid papulosis type D	NULL
9718/1	Lymphomatoid papulosis type E	NULL
9718/1	Lymphomatoid papulosis with DUSP22 locus rearrangement	NULL
9718/1	Lymphomatoid papulosis with DUSP22-IRF4 rearrangement	NULL
9718/1	Primary cutaneous CD30 positive T-cell lymphoproliferative disorder	NULL
9718/1	Primary cutaneous CD30-positive T-cell lymphoproliferative disorder: Lymphomatoid papulosis	NULL
9718/1	Primary mucosal CD30+ T-cell lymphoproliferative disorder	NULL
9718/1	Primary mucosal CD30-positive T-cell lymphoproliferative disorder	NULL
9718/3	Ocular adnexal T-cell lymphoma	NULL
9718/3	Primary cutaneous anaplastic large cell lymphoma	1
9718/3	Primary cutaneous CD30-positive large T-cell lymphoma	NULL
9718/3	Primary cutaneous CD30-positive T-cell lymphoproliferative disorder: Primary cutaneous anaplastic large cell lymphoma	NULL
9718/3	Primary mucosal CD30 positive large T-cell lymphoma	NULL
9719/3	Angiocentric T-cell lymphoma	NULL
9719/3	EBV-positive extranodal NK/T-cell lymphoma	NULL
9719/3	Extranasal lymphoma, arising from the skin, gastrointestinal tract, testis, or soft tissue	NULL
9719/3	Extranodal NK/T-cell lymphoma	NULL
9719/3	Extranodal NK/T-cell lymphoma, nasal type	NULL
9719/3	Extranodal NK/T-cell lymphoma, non-nasal (extranasal)	NULL
9719/3	Malignant midline reticulosis	NULL
9719/3	Malignant reticulosis, NOS	NULL
9719/3	Nasal ENKTL	NULL
9719/3	Nasal lymphoma, involving the nasal and/or paranasal region	NULL
9719/3	NK/T-cell lymphoma	NULL
9719/3	NK/T-cell lymphoma, nasal and nasal type	1
9719/3	Non-nasal (extranasal) lymphoma	NULL
9719/3	Polymorphic reticulosis	NULL
9719/3	T/NK-cell lymphoma	NULL
9724/3	Systemic EBV positive T-cell lymphoproliferative disease of childhood	1
9724/3	Systemic EBV-positive T-cell lymphoma of childhood	NULL
9725/1	Classic hydroa vacciniforme lymphoproliferative disorder	NULL
9725/1	Hydroa vacciniforme lymphoproliferative disorder	NULL
9725/1	Hydroa vacciniforme lymphoproliferative disorder, classic	NULL
9725/1	Hydroa vacciniforme lymphoproliferative disorder, systemic	NULL
9725/1	Hydroa vacciniforme-like lymphoma	NULL
9725/1	Hydroa vacciniforme-like lymphoproliferative disorder	1
9725/1	Systemic chronic active EBV disease	NULL
9725/1	Systemic chronic active EBV-positive disease	NULL
9725/1	Systemic hydroa vacciniforme lymphoproliferative disorder	NULL
9726/3	Primary cutaneous gamma-delta T-cell lymphoma	1
9727/1	Mature plasmacytoid dendritic cell proliferation	NULL
9727/1	Mature plasmacytoid dendritic cell proliferation associated with myeloid neoplasm	NULL
9727/3	Agranular CD4+ CD56+ hematodermic neoplasm/​tumor	NULL
9727/3	Agranular CD4+ NK leukemia	NULL
9727/3	Blastic NK leukemia/​lymphoma	NULL
9727/3	Blastic NK-cell lymphoma	NULL
9727/3	Blastic plasmacytoid dendritic cell neoplasm	NULL
9727/3	Lymphoblastoma	NULL
9727/3	Malignant lymphoma, convoluted cell	NULL
9727/3	Malignant lymphoma, lymphoblastic, NOS	NULL
9727/3	Precursor cell lymphoblastic lymphoma, NOS	1
9731/3	Plasma cell tumor	NULL
9731/3	Plasmacytoma of bone	NULL
9731/3	Plasmacytoma, NOS	1
9731/3	Solitary myeloma	NULL
9731/3	Solitary plasmacytoma	NULL
9731/3	Solitary plasmacytoma of bone	NULL
9732/3	Multiple myeloma	NULL
9732/3	Myeloma, NOS	NULL
9732/3	Myelomatosis	NULL
9732/3	Non-secretory myeloma	NULL
9732/3	Plasma cell myeloma	1
9732/3	Smoldering (asymptomatic) myeloma	NULL
9734/3	Extraosseous plasmacytoma	NULL
9734/3	Plasmacytoma, extramedullary	1
9735/3	Plasmablastic lymphoma	1
9737/3	ALK positive large B-cell lymphoma	1
9738/1	KSHV/HHV8-positive germinotropic lymphoproliferative disorder (GLPD)	NULL
9738/3	HHV8 positive diffuse large B-cell lymphoma	1
9738/3	HHV8-positive germinotropic lymphoproliferative disorder	NULL
9738/3	KSHV/HHV8-positive diffuse large B-cell lymphoma	NULL
9738/3	Large B-cell lymphoma arising in HHV8-associated multicentric Castleman disease	NULL
9740/1	Cutaneous mastocytosis	NULL
9740/1	Cutaneous mastocytosis, maculopapular	NULL
9740/1	Diffuse cutaneous mastocytosis	NULL
9740/1	Extracutaneous mastocytoma	NULL
9740/1	Maculopapular cutaneous mastocytosis	NULL
9740/1	Mast cell tumor, NOS	NULL
9740/1	Mastocytoma, NOS	1
9740/1	Solitary mastocytoma of skin	NULL
9740/1	Urticaria pigmentosa	NULL
9740/3	Malignant mast cell tumor	NULL
9740/3	Malignant mastocytoma	NULL
9740/3	Mast cell sarcoma	1
9740/3	Systemic mastocytosis	NULL
9741/1	Bone marrow mastocytosis	NULL
9741/1	Indolent systemic mastocytosis	1
9741/1	Smoldering systemic mastocytosis	NULL
9741/1	Systemic mast cell disease	NULL
9741/1	Systemic mastocytosis, NOS	NULL
9741/1	Systemic mastocytosis, smoldering	NULL
9741/3	Aggressive systemic mastocytosis	NULL
9741/3	Malignant mastocytosis	1
9741/3	Systemic mastocytosis with AHNMD	NULL
9741/3	Systemic mastocytosis with an associated clonal hematological non-mast cell lineage disease	NULL
9741/3	Systemic mastocytosis with an associated hematological neoplasm	NULL
9741/3	Systemic mastocytosis with associated hematological clonal non-mast cell disorder	NULL
9741/3	Systemic tissue mast cell disease	NULL
9742/3	Mast cell leukemia	1
9749/1	Disseminated juvenile xanthogranuloma	NULL
9749/1	Juvenile xanthogranuloma	NULL
9749/3	Erdheim-Chester disease	1
9749/3	Rosai-Dorfman disease	NULL
9749/3	Rosai-Dorfman-Destombes disease	NULL
9749/3	Sinus histiocytosis with massive lymphadenopathy	NULL
9750/3	ALK-positive histiocytosis	NULL
9750/3	ALK-rearranged histiocytosis	NULL
9750/3	ALK-related histiocytosis	NULL
9751/1	Eosinophilic granuloma	NULL
9751/1	Hand-Schuller-Christian disease	NULL
9751/1	Histiocytosis X, NOS	NULL
9751/1	Langerhans cell granulomatosis	NULL
9751/1	Langerhans cell histiocytosis, mono-ostotic	NULL
9751/1	Langerhans cell histiocytosis, monostotic	NULL
9751/1	Langerhans cell histiocytosis, multifocal	NULL
9751/1	Langerhans cell histiocytosis, NOS	1
9751/1	Langerhans cell histiocytosis, poly-ostotic	NULL
9751/1	Langerhans cell histiocytosis, polystotic	NULL
9751/1	Langerhans cell histiocytosis, unifocal	NULL
9751/1	Multisystem Langerhans cell histiocytosis, with two or more organs/systems involved	NULL
9751/1	Single-system Langerhans cell histiocytosis, with one organ/system involved (unifocal or multifocal)	NULL
9751/3	Acute progressive histiocytosis X	NULL
9751/3	Histiocytosis X, NOS	NULL
9751/3	Langerhans cell granulomatosis	NULL
9751/3	Langerhans cell histiocytosis, disseminated	1
9751/3	Letterer-Siwe disease	NULL
9751/3	Nonlipid reticuloendotheliosis	NULL
9755/3	Histiocytic sarcoma	1
9755/3	True histiocytic lymphoma	NULL
9756/3	Langerhans cell sarcoma	1
9756/3	Langerhans cell sarcoma, Primary	NULL
9756/3	Langerhans cell sarcoma, Secondary	NULL
9756/3	Malignant histiocytosis of Langerhans phenotype	NULL
9757/3	Dendritic cell sarcoma, NOS	NULL
9757/3	Indeterminate cell histiocytosis	NULL
9757/3	Indeterminate dendritic cell histiocytosis	NULL
9757/3	Indeterminate dendritic cell tumor	NULL
9757/3	Interdigitating cell sarcoma	NULL
9757/3	Interdigitating dendritic cell sarcoma	1
9757/3	Interdigitating dendritic cell tumor	NULL
9758/3	EBV-positive inflammatory follicular dendritic cell sarcoma	NULL
9758/3	Follicular dendritic cell sarcoma	1
9758/3	Follicular dendritic cell tumor	NULL
9759/3	Fibroblastic dendritic cell tumor	NULL
9759/3	Fibroblastic reticular cell sarcoma	NULL
9759/3	Fibroblastic reticular cell tumor	1
9760/1	Cold agglutinin disease	NULL
9760/1	IgG4-related disease	NULL
9760/1	Primary cold agglutinin disease	NULL
9760/1	Primary cold agglutinin-associated lymphoproliferative disease	NULL
9761/1	IgM monoclonal gammopathy of undetermined significance	1
9761/3	IgM LPL/Waldenstrom Macroglobulinemia type	NULL
9761/3	IgM LPL/Waldenström Macroglobulinemia type	NULL
9761/3	IgM-type lymphoplasmacytic lymphoma/Waldenstrom macroglobulinemia	NULL
9761/3	IgM-type lymphoplasmacytic lymphoma/Waldenström macroglobulinemia	NULL
9761/3	Non-IgM LPL/Waldenstrom Macroglobulinemia type	NULL
9761/3	Non-IgM LPL/Waldenström macroglobulinemia type	NULL
9761/3	Non-IgM-type lymphoplasmacytic lymphoma/Waldenstrom macroglobulinemia	NULL
9761/3	Non-IgM-type lymphoplasmacytic lymphoma/Waldenström macroglobulinemia	NULL
9761/3	Waldenstrom macroglobulinemia	1
9761/3	Waldenström macroglobulinemia	NULL
9762/3	Alpha heavy chain disease	NULL
9762/3	Franklin disease	NULL
9762/3	Gamma heavy chain disease	NULL
9762/3	Heavy chain deposition disease, NOS	NULL
9762/3	Heavy chain disease, NOS	1
9762/3	Immunoproliferative small intestinal disease	NULL
9762/3	Mediterranean lymphoma	NULL
9762/3	Mu heavy chain disease	NULL
9765/1	IgA MGUS	NULL
9765/1	IgA monoclonal gammopathy of undetermined significance	NULL
9765/1	IgD MGUS	NULL
9765/1	IgD monoclonal gammopathy of undetermined significance	NULL
9765/1	IgE MGUS	NULL
9765/1	IgE monoclonal gammopathy of undetermined significance	NULL
9765/1	IgG MGUS	NULL
9765/1	IgG monoclonal gammopathy of undetermined significance	NULL
9765/1	Light chain MGUS	NULL
9765/1	Light chain monoclonal gammopathy of undetermined significance	NULL
9765/1	MGUS	NULL
9765/1	Monoclonal gammopathy of renal significance	NULL
9765/1	Monoclonal gammopathy of undetermined significance, NOS	1
9765/1	Monoclonal gammopathy, NOS	NULL
9765/1	Non-IgM MGUS	NULL
9765/1	Non-IgM monoclonal gammopathy of undetermined significance	NULL
9766/1	Angiocentric immunoproliferative lesion	1
9766/1	Lymphomatoid granulomatosis, grade 1	NULL
9766/1	Lymphomatoid granulomatosis, grade 1 and 2	NULL
9766/1	Lymphomatoid granulomatosis, grade 2	NULL
9766/1	Lymphomatoid granulomatosis, NOS	NULL
9766/3	Lymphomatoid granulomatosis, grade 3	1
9767/1	Angioimmunoblastic lymphadenopathy (AIL)	1
9767/1	Immunoblastic lymphadenopathy (IBL)	NULL
9768/1	T-gamma lymphoproliferative disease	1
9769/1	AL amyloidoma	NULL
9769/1	AL amyloidosis, NOS	NULL
9769/1	Heavy chain AL amyloidosis	NULL
9769/1	Immunoglobulin deposition disease	1
9769/1	Immunoglobulin light chain amyloidoma	NULL
9769/1	Immunoglobulin light chain amyloidoma (AL amyloidoma)	NULL
9769/1	Immunoglobulin-related amyloidosis (AL amyloidosis), NOS	NULL
9769/1	Light and heavy chain deposition disease	NULL
9769/1	Light chain amyloidosis	NULL
9769/1	Light chain deposition disease	NULL
9769/1	Localized AL amyloidosis	NULL
9769/1	Monoclonal immunoglobulin deposition disease	NULL
9769/1	Primary amyloidosis	NULL
9769/1	Randall-type monoclonal immunoglobulin deposition disease	NULL
9769/1	Systemic AL amyloidosis	NULL
9769/1	Systemic light chain disease	NULL
9800/3	Aleukemic leukemia, NOS	NULL
9800/3	Chronic leukemia, NOS	NULL
9800/3	Leukemia, NOS	1
9800/3	Subacute leukemia, NOS	NULL
9801/3	Acute leukemia, NOS	1
9801/3	Acute undifferentiated leukemia	NULL
9801/3	Blast cell leukemia	NULL
9801/3	Stem cell leukemia	NULL
9801/3	Undifferentiated leukemia	NULL
9805/3	Acute leukemia of ambiguous lineage with BCL11B rearrangement	NULL
9805/3	Acute leukemia of ambiguous lineage with other defined genetic abnormalities	NULL
9805/3	Acute leukemia of ambiguous lineage with other defined genetic alterations	NULL
9805/3	Acute leukemia of ambiguous lineage, NOS	NULL
9805/3	Mixed-phenotype acute leukemia (MPAL) with ZNF384 rearrangement	NULL
9805/3	Mixed-phenotype acute leukemia B/T	NULL
9805/3	Mixed-phenotype acute leukemia B/T/Myeloid	NULL
9805/3	Mixed-phenotype acute leukemia with ZNF384 rearrangement	NULL
9805/3	Mixed-phenotype acute leukemia, B/T (MPAL-B/T)	NULL
9805/3	Mixed-phenotype acute leukemia, B/T/Myeloid (MPAL-B/T/M)	NULL
9805/3	Mixed-phenotype acute leukemia, T/megakaryocytic	NULL
9805/3	Mixed-phenotype acute leukemia, T/Megakaryocytic (MPAL-T/Mk)	NULL
9806/3	Mixed phenotype acute leukemia with t(9;22)(q34;q11.2); BCR-ABL1	1
9806/3	Mixed-phenotype acute leukemia  with BCR::ABL1	NULL
9806/3	Mixed-phenotype acute leukemia with BCR::ABL1 fusion	NULL
9806/3	Mixed-phenotype acute leukemia with t(9;22)(q34;q11.2)	NULL
9807/3	Mixed phenotype acute leukemia with t(v;11q23); MLL rearranged	1
9807/3	Mixed-phenotype acute leukemia with KMT2A rearrangement	NULL
9808/3	Mixed phenotype acute leukemia, B/myeloid, NOS	1
9809/3	Mixed phenotype acute leukemia, T/myeloid, NOS	1
9811/3	B lymphoblastic leukemia/lymphoma, NOS	1
9811/3	B-ALL with DUX4 rearrangement	NULL
9811/3	B-ALL with iAMP21	NULL
9811/3	B-ALL with MEF2D rearrangement	NULL
9811/3	B-ALL with NUTM1 rearrangement	NULL
9811/3	B-ALL with PAX5 alteration	NULL
9811/3	B-ALL with PAX5 p.P80R variant	NULL
9811/3	B-ALL with ZNF384 rearrangement	NULL
9811/3	B-cell acute lymphoblastic leukemia (B-ALL)	NULL
9811/3	B-cell lymphoblastic leukemia/lymphoma	NULL
9811/3	B-cell lymphoblastic lymphoma	NULL
9811/3	B-lymphoblastic leukemia (B-ALL) with recurrent genetic alterations	NULL
9811/3	B-lymphoblastic leukemia (B-ALL), NOS	NULL
9811/3	B-lymphoblastic leukemia with MYC rearrangement	NULL
9811/3	B-lymphoblastic leukemia/lymphoma NUTM1 rearrangement	NULL
9811/3	B-lymphoblastic leukemia/lymphoma with DUX4 rearrangement	NULL
9811/3	B-lymphoblastic leukemia/lymphoma with iAMP21	NULL
9811/3	B-lymphoblastic leukemia/lymphoma with MEF2D rearrangement	NULL
9811/3	B-lymphoblastic leukemia/lymphoma with MYC rearrangement	NULL
9811/3	B-lymphoblastic leukemia/lymphoma with NUTM1 rearrangement	NULL
9811/3	B-lymphoblastic leukemia/lymphoma with other defined genetic alterations	NULL
9811/3	B-lymphoblastic leukemia/lymphoma with PAX5 alt	NULL
9811/3	B-lymphoblastic leukemia/lymphoma with PAX5 alteration	NULL
9811/3	B-lymphoblastic leukemia/lymphoma with PAX5 p.P80R	NULL
9811/3	B-lymphoblastic leukemia/lymphoma with PAX5alt	NULL
9811/3	B-lymphoblastic leukemia/lymphoma with PAX5p.P80R	NULL
9811/3	B-lymphoblastic leukemia/lymphoma with ZNF384  rearrangement	NULL
9811/3	c-ALL	NULL
9811/3	Common ALL	NULL
9811/3	Common precursor B ALL	NULL
9811/3	Pre-B ALL	NULL
9811/3	Pre-B-lymphoblastic leukemia	NULL
9811/3	Precursor B-cell acute lymphoblastic leukemia	NULL
9811/3	Precursor B-cell lymphoblastic leukemia	NULL
9811/3	Precursor B-cell lymphoblastic lymphoma	NULL
9811/3	Pre-pre-B ALL	NULL
9811/3	Pro-/pre-B-lymphoblastic leukemia	NULL
9811/3	Pro-B ALL	NULL
9811/3	Pro-B lymphoblastic leukemia	NULL
9812/3	B lymphoblastic leukemia/lymphoma with t(9;22)(q34;q11.2); BCR-ABL1	1
9812/3	B-(acute) lymphoblastic leukemia/lymphoma (B-ALL) with BCR::ABL1 fusion	NULL
9812/3	B-ALL with BCR::ABL1 fusion	NULL
9812/3	B-lymphoblastic leukemia/lymphoma with BCR::ABL1 fusion	NULL
9812/3	B-lymphoblastic leukemia/lymphoma with t(9;22)(q34;q11.2)	NULL
9813/3	B lymphoblastic leukemia/lymphoma with t(v;11q23); MLL rearranged	1
9813/3	B-ALL with KMT2A rearrangement	NULL
9813/3	B-lymphoblastic leukemia/lymphoma with KMT2A rearrangement	NULL
9814/3	B lymphoblastic leukemia/lymphoma with t(12;21)(p13;q22); TEL-AML1 (ETV6-RUNX1)	NULL
9814/3	B-ALL with ETV6::RUNX1 fusion	NULL
9814/3	B-ALL with ETV6::RUNX1-like features (provisional subtype)	NULL
9814/3	B-lymphoblastic leukemia/lymphoma with ETV6::RUNX1 fusion	NULL
9814/3	B-lymphoblastic leukemia/lymphoma with ETV6::RUNX1-like features	NULL
9814/3	B-lymphoblastic leukemia/lymphoma with ETV6:RUNX1 fusion	NULL
9814/3	B-lymphoblastic leukemia/lymphoma with t(12;21)(p13;q22); TEL::AML1 (ETV6::RUNX1)	NULL
9815/3	B lymphoblastic leukemia/lymphoma with hyperdiploidy	1
9815/3	B-ALL with high hyperdiploidy	NULL
9815/3	B-lymphoblastic leukemia/lymphoma with high hyperdiploidy	NULL
9816/3	B lymphoblastic leukemia/lymphoma with hypodiploidy (hypodiploid ALL)	NULL
9816/3	B-ALL with high hypodiploidy	NULL
9816/3	B-ALL with low hypodiploidy	NULL
9816/3	B-ALL with near-haploidy	NULL
9816/3	B-lymphoblastic leukemia/lymphoma with high hypodiploidy	NULL
9816/3	B-lymphoblastic leukemia/lymphoma with low hypodiploidy	NULL
9816/3	B-lymphoblastic leukemia/lymphoma with near-haploidy	NULL
9816/3	High-hypodiploid B-lymphoblastic leukemia/lymphoma with hypodiploidy	NULL
9816/3	Low-hypodiploid B-lymphoblastic leukemia/lymphoma with hypodiploidy	NULL
9816/3	Near-haploid B-lymphoblastic leukemia/lymphoma with hypodiploidy	NULL
9817/3	B lymphoblastic leukemia/lymphoma with t(5;14)(q31;q32); IL3-IGH	1
9817/3	B-ALL with IGH::IL3 fusion	NULL
9817/3	B-lymphoblastic leukemia/lymphoma with IGH::IL3 fusion	NULL
9817/3	B-lymphoblastic leukemia/lymphoma with t(5;14)(q31;q32); IL3::IGH	NULL
9818/3	B lymphoblastic leukemia/lymphoma with t(1;19)(q23;p13.3); E2A-PBX1 (TCF3-PBX1)	NULL
9818/3	B-ALL with TCF3::HLF fusion	NULL
9818/3	B-ALL with TCF3::PBX1 fusion	NULL
9818/3	B-lymphoblastic leukemia/lymphoma with t(1;19)(q23;p13.3); E2A::PBX1 (TCF3::PBX1)	NULL
9818/3	B-lymphoblastic leukemia/lymphoma with TCF3::HLF fusion	NULL
9818/3	B-lymphoblastic leukemia/lymphoma with TCF3::PBX1	NULL
9818/3	B-lymphoblastic leukemia/lymphoma with TCF3::PBX1 fusion	NULL
9819/3	B lymphoblastic leukemia/lymphoma, BCR-ABL1-like	1
9819/3	B-ALL with BCR::ABL1-like (Ph-like) features	NULL
9819/3	BCR::ABL1-like B-ALL/LBL	NULL
9819/3	B-lymphoblastic leukemia/lymphoma with BCR::ABL1-like features	NULL
9819/3	B-lymphoblastic leukemia/lymphoma, BCR::ABL1-like	NULL
9819/3	Philadelphia-like (Ph-like) B-ALL	NULL
9820/3	Aleukemic lymphatic leukemia	NULL
9820/3	Aleukemic lymphocytic leukemia	NULL
9820/3	Aleukemic lymphoid leukemia	NULL
9820/3	Lymphatic leukemia, NOS	NULL
9820/3	Lymphocytic leukemia, NOS	NULL
9820/3	Lymphoid leukemia, NOS	1
9820/3	Lymphosarcoma cell leukemia	NULL
9820/3	Subacute lymphatic leukemia	NULL
9820/3	Subacute lymphocytic leukemia	NULL
9820/3	Subacute lymphoid leukemia	NULL
9823/1	MBL, low count or clonal B-cell expansion (CLL/SLL) type	NULL
9823/1	Monoclonal B-cell lymphocytosis, chronic lymphocytic leukemia type	NULL
9823/1	Monoclonal B-cell lymphocytosis, chronic lymphocytic leukemia/small lymphocytic lymphoma (CLL/SLL) type	NULL
9823/1	Monoclonal B-cell lymphocytosis, CLL type	1
9823/3	B-cell chronic lymphocytic leukemia/small lymphocytic lymphoma	1
9823/3	Chronic lymphatic leukemia	NULL
9823/3	Chronic lymphocytic leukemia	NULL
9823/3	Chronic lymphocytic leukemia, B-cell type	NULL
9823/3	Chronic lymphoid leukemia	NULL
9823/3	Chronic lymphocytic leukemia/small lymphocytic lymphoma	NULL
9823/3	Malignant lymphoma, lymphocytic, diffuse, NOS	NULL
9823/3	Malignant lymphoma, lymphocytic, NOS	NULL
9823/3	Malignant lymphoma, lymphocytic, well-differentiated, diffuse	NULL
9823/3	Malignant lymphoma, small B lymphocytic, NOS	NULL
9823/3	Malignant lymphoma, small cell diffuse	NULL
9823/3	Malignant lymphoma, small cell, NOS	NULL
9823/3	Malignant lymphoma, small lymphocytic, diffuse	NULL
9823/3	Malignant lymphoma, small lymphocytic, NOS	NULL
9827/3	Acute adult T-cell leukemia/lymphoma	NULL
9827/3	Adult T-cell leukemia	NULL
9827/3	Adult T-cell leukemia/lymphoma	NULL
9827/3	Adult T-cell leukemia/lymphoma (HTLV-1 positive)	1
9827/3	Adult T-cell leukemia/lymphoma, HTLV-1 associated	NULL
9827/3	Adult T-cell lymphoma	NULL
9827/3	Adult T-cell lymphoma/leukemia	NULL
9827/3	Adult T-cell lymphoma/leukemia, acute	NULL
9827/3	Adult T-cell lymphoma/leukemia, chronic	NULL
9827/3	Adult T-cell lymphoma/leukemia, lymphoma	NULL
9827/3	Adult T-cell lymphoma/leukemia, lymphomatous	NULL
9827/3	Adult T-cell lymphoma/leukemia, smoldering	NULL
9827/3	Chronic adult T-cell leukemia/lymphoma	NULL
9827/3	Cutaneous adult T-cell leukemia/lymphoma	NULL
9827/3	Lymphomatous adult T-cell leukemia/lymphoma	NULL
9827/3	Smouldering adult T-cell leukemia/lymphoma	NULL
9831/3	Chronic lymphoproliferative disorder of NK cells	NULL
9831/3	Chronic NK-large granular lymphocyte lymphoproliferative disorder	NULL
9831/3	Large granular lymphocytosis, NOS	NULL
9831/3	NK-cell large granular lymphocytic leukemia	NULL
9831/3	NK-large granular lymphocytic leukemia	NULL
9831/3	T-cell large granular lymphocytic leukemia	1
9831/3	T-cell large granular lymphocytosis	NULL
9831/3	T-cell lymphoproliferative disease of granular lymphocytes	NULL
9831/3	T-large granular lymphocytic leukemia	NULL
9832/3	Prolymphocytic leukemia, NOS	1
9834/3	Prolymphocytic leukemia, T-cell type	1
9834/3	T-cell prolymphocytic leukemia	NULL
9834/3	T-prolymphocytic leukemia	NULL
9837/3	Cortical T ALL	NULL
9837/3	Cortical T-lymphoblastic leukemia/lymphoma	NULL
9837/3	Early T lymphoblastic leukemia/lymphoma	NULL
9837/3	Early T-cell precursor acute lymphoblastic leukemia	NULL
9837/3	Early thymic precursor T-lymphoblastic leukemia/lymphoma	NULL
9837/3	Early T-precursor lymphoblastic leukemia/lymphoma	NULL
9837/3	Mature T ALL	NULL
9837/3	Medullary T-lymphoblastic leukemia/lymphoma	NULL
9837/3	Precursor T-cell lymphoblastic leukemia	1
9837/3	Precursor T-cell lymphoblastic lymphoma	NULL
9837/3	Precursor T-lymphoblastic leukemia/lymphoma	NULL
9837/3	Pre-T ALL	NULL
9837/3	Pro-T ALL	NULL
9837/3	T lymphoblastic leukemia/lymphoma	NULL
9837/3	T-cell acute lymphoblastic leukemia	NULL
9840/3	Acute erythremia	NULL
9840/3	Acute erythremic myelosis	NULL
9840/3	Acute erythroid leukemia	1
9840/3	Acute myeloid leukemia, M6 type	NULL
9840/3	AML M6	NULL
9840/3	Di Guglielmo disease	NULL
9840/3	Erythremic myelosis, NOS	NULL
9840/3	Erythroleukemia	NULL
9840/3	FAB M6	NULL
9840/3	M6A	NULL
9840/3	M6B	NULL
9840/3	Pure erythroid leukemia	NULL
9860/0	Clonal hematopoiesis (CH)	NULL
9860/0	Clonal hematopoiesis of indeterminate potential	NULL
9860/0	Clonal hematopoiesis of indeterminate potential (CHIP)	NULL
9860/0	Clonal hematopoiesis, age related (ARCH)	NULL
9860/0	Clonal hematopoiesis, NOS	NULL
9860/0	VEXAS syndrome	NULL
9860/3	Aleukemic granulocytic leukemia	NULL
9860/3	Aleukemic monocytic leukemia	NULL
9860/3	Aleukemic myelogenous leukemia	NULL
9860/3	Aleukemic myeloid leukemia	NULL
9860/3	Chronic monocytic leukemia	NULL
9860/3	Eosinophilic leukemia, NOS	NULL
9860/3	Granulocytic leukemia, NOS	NULL
9860/3	Monocytic leukemia, NOS	NULL
9860/3	Myelocytic leukemia, NOS	NULL
9860/3	Myelogenous leukemia, NOS	NULL
9860/3	Myeloid leukemia, NOS	1
9860/3	Myelomonocytic leukemia, NOS	NULL
9860/3	Non-lymphocytic leukemia, NOS	NULL
9860/3	Subacute granulocytic leukemia	NULL
9860/3	Subacute monocytic leukemia	NULL
9860/3	Subacute myelogenous leukemia	NULL
9860/3	Subacute myeloid leukemia	NULL
9861/3	Acute granulocytic leukemia	NULL
9861/3	Acute myelocytic leukemia	NULL
9861/3	Acute myelogenous leukemia	NULL
9861/3	Acute myeloid leukemia (AML), NOS	NULL
9861/3	Acute myeloid leukemia with CBFA2T3::GLIS2 fusion	NULL
9861/3	Acute myeloid leukemia with DEK::NUP214 fusion	NULL
9861/3	Acute myeloid leukemia with FUS::ERG fusion	NULL
9861/3	Acute myeloid leukemia with KAT6A::CREBBP fusion	NULL
9861/3	Acute myeloid leukemia with MNX1::ETV6 fusion	NULL
9861/3	Acute myeloid leukemia with NPM1::MLF1 fusion	NULL
9861/3	Acute myeloid leukemia with NUP98 rearrangement	NULL
9861/3	Acute myeloid leukemia with other defined genetic alterations	NULL
9861/3	Acute myeloid leukemia with RUNX1T3(CBFA2T3)::GLIS2	NULL
9861/3	Acute myeloid leukemia, NOS	1
9861/3	Acute non-lymphocytic leukemia	NULL
9861/3	AML with CBFA2T3::GLIS2 fusion	NULL
9861/3	AML with KAT6A::CREBBP fusion	NULL
9861/3	AML with MNX1::ETV6 fusion	NULL
9861/3	AML with NUP98 rearrangement	NULL
9863/3	Chronic granulocytic leukemia, NOS	NULL
9863/3	Chronic myelocytic leukemia, NOS	NULL
9863/3	Chronic myelogenous leukemia, NOS	NULL
9863/3	Chronic myeloid leukemia, NOS	1
9865/3	Acute myeloid leukemia with DEK::NUP214 fusion	NULL
9865/3	Acute myeloid leukemia with t(6;9)(p22.3;q34.1)	NULL
9865/3	Acute myeloid leukemia with t(6;9)(p23;q34); DEK-NUP214	1
9865/3	AML with DEK::NUP214 fusion	NULL
9866/3	Acute myeloid leukemia, PML/RAR-alpha	NULL
9866/3	Acute myeloid leukemia, PML::RAR-alpha	NULL
9866/3	Acute myeloid leukemia, t(15;17)(q22;q11-12)	NULL
9866/3	Acute promyelocytic leukemia with a variant RARA translocation	NULL
9866/3	Acute promyelocytic leukemia with PML::RARA fusion	NULL
9866/3	Acute promyelocytic leukemia with t(15;17)(q24.1;q21.2)	NULL
9866/3	Acute promyelocytic leukemia, NOS	NULL
9866/3	Acute promyelocytic leukemia, PML/RAR-alpha	NULL
9866/3	Acute promyelocytic leukemia, PML::RAR-alpha	NULL
9866/3	Acute promyelocytic leukemia, t(15;17)(q22;q11-12)	1
9866/3	FAB M3	NULL
9867/3	Acute myelomonocytic leukemia, NOS	1
9867/3	FAB M4	NULL
9869/3	Acute myeloid leukemia with EVI1 rearrangement	NULL
9869/3	Acute myeloid leukemia with inv(3)(q21;q26.2) or t(3;3)(q21;q26.2); RPN1::EVI1	NULL
9869/3	Acute myeloid leukemia with inv(3)(q21;q26.2) or t(3;3)(q21;q26.2); RPN1-EVI1	1
9869/3	Acute myeloid leukemia with MECOM rearrangement	NULL
9869/3	AML with MECOM rearrangement	NULL
9870/3	Acute basophilic leukemia	1
9870/3	Acute basophilic leukemia with t(X;6)(p11;q23); MYB::GATA1	NULL
9871/3	Acute myeloid leukemia with abnormal marrow eosinophils	1
9871/3	Acute myeloid leukemia with CBFB rearrangement	NULL
9871/3	Acute myeloid leukemia with CBFB::MYH11 fusion	NULL
9871/3	Acute myeloid leukemia with inv(16)(p13.1;q22)	NULL
9871/3	Acute myeloid leukemia with t(16;16)(p13.1;q22)	NULL
9871/3	Acute myeloid leukemia, CBF-beta/MYH11	NULL
9871/3	Acute myeloid leukemia, CBF-beta::MYH11	NULL
9871/3	Acute myeloid leukemia, inv(16)(p13;1q22)	NULL
9871/3	Acute myeloid leukemia, inv(16)(p13;q22)	NULL
9871/3	Acute myeloid leukemia, t(16;16)(p13;q11)	NULL
9871/3	Acute myelomonocytic leukemia with abnormal eosinophils	NULL
9871/3	AML with CBFB::MYH11 fusion	NULL
9871/3	FAB M4Eo	NULL
9872/3	Acute myeloblastic leukemia	NULL
9872/3	Acute myeloid leukemia with minimal differentiation	NULL
9872/3	Acute myeloid leukemia, minimal differentiation	1
9872/3	AML with minimal differentiation	NULL
9872/3	FAB M0	NULL
9873/3	Acute myeloid leukemia without maturation	1
9873/3	AML without maturation	NULL
9873/3	FAB M1	NULL
9874/3	Acute myeloid leukemia with maturation	1
9874/3	AML with maturation	NULL
9874/3	FAB M2, NOS	NULL
9875/3	Chronic granulocytic leukemia, BCR/ABL	NULL
9875/3	Chronic granulocytic leukemia, BCR::ABL1	NULL
9875/3	Chronic granulocytic leukemia, Philadelphia chromosome (Ph1) positive	NULL
9875/3	Chronic granulocytic leukemia, t(9;22)(q34;q11)	NULL
9875/3	Chronic myelogenous leukemia, BCR/ABL positive	1
9875/3	Chronic myelogenous leukemia, BCR::ABL1 positive	NULL
9875/3	Chronic myelogenous leukemia, Philadelphia chromosome (Ph1) positive	NULL
9875/3	Chronic myelogenous leukemia, t(9;22)(q34;q11)	NULL
9875/3	Chronic myeloid leukemia (CML), BCR::ABL1	NULL
9875/3	Chronic myeloid leukemia, BCR::ABL1	NULL
9875/3	Chronic myeloid leukemia, Philadelphia chromosome (Ph1) positive	NULL
9875/3	Chronic myeloid leukemia, Philadelphia chromosome-positive (Ph+)	NULL
9875/3	Chronic myeloid leukemia, t(9;22)(q34;q11)	NULL
9876/3	Atypical chronic myeloid leukemia, BCR/ABL negative	1
9876/3	Atypical chronic myeloid leukemia, BCR::ABL1 negative	NULL
9876/3	Atypical chronic myeloid leukemia, Philadelphia chromosome (Ph1) negative	NULL
9876/3	Myelodysplastic/myeloproliferative neoplasm with neutrophilia	NULL
9877/3	Acute myeloid leukemia with mutated NPM1	1
9877/3	Acute myeloid leukemia with NPM1 mutation	NULL
9877/3	AML with NPM1 mutation	NULL
9878/3	Acute myeloid leukemia with biallelic mutation of CEBPA	1
9878/3	Acute myeloid leukemia with CEBPA mutation	NULL
9878/3	AML with CEBPA mutation	NULL
9879/3	Acute myeloid leukemia with mutated RUNX1	1
9891/3	Acute monoblastic and monocytic leukemia	NULL
9891/3	Acute monoblastic leukemia	NULL
9891/3	Acute monocytic leukemia	1
9891/3	FAB M5	NULL
9891/3	Monoblastic leukemia, NOS	NULL
9895/3	Acute myeloid leukemia post myelodysplastic neoplasm	NULL
9895/3	Acute myeloid leukemia post myelodysplastic-myeloproliferative neoplasm	NULL
9895/3	Acute myeloid leukemia with multilineage dysplasia	NULL
9895/3	Acute myeloid leukemia with myelodysplasia-related changes	NULL
9895/3	Acute myeloid leukemia with prior myelodysplastic syndrome	NULL
9895/3	Acute myeloid leukemia without prior myelodysplastic syndrome	NULL
9895/3	Acute myeloid leukemia, myelodysplasia-related	NULL
9896/3	Acute myeloid leukemia with RUNX1::RUNX1T1 fusion	NULL
9896/3	Acute myeloid leukemia with t(8;21)(q22;q22.1)	NULL
9896/3	Acute myeloid leukemia, AML1(CBF-alpha)/ETO	NULL
9896/3	Acute myeloid leukemia, AML1(CBF-alpha)::ETO	NULL
9896/3	Acute myeloid leukemia, FLT3-TKD	NULL
9896/3	Acute myeloid leukemia, t(8;21)(q22;q22)	1
9896/3	AML with RUNX1::RUNX1T1 fusion	NULL
9896/3	FAB M2, AML1(CBF-alpha)/ETO	NULL
9896/3	FAB M2, AML1(CBF-alpha)::ETO	NULL
9896/3	FAB M2, t(8;21)(q22;q22)	NULL
9897/3	Acute myeloid leukemia with KMT2A rearrangement	NULL
9897/3	Acute myeloid leukemia with KMT2A::MLLT3	NULL
9897/3	Acute myeloid leukemia with KMT2A::MLLT3 or other exact fusion	NULL
9897/3	Acute myeloid leukemia with t(9;11)(p21.3;q23.3) or other exact balanced translocation	NULL
9897/3	Acute myeloid leukemia with t(9;11)(p22;q23) with KMT2A-MLLT3 or other exact fusion	NULL
9897/3	Acute myeloid leukemia with t(9;11)(p22;q23); MLLT3::MLL	NULL
9897/3	Acute myeloid leukemia, 11q23 abnormalities	1
9897/3	Acute myeloid leukemia, MLL	NULL
9897/3	AML with KMT2A rearrangement	NULL
9898/1	Transient abnormal myelopoiesis	1
9898/3	Myeloid leukemia associated with Down Syndrome	1
9910/3	Acute megakaryoblastic leukemia	1
9910/3	FAB M7	NULL
9910/3	Megakaryocytic leukemia	NULL
9911/3	Acute megakaryoblastic leukemia with RBM15::MRTFA	NULL
9911/3	Acute myeloid leukemia (megakaryoblastic) with t(1;22)(p13;q13); RBM15::MKL1	NULL
9911/3	Acute myeloid leukemia (megakaryoblastic) with t(1;22)(p13;q13); RBM15-MKL1	1
9911/3	Acute myeloid leukemia with RBM15::MRTFA fusion	NULL
9911/3	AML with RBM15::MRTFA fusion	NULL
9912/3	Acute myeloid leukemia with BCR::ABL1	NULL
9912/3	Acute myeloid leukemia with BCR::ABL1 fusion	NULL
9912/3	Acute myeloid leukemia with BCR-ABL1	NULL
9912/3	Acute myeloid leukemia with t(9;22)(q34;q11.2)	NULL
9912/3	AML with BCR::ABL1 fusion	NULL
9920/3	Acute myeloid leukemia post cytotoxic therapy	NULL
9920/3	Myelodysplastic/myeloproliferative neoplasm post cytotoxic therapy	NULL
9920/3	Myeloid neoplasm post cytotoxic therapy	NULL
9920/3	Therapy-related acute myeloid leukemia, alkylating agent related	NULL
9920/3	Therapy-related acute myeloid leukemia, epipodophyllotoxin-related	NULL
9920/3	Therapy-related acute myeloid leukemia, NOS	NULL
9920/3	Therapy-related myeloid neoplasm	1
9930/3	Chloroma	NULL
9930/3	Granulocytic sarcoma	NULL
9930/3	Myeloid sarcoma	1
9931/3	Acute myelofibrosis	NULL
9931/3	Acute myelosclerosis, NOS	NULL
9931/3	Acute panmyelosis with myelofibrosis	1
9931/3	Acute panmyelosis, NOS	NULL
9931/3	Malignant myelosclerosis	NULL
9940/3	Hairy cell leukemia, NOS	1
9940/3	Leukemic reticuloendotheliosis	NULL
9945/3	Chronic myelomonocytic leukemia in transformation	NULL
9945/3	Chronic myelomonocytic leukemia, NOS	1
9945/3	Chronic myelomonocytic leukemia, Type I	NULL
9945/3	Chronic myelomonocytic leukemia, Type II	NULL
9945/3	Myelodysplastic chronic myelomonocytic leukemia	NULL
9945/3	Myelodysplastic chronic myelomonocytic leukemia (MD-CMML)	NULL
9945/3	Myeloproliferative chronic myelomonocytic leukemia	NULL
9945/3	Myeloproliferative chronic myelomonocytic leukemia (MP-CMML)	NULL
9946/3	JMML in children with CBL syndrome	NULL
9946/3	JMML in neurofibromatosis type 1 (NF1)	NULL
9946/3	JMML-like disorders in children with Noonan syndrome (NS)	NULL
9946/3	Juvenile chronic myelomonocytic leukemia	NULL
9946/3	Juvenile myelomonocytic leukemia (JMML)	NULL
9946/3	Juvenile myelomonocytic leukemia in children with CBL syndrome	NULL
9946/3	Juvenile myelomonocytic leukemia in neurofibromatosis type 1 (NF1)	NULL
9946/3	Juvenile myelomonocytic leukemia, NOS	1
9946/3	Juvenile myelomonocytic leukemia-like disorders in children with Noonan syndrome (NS)	NULL
9946/3	KRAS-mutated JMML	NULL
9946/3	KRAS-mutated juvenile myelomonocytic leukemia	NULL
9946/3	NRAS-mutated JMML	NULL
9946/3	NRAS-mutated juvenile myelomonocytic leukemia	NULL
9946/3	PTPN11-mutated JMML	NULL
9946/3	PTPN11-mutated juvenile myelomonocytic leukemia	NULL
9948/3	Aggressive NK-cell leukemia	1
9948/3	Aggressive NK-cell leukemia/lymphoma	NULL
9950/3	Chronic erythremia	NULL
9950/3	Polycythemia rubra vera	NULL
9950/3	Polycythemia vera	1
9950/3	Proliferative polycythemia	NULL
9961/3	Agnogenic myeloid metaplasia	NULL
9961/3	Chronic idiopathic myelofibrosis	NULL
9961/3	Megakaryocytic myelosclerosis	NULL
9961/3	Myelofibrosis as a result of myeloproliferative disease	NULL
9961/3	Myelofibrosis with myeloid metaplasia	NULL
9961/3	Myelosclerosis with myeloid metaplasia	NULL
9961/3	Primary myelofibrosis, fibrotic	NULL
9961/3	Primary myelofibrosis, NOS	NULL
9961/3	Primary myelofibrosis, prefibrotic	NULL
9962/3	Essential hemorrhagic thrombocythemia	NULL
9962/3	Essential thrombocythemia	1
9962/3	Idiopathic hemorrhagic thrombocythemia	NULL
9962/3	Idiopathic thrombocythemia	NULL
9963/3	Chronic neutrophilic leukemia	1
9964/3	Chronic eosinophilic leukemia	1
9964/3	Hypereosinophilic syndrome	NULL
9965/3	Myeloid or lymphoid neoplasm with PDGFRA rearrangement	1
9965/3	Myeloid/lymphoid neoplasm with PDGFRA rearrangement	NULL
9966/3	Chronic myelomonocytic leukemia with eosinophilia associated with t(5;12)	NULL
9966/3	Myeloid neoplasm associated with PDGFRB rearrangement	NULL
9966/3	Myeloid neoplasm with PDGFRB rearrangement	1
9966/3	Myeloid neoplasms associated with PDGFRB rearrangement	NULL
9966/3	Myeloid/lymphoid neoplasm with PDGFRB rearrangement	NULL
9967/3	Myeloid or lymphoid neoplasm with FGFR1 abnormalities	1
9967/3	Myeloid/lymphoid neoplasm with FGFR1 rearrangement	NULL
9968/3	Myeloid or lymphoid neoplasm with PCM1-JAK2	1
9968/3	Myeloid/lymphoid neoplasm with ETV6::ABL1 fusion	NULL
9968/3	Myeloid/lymphoid neoplasm with FLT3 rearrangement	NULL
9968/3	Myeloid/lymphoid neoplasm with JAK2 rearrangement	NULL
9968/3	Myeloid/lymphoid neoplasm with other tyrosine kinase fusion genes	NULL
9968/3	Myeloid/lymphoid neoplasm with PCM1::JAK2	NULL
9970/1	Lymphoproliferative disease, NOS	NULL
9970/1	Lymphoproliferative disorder, NOS	1
9975/3	Myelodysplastic/myeloproliferative neoplasm, NOS (unclassifiable)	NULL
9975/3	Myelodysplastic/myeloproliferative neoplasm, unclassifiable	NULL
9975/3	Myeloproliferative disease, NOS	NULL
9975/3	Myeloproliferative neoplasm, NOS (unclassifiable)	NULL
9975/3	Myeloproliferative neoplasm, unclassifiable	1
9980/1	Clonal cytopenia of undetermined significance	NULL
9980/3	Myelodysplastic neoplasm with low blasts and single-lineage dysplasia	NULL
9980/3	Myelodysplastic syndrome with single lineage dysplasia	1
9980/3	Refractory anemia without sideroblasts	NULL
9980/3	Refractory anemia, NOS	NULL
9980/3	Refractory neutropenia	NULL
9980/3	Refractory thrombocytopenia	NULL
9982/3	MDS with low blasts and ring sideroblasts	NULL
9982/3	Myelodysplastic neoplasm with low blast count and SF3B1	NULL
9982/3	Myelodysplastic neoplasm with low blasts and SF3B1 mutation	NULL
9982/3	Myelodysplastic syndrome with ring sideroblasts and single lineage dysplasia	1
9982/3	Myelodysplastic syndrome with ring sideroblasts, NOS	NULL
9982/3	Myelodysplastic/myeloproliferative neoplasm (MDS/MPN) with ring sideroblasts and thrombocytosis	NULL
9982/3	Myelodysplastic/myeloproliferative neoplasm with SF3B1 mutation and thrombocytosis	NULL
9982/3	RARS	NULL
9982/3	Refractory anemia with ring sideroblasts associated with marked thrombocytosis	NULL
9982/3	Refractory anemia with ring sideroblasts, NOS	NULL
9982/3	Refractory anemia with sideroblasts	NULL
9983/3	Childhood myelodysplastic neoplasm with excess blasts	NULL
9983/3	Childhood myelodysplastic neoplasm with increased blasts	NULL
9983/3	MDS with excess blasts 1	NULL
9983/3	MDS with excess blasts 2	NULL
9983/3	MDS with increased blasts and fibrosis (MDS-F)	NULL
9983/3	MDS with increased blasts-1 (MDS-IB1)	NULL
9983/3	MDS with increased blasts-2 (MDS-IB2)	NULL
9983/3	Myelodysplastic neoplasm with increased blasts	NULL
9983/3	Myelodysplastic neoplasm with increased blasts and fibrosis	NULL
9983/3	Myelodysplastic syndrome with excess blasts	1
9983/3	Myelodysplastic syndrome with excess blasts (childhood myelodysplastic neoplasm with increased blasts)	NULL
9983/3	Myelodysplastic syndrome with increased blasts	NULL
9983/3	RAEB I	NULL
9983/3	RAEB II	NULL
9983/3	RAEB, NOS	NULL
9983/3	Refractory anemia with excess blasts, NOS	NULL
9985/3	Childhood myelodysplastic neoplasm with low blasts, hypocellular	NULL
9985/3	Childhood myelodysplastic neoplasm with low blasts, NOS	NULL
9985/3	Myelodysplastic neoplasm with biallelic TP53 inactivation	NULL
9985/3	Myelodysplastic neoplasm with low blasts and multilineage dysplasia	NULL
9985/3	Myelodysplastic neoplasm with low blasts, NOS	NULL
9985/3	Myelodysplastic neoplasm with multi-hit TP53 inactivation	NULL
9985/3	Myelodysplastic neoplasm with muti-hit TP53 inactivation	NULL
9985/3	Myelodysplastic neoplasm, hypoplastic	NULL
9985/3	Myelodysplastic syndrome with multilineage dysplasia	1
9985/3	Refractory cytopenia of childhood	NULL
9985/3	Refractory cytopenia of childhood (childhood myelodysplastic neoplasm with low blasts)	NULL
9985/3	Refractory cytopenia with multilineage dysplasia	NULL
9986/3	Myelodysplastic neoplasm with low blasts and 5q deletion	NULL
9986/3	Myelodysplastic syndrome with 5q deletion (5q-) syndrome	NULL
9986/3	Myelodysplastic syndrome with del(5q)	NULL
9986/3	Myelodysplastic syndrome with isolated del (5q)	1
9986/3	Myelodysplastic syndrome with low blasts and 5q deletion	NULL
9987/3	Myelodysplastic neoplasm post cytotoxic therapy	NULL
9987/3	Myelodysplastic neoplasm post cytotoxic therapy, alkylating agent related	NULL
9987/3	Myelodysplastic neoplasm post cytotoxic therapy, epipodophyllotoxin-related	NULL
9989/3	Myelodysplastic neoplasm, NOS	NULL
9989/3	Myelodysplastic syndrome, NOS	1
9989/3	Myelodysplastic syndrome, unclassifiable	NULL
9989/3	Preleukemia	NULL
9989/3	Preleukemic syndrome	NULL
9993/3	Myelodysplastic syndrome with ring sideroblasts and multilineage dysplasia	1